docker : time="2026-09-17T11:
57:23+05:30" level=warning ms
g="C:\\Users\\sharm\\OneDrive
\\Desktop\\PR\\kanha-collecti
on\\backend\\docker-compose.y
ml: the attribute `version` 
is obsolete, it will be 
ignored, please remove it to 
avoid potential confusion"
At line:1 char:1
+ docker compose build 
--no-cache > build-error.log 
2>&1
+ ~~~~~~~~~~~~~~~~~~~~~~~~~~~
~~~~~~~~~~~~~~~~~~~~~~~~~~~
    + CategoryInfo           
   : NotSpecifi    ed: 
(time="2026-09    -1...tial 
confusio    n":String) [], 
Rem    oteException
    + FullyQualifiedEr    
rorId : NativeComm    
andError
 
 Image backend-backend 
Building 
#1 [internal] load local bake definitions
#1 reading from stdin 613B done
#1 DONE 0.0s

#2 [internal] load build definition from Dockerfile
#2 transferring dockerfile: 779B 0.0s done
#2 DONE 0.0s

#3 [internal] load metadata for docker.io/library/eclipse-temurin:17-jre-alpine
#3 DONE 1.1s

#4 [internal] load metadata for docker.io/library/maven:3.9.6-eclipse-temurin-17-alpine
#4 DONE 1.1s

#5 [internal] load .dockerignore
#5 transferring context: 2B done
#5 DONE 0.0s

#6 [internal] load build context
#6 DONE 0.0s

#7 [stage-1 1/4] FROM docker.io/library/eclipse-temurin:17-jre-alpine@sha256:27cc0849148c0fd32ee8e95988917becf9bc96a3182a24f99d9763aa8e90f8cb
#7 resolve docker.io/library/eclipse-temurin:17-jre-alpine@sha256:27cc0849148c0fd32ee8e95988917becf9bc96a3182a24f99d9763aa8e90f8cb 0.0s done
#7 DONE 0.0s

#8 [stage-1 2/4] WORKDIR /app
#8 CACHED

#9 [builder 1/6] FROM docker.io/library/maven:3.9.6-eclipse-temurin-17-alpine@sha256:ffddac7b04101358048f872fba9d978b2a1f9647955d158c1e565233cb95577d
#9 resolve docker.io/library/maven:3.9.6-eclipse-temurin-17-alpine@sha256:ffddac7b04101358048f872fba9d978b2a1f9647955d158c1e565233cb95577d
#9 resolve docker.io/library/maven:3.9.6-eclipse-temurin-17-alpine@sha256:ffddac7b04101358048f872fba9d978b2a1f9647955d158c1e565233cb95577d 0.0s done
#9 DONE 0.1s

#10 [builder 2/6] WORKDIR /app
#10 CACHED

#6 [internal] load build context
#6 transferring context: 17.25kB 0.0s done
#6 DONE 0.0s

#11 [builder 3/6] COPY pom.xml .
#11 DONE 0.1s

#12 [stage-1 3/4] RUN addgroup -S kanha && adduser -S kanha -G kanha
#12 DONE 0.7s

#13 [builder 4/6] RUN mvn dependency:go-offline -B
#13 1.780 [INFO] Scanning for projects...
#13 1.966 [INFO] Downloading from central: https://repo.maven.apache.org/maven2/org/springframework/boot/spring-boot-starter-parent/3.3.4/spring-boot-starter-parent-3.3.4.pom
#13 2.248 [INFO] Downloaded from central: https://repo.maven.apache.org/maven2/org/springframework/boot/spring-boot-starter-parent/3.3.4/spring-boot-starter-parent-3.3.4.pom (13 kB at 47 kB/s)
#13 2.264 [INFO] Downloading from central: https://repo.maven.apache.org/maven2/org/springframework/boot/spring-boot-dependencies/3.3.4/spring-boot-dependencies-3.3.4.pom
#13 2.319 [INFO] Downloaded from central: https://repo.maven.apache.org/maven2/org/springframework/boot/spring-boot-dependencies/3.3.4/spring-boot-dependencies-3.3.4.pom (100 kB at 1.8 MB/s)
#13 2.371 [INFO] Downloading from central: https://repo.maven.apache.org/maven2/org/apache/activemq/activemq-bom/6.1.3/activemq-bom-6.1.3.pom
#13 2.423 [INFO] Downloaded from central: https://repo.maven.apache.org/maven2/org/apache/activemq/activemq-bom/6.1.3/activemq-bom-6.1.3.pom (7.9 kB at 152 kB/s)
#13 2.428 [INFO] Downloading from central: https://repo.maven.apache.org/maven2/org/apache/activemq/artemis-bom/2.33.0/artemis-bom-2.33.0.pom
#13 2.468 [INFO] Downloaded from central: https://repo.maven.apache.org/maven2/org/apache/activemq/artemis-bom/2.33.0/artemis-bom-2.33.0.pom (9.6 kB at 241 kB/s)
#13 2.471 [INFO] Downloading from central: https://repo.maven.apache.org/maven2/org/apache/activemq/artemis-project/2.33.0/artemis-project-2.33.0.pom
#13 2.516 [INFO] Downloaded from central: https://repo.maven.apache.org/maven2/org/apache/activemq/artemis-project/2.33.0/artemis-project-2.33.0.pom (64 kB at 1.4 MB/s)
#13 2.530 [INFO] Downloading from central: https://repo.maven.apache.org/maven2/org/apache/apache/31/apache-31.pom
#13 2.569 [INFO] Downloaded from central: https://repo.maven.apache.org/maven2/org/apache/apache/31/apache-31.pom (24 kB at 619 kB/s)
#13 2.576 [INFO] Downloading from central: https://repo.maven.apache.org/maven2/org/assertj/assertj-bom/3.25.3/assertj-bom-3.25.3.pom
#13 2.619 [INFO] Downloaded from central: https://repo.maven.apache.org/maven2/org/assertj/assertj-bom/3.25.3/assertj-bom-3.25.3.pom (3.7 kB at 88 kB/s)
#13 2.622 [INFO] Downloading from central: https://repo.maven.apache.org/maven2/io/zipkin/reporter2/zipkin-reporter-bom/3.4.2/zipkin-reporter-bom-3.4.2.pom
#13 2.670 [INFO] Downloaded from central: https://repo.maven.apache.org/maven2/io/zipkin/reporter2/zipkin-reporter-bom/3.4.2/zipkin-reporter-bom-3.4.2.pom (6.4 kB at 133 kB/s)
#13 2.675 [INFO] Downloading from central: https://repo.maven.apache.org/maven2/io/zipkin/brave/brave-bom/6.0.3/brave-bom-6.0.3.pom
#13 2.720 [INFO] Downloaded from central: https://repo.maven.apache.org/maven2/io/zipkin/brave/brave-bom/6.0.3/brave-bom-6.0.3.pom (11 kB at 244 kB/s)
#13 2.723 [INFO] Downloading from central: https://repo.maven.apache.org/maven2/org/apache/cassandra/java-driver-bom/4.18.1/java-driver-bom-4.18.1.pom
#13 2.762 [INFO] Downloaded from central: https://repo.maven.apache.org/maven2/org/apache/cassandra/java-driver-bom/4.18.1/java-driver-bom-4.18.1.pom (5.5 kB at 140 kB/s)
#13 2.765 [INFO] Downloading from central: https://repo.maven.apache.org/maven2/org/glassfish/jaxb/jaxb-bom/4.0.5/jaxb-bom-4.0.5.pom
#13 2.802 [INFO] Downloaded from central: https://repo.maven.apache.org/maven2/org/glassfish/jaxb/jaxb-bom/4.0.5/jaxb-bom-4.0.5.pom (12 kB at 323 kB/s)
#13 2.804 [INFO] Downloading from central: https://repo.maven.apache.org/maven2/org/eclipse/ee4j/project/1.0.9/project-1.0.9.pom
#13 2.841 [INFO] Downloaded from central: https://repo.maven.apache.org/maven2/org/eclipse/ee4j/project/1.0.9/project-1.0.9.pom (16 kB at 436 kB/s)
#13 2.847 [INFO] Downloading from central: https://repo.maven.apache.org/maven2/org/apache/groovy/groovy-bom/4.0.23/groovy-bom-4.0.23.pom
#13 2.890 [INFO] Downloaded from central: https://repo.maven.apache.org/maven2/org/apache/groovy/groovy-bom/4.0.23/groovy-bom-4.0.23.pom (27 kB at 634 kB/s)
#13 2.896 [INFO] Downloading from central: https://repo.maven.apache.org/maven2/org/infinispan/infinispan-bom/15.0.8.Final/infinispan-bom-15.0.8.Final.pom
#13 2.939 [INFO] Downloaded from central: https://repo.maven.apache.org/maven2/org/infinispan/infinispan-bom/15.0.8.Final/infinispan-bom-15.0.8.Final.pom (18 kB at 404 kB/s)
#13 2.943 [INFO] Downloading from central: https://repo.maven.apache.org/maven2/org/infinispan/infinispan-build-configuration-parent/15.0.8.Final/infinispan-build-configuration-parent-15.0.8.Final.pom
#13 2.977 [INFO] Downloaded from central: https://repo.maven.apache.org/maven2/org/infinispan/infinispan-build-configuration-parent/15.0.8.Final/infinispan-build-configuration-parent-15.0.8.Final.pom (19 kB at 569 kB/s)
#13 2.980 [INFO] Downloading from central: https://repo.maven.apache.org/maven2/org/jboss/jboss-parent/43/jboss-parent-43.pom
#13 3.024 [INFO] Downloaded from central: https://repo.maven.apache.org/maven2/org/jboss/jboss-parent/43/jboss-parent-43.pom (75 kB at 1.7 MB/s)
#13 3.036 [INFO] Downloading from central: https://repo.maven.apache.org/maven2/com/fasterxml/jackson/jackson-bom/2.17.2/jackson-bom-2.17.2.pom
#13 3.084 [INFO] Downloaded from central: https://repo.maven.apache.org/maven2/com/fasterxml/jackson/jackson-bom/2.17.2/jackson-bom-2.17.2.pom (19 kB at 374 kB/s)
#13 3.088 [INFO] Downloading from central: https://repo.maven.apache.org/maven2/com/fasterxml/jackson/jackson-parent/2.17/jackson-parent-2.17.pom
#13 3.131 [INFO] Downloaded from central: https://repo.maven.apache.org/maven2/com/fasterxml/jackson/jackson-parent/2.17/jackson-parent-2.17.pom (6.5 kB at 148 kB/s)
#13 3.133 [INFO] Downloading from central: https://repo.maven.apache.org/maven2/com/fasterxml/oss-parent/58/oss-parent-58.pom
#13 3.173 [INFO] Downloaded from central: https://repo.maven.apache.org/maven2/com/fasterxml/oss-parent/58/oss-parent-58.pom (24 kB at 592 kB/s)
#13 3.179 [INFO] Downloading from central: https://repo.maven.apache.org/maven2/org/glassfish/jersey/jersey-bom/3.1.8/jersey-bom-3.1.8.pom
#13 3.223 [INFO] Downloaded from central: https://repo.maven.apache.org/maven2/org/glassfish/jersey/jersey-bom/3.1.8/jersey-bom-3.1.8.pom (21 kB at 472 kB/s)
#13 3.228 [INFO] Downloading from central: https://repo.maven.apache.org/maven2/org/eclipse/jetty/ee10/jetty-ee10-bom/12.0.13/jetty-ee10-bom-12.0.13.pom
#13 3.272 [INFO] Downloaded from central: https://repo.maven.apache.org/maven2/org/eclipse/jetty/ee10/jetty-ee10-bom/12.0.13/jetty-ee10-bom-12.0.13.pom (9.6 kB at 217 kB/s)
#13 3.278 [INFO] Downloading from central: https://repo.maven.apache.org/maven2/org/eclipse/jetty/jetty-bom/12.0.13/jetty-bom-12.0.13.pom
#13 3.319 [INFO] Downloaded from central: https://repo.maven.apache.org/maven2/org/eclipse/jetty/jetty-bom/12.0.13/jetty-bom-12.0.13.pom (14 kB at 352 kB/s)
#13 3.322 [INFO] Downloading from central: https://repo.maven.apache.org/maven2/org/junit/junit-bom/5.10.3/junit-bom-5.10.3.pom
#13 3.360 [INFO] Downloaded from central: https://repo.maven.apache.org/maven2/org/junit/junit-bom/5.10.3/junit-bom-5.10.3.pom (5.6 kB at 145 kB/s)
#13 3.363 [INFO] Downloading from central: https://repo.maven.apache.org/maven2/org/jetbrains/kotlin/kotlin-bom/1.9.25/kotlin-bom-1.9.25.pom
#13 3.394 [INFO] Downloaded from central: https://repo.maven.apache.org/maven2/org/jetbrains/kotlin/kotlin-bom/1.9.25/kotlin-bom-1.9.25.pom (9.1 kB at 294 kB/s)
#13 3.397 [INFO] Downloading from central: https://repo.maven.apache.org/maven2/org/jetbrains/kotlinx/kotlinx-coroutines-bom/1.8.1/kotlinx-coroutines-bom-1.8.1.pom
#13 3.434 [INFO] Downloaded from central: https://repo.maven.apache.org/maven2/org/jetbrains/kotlinx/kotlinx-coroutines-bom/1.8.1/kotlinx-coroutines-bom-1.8.1.pom (4.3 kB at 116 kB/s)
#13 3.438 [INFO] Downloading from central: https://repo.maven.apache.org/maven2/org/jetbrains/kotlinx/kotlinx-serialization-bom/1.6.3/kotlinx-serialization-bom-1.6.3.pom
#13 3.479 [INFO] Downloaded from central: https://repo.maven.apache.org/maven2/org/jetbrains/kotlinx/kotlinx-serialization-bom/1.6.3/kotlinx-serialization-bom-1.6.3.pom (3.7 kB at 89 kB/s)
#13 3.482 [INFO] Downloading from central: https://repo.maven.apache.org/maven2/org/apache/logging/log4j/log4j-bom/2.23.1/log4j-bom-2.23.1.pom
#13 3.522 [INFO] Downloaded from central: https://repo.maven.apache.org/maven2/org/apache/logging/log4j/log4j-bom/2.23.1/log4j-bom-2.23.1.pom (12 kB at 311 kB/s)
#13 3.524 [INFO] Downloading from central: https://repo.maven.apache.org/maven2/org/apache/logging/logging-parent/10.6.0/logging-parent-10.6.0.pom
#13 3.568 [INFO] Downloaded from central: https://repo.maven.apache.org/maven2/org/apache/logging/logging-parent/10.6.0/logging-parent-10.6.0.pom (54 kB at 1.2 MB/s)
#13 3.581 [INFO] Downloading from central: https://repo.maven.apache.org/maven2/io/micrometer/micrometer-bom/1.13.4/micrometer-bom-1.13.4.pom
#13 3.623 [INFO] Downloaded from central: https://repo.maven.apache.org/maven2/io/micrometer/micrometer-bom/1.13.4/micrometer-bom-1.13.4.pom (8.4 kB at 200 kB/s)
#13 3.627 [INFO] Downloading from central: https://repo.maven.apache.org/maven2/io/micrometer/micrometer-tracing-bom/1.3.4/micrometer-tracing-bom-1.3.4.pom
#13 3.659 [INFO] Downloaded from central: https://repo.maven.apache.org/maven2/io/micrometer/micrometer-tracing-bom/1.3.4/micrometer-tracing-bom-1.3.4.pom (4.5 kB at 141 kB/s)
#13 3.663 [INFO] Downloading from central: https://repo.maven.apache.org/maven2/org/mockito/mockito-bom/5.11.0/mockito-bom-5.11.0.pom
#13 3.699 [INFO] Downloaded from central: https://repo.maven.apache.org/maven2/org/mockito/mockito-bom/5.11.0/mockito-bom-5.11.0.pom (3.0 kB at 82 kB/s)
#13 3.704 [INFO] Downloading from central: https://repo.maven.apache.org/maven2/io/netty/netty-bom/4.1.113.Final/netty-bom-4.1.113.Final.pom
#13 3.744 [INFO] Downloaded from central: https://repo.maven.apache.org/maven2/io/netty/netty-bom/4.1.113.Final/netty-bom-4.1.113.Final.pom (14 kB at 344 kB/s)
#13 3.750 [INFO] Downloading from central: https://repo.maven.apache.org/maven2/org/sonatype/oss/oss-parent/7/oss-parent-7.pom
#13 3.796 [INFO] Downloaded from central: https://repo.maven.apache.org/maven2/org/sonatype/oss/oss-parent/7/oss-parent-7.pom (4.8 kB at 105 kB/s)
#13 3.802 [INFO] Downloading from central: https://repo.maven.apache.org/maven2/com/squareup/okhttp3/okhttp-bom/4.12.0/okhttp-bom-4.12.0.pom
#13 3.841 [INFO] Downloaded from central: https://repo.maven.apache.org/maven2/com/squareup/okhttp3/okhttp-bom/4.12.0/okhttp-bom-4.12.0.pom (3.1 kB at 76 kB/s)
#13 3.859 [INFO] Downloading from central: https://repo.maven.apache.org/maven2/io/opentelemetry/opentelemetry-bom/1.37.0/opentelemetry-bom-1.37.0.pom
#13 3.897 [INFO] Downloaded from central: https://repo.maven.apache.org/maven2/io/opentelemetry/opentelemetry-bom/1.37.0/opentelemetry-bom-1.37.0.pom (5.7 kB at 146 kB/s)
#13 3.901 [INFO] Downloading from central: https://repo.maven.apache.org/maven2/io/prometheus/prometheus-metrics-bom/1.2.1/prometheus-metrics-bom-1.2.1.pom
#13 3.942 [INFO] Downloaded from central: https://repo.maven.apache.org/maven2/io/prometheus/prometheus-metrics-bom/1.2.1/prometheus-metrics-bom-1.2.1.pom (6.1 kB at 148 kB/s)
#13 3.951 [INFO] Downloading from central: https://repo.maven.apache.org/maven2/io/prometheus/client_java/1.2.1/client_java-1.2.1.pom
#13 3.991 [INFO] Downloaded from central: https://repo.maven.apache.org/maven2/io/prometheus/client_java/1.2.1/client_java-1.2.1.pom (13 kB at 332 kB/s)
#13 3.995 [INFO] Downloading from central: https://repo.maven.apache.org/maven2/io/prometheus/simpleclient_bom/0.16.0/simpleclient_bom-0.16.0.pom
#13 4.032 [INFO] Downloaded from central: https://repo.maven.apache.org/maven2/io/prometheus/simpleclient_bom/0.16.0/simpleclient_bom-0.16.0.pom (6.0 kB at 163 kB/s)
#13 4.035 [INFO] Downloading from central: https://repo.maven.apache.org/maven2/io/prometheus/parent/0.16.0/parent-0.16.0.pom
#13 4.076 [INFO] Downloaded from central: https://repo.maven.apache.org/maven2/io/prometheus/parent/0.16.0/parent-0.16.0.pom (13 kB at 305 kB/s)
#13 4.084 [INFO] Downloading from central: https://repo.maven.apache.org/maven2/org/apache/pulsar/pulsar-bom/3.2.4/pulsar-bom-3.2.4.pom
#13 4.128 [INFO] Downloaded from central: https://repo.maven.apache.org/maven2/org/apache/pulsar/pulsar-bom/3.2.4/pulsar-bom-3.2.4.pom (26 kB at 590 kB/s)
#13 4.130 [INFO] Downloading from central: https://repo.maven.apache.org/maven2/org/apache/apache/29/apache-29.pom
#13 4.163 [INFO] Downloaded from central: https://repo.maven.apache.org/maven2/org/apache/apache/29/apache-29.pom (21 kB at 628 kB/s)
#13 4.167 [INFO] Downloading from central: https://repo.maven.apache.org/maven2/com/querydsl/querydsl-bom/5.1.0/querydsl-bom-5.1.0.pom
#13 4.208 [INFO] Downloaded from central: https://repo.maven.apache.org/maven2/com/querydsl/querydsl-bom/5.1.0/querydsl-bom-5.1.0.pom (7.2 kB at 174 kB/s)
#13 4.214 [INFO] Downloading from central: https://repo.maven.apache.org/maven2/io/projectreactor/reactor-bom/2023.0.10/reactor-bom-2023.0.10.pom
#13 4.256 [INFO] Downloaded from central: https://repo.maven.apache.org/maven2/io/projectreactor/reactor-bom/2023.0.10/reactor-bom-2023.0.10.pom (4.8 kB at 114 kB/s)
#13 4.260 [INFO] Downloading from central: https://repo.maven.apache.org/maven2/io/rest-assured/rest-assured-bom/5.4.0/rest-assured-bom-5.4.0.pom
#13 4.304 [INFO] Downloaded from central: https://repo.maven.apache.org/maven2/io/rest-assured/rest-assured-bom/5.4.0/rest-assured-bom-5.4.0.pom (4.5 kB at 102 kB/s)
#13 4.307 [INFO] Downloading from central: https://repo.maven.apache.org/maven2/io/rsocket/rsocket-bom/1.1.3/rsocket-bom-1.1.3.pom
#13 4.348 [INFO] Downloaded from central: https://repo.maven.apache.org/maven2/io/rsocket/rsocket-bom/1.1.3/rsocket-bom-1.1.3.pom (2.6 kB at 64 kB/s)
#13 4.352 [INFO] Downloading from central: https://repo.maven.apache.org/maven2/org/seleniumhq/selenium/selenium-bom/4.19.1/selenium-bom-4.19.1.pom
#13 4.396 [INFO] Downloaded from central: https://repo.maven.apache.org/maven2/org/seleniumhq/selenium/selenium-bom/4.19.1/selenium-bom-4.19.1.pom (6.0 kB at 134 kB/s)
#13 4.401 [INFO] Downloading from central: https://repo.maven.apache.org/maven2/org/springframework/amqp/spring-amqp-bom/3.1.7/spring-amqp-bom-3.1.7.pom
#13 4.440 [INFO] Downloaded from central: https://repo.maven.apache.org/maven2/org/springframework/amqp/spring-amqp-bom/3.1.7/spring-amqp-bom-3.1.7.pom (3.9 kB at 97 kB/s)
#13 4.443 [INFO] Downloading from central: https://repo.maven.apache.org/maven2/org/springframework/batch/spring-batch-bom/5.1.2/spring-batch-bom-5.1.2.pom
#13 4.475 [INFO] Downloaded from central: https://repo.maven.apache.org/maven2/org/springframework/batch/spring-batch-bom/5.1.2/spring-batch-bom-5.1.2.pom (3.2 kB at 101 kB/s)
#13 4.477 [INFO] Downloading from central: https://repo.maven.apache.org/maven2/org/springframework/data/spring-data-bom/2024.0.4/spring-data-bom-2024.0.4.pom
#13 4.525 [INFO] Downloaded from central: https://repo.maven.apache.org/maven2/org/springframework/data/spring-data-bom/2024.0.4/spring-data-bom-2024.0.4.pom (5.5 kB at 115 kB/s)
#13 4.528 [INFO] Downloading from central: https://repo.maven.apache.org/maven2/org/springframework/spring-framework-bom/6.1.13/spring-framework-bom-6.1.13.pom
#13 4.566 [INFO] Downloaded from central: https://repo.maven.apache.org/maven2/org/springframework/spring-framework-bom/6.1.13/spring-framework-bom-6.1.13.pom (5.8 kB at 154 kB/s)
#13 4.570 [INFO] Downloading from central: https://repo.maven.apache.org/maven2/org/springframework/integration/spring-integration-bom/6.3.4/spring-integration-bom-6.3.4.pom
#13 4.605 [INFO] Downloaded from central: https://repo.maven.apache.org/maven2/org/springframework/integration/spring-integration-bom/6.3.4/spring-integration-bom-6.3.4.pom (10 kB at 285 kB/s)
#13 4.610 [INFO] Downloading from central: https://repo.maven.apache.org/maven2/org/springframework/pulsar/spring-pulsar-bom/1.1.4/spring-pulsar-bom-1.1.4.pom
#13 4.650 [INFO] Downloaded from central: https://repo.maven.apache.org/maven2/org/springframework/pulsar/spring-pulsar-bom/1.1.4/spring-pulsar-bom-1.1.4.pom (2.9 kB at 73 kB/s)
#13 4.652 [INFO] Downloading from central: https://repo.maven.apache.org/maven2/org/springframework/restdocs/spring-restdocs-bom/3.0.1/spring-restdocs-bom-3.0.1.pom
#13 4.694 [INFO] Downloaded from central: https://repo.maven.apache.org/maven2/org/springframework/restdocs/spring-restdocs-bom/3.0.1/spring-restdocs-bom-3.0.1.pom (2.6 kB at 63 kB/s)
#13 4.697 [INFO] Downloading from central: https://repo.maven.apache.org/maven2/org/springframework/security/spring-security-bom/6.3.3/spring-security-bom-6.3.3.pom
#13 4.741 [INFO] Downloaded from central: https://repo.maven.apache.org/maven2/org/springframework/security/spring-security-bom/6.3.3/spring-security-bom-6.3.3.pom (5.3 kB at 121 kB/s)
#13 4.744 [INFO] Downloading from central: https://repo.maven.apache.org/maven2/org/springframework/session/spring-session-bom/3.3.2/spring-session-bom-3.3.2.pom
#13 4.787 [INFO] Downloaded from central: https://repo.maven.apache.org/maven2/org/springframework/session/spring-session-bom/3.3.2/spring-session-bom-3.3.2.pom (2.9 kB at 67 kB/s)
#13 4.790 [INFO] Downloading from central: https://repo.maven.apache.org/maven2/org/springframework/ws/spring-ws-bom/4.0.11/spring-ws-bom-4.0.11.pom
#13 4.828 [INFO] Downloaded from central: https://repo.maven.apache.org/maven2/org/springframework/ws/spring-ws-bom/4.0.11/spring-ws-bom-4.0.11.pom (3.5 kB at 92 kB/s)
#13 4.831 [INFO] Downloading from central: https://repo.maven.apache.org/maven2/org/testcontainers/testcontainers-bom/1.19.8/testcontainers-bom-1.19.8.pom
#13 4.878 [INFO] Downloaded from central: https://repo.maven.apache.org/maven2/org/testcontainers/testcontainers-bom/1.19.8/testcontainers-bom-1.19.8.pom (10 kB at 217 kB/s)
#13 4.902 [INFO] Downloading from central: https://repo.maven.apache.org/maven2/org/springframework/boot/spring-boot-maven-plugin/3.3.4/spring-boot-maven-plugin-3.3.4.pom
#13 4.934 [INFO] Downloaded from central: https://repo.maven.apache.org/maven2/org/springframework/boot/spring-boot-maven-plugin/3.3.4/spring-boot-maven-plugin-3.3.4.pom (4.0 kB at 129 kB/s)
#13 4.942 [INFO] Downloading from central: https://repo.maven.apache.org/maven2/org/springframework/boot/spring-boot-maven-plugin/3.3.4/spring-boot-maven-plugin-3.3.4.jar
#13 4.990 [INFO] Downloaded from central: https://repo.maven.apache.org/maven2/org/springframework/boot/spring-boot-maven-plugin/3.3.4/spring-boot-maven-plugin-3.3.4.jar (137 kB at 2.9 MB/s)
#13 5.000 [INFO] Downloading from central: https://repo.maven.apache.org/maven2/org/apache/maven/plugins/maven-compiler-plugin/3.11.0/maven-compiler-plugin-3.11.0.pom
#13 5.039 [INFO] Downloaded from central: https://repo.maven.apache.org/maven2/org/apache/maven/plugins/maven-compiler-plugin/3.11.0/maven-compiler-plugin-3.11.0.pom (9.8 kB at 245 kB/s)
#13 5.042 [INFO] Downloading from central: https://repo.maven.apache.org/maven2/org/apache/maven/plugins/maven-plugins/39/maven-plugins-39.pom
#13 5.095 [INFO] Downloaded from central: https://repo.maven.apache.org/maven2/org/apache/maven/plugins/maven-plugins/39/maven-plugins-39.pom (8.1 kB at 153 kB/s)
#13 5.097 [INFO] Downloading from central: https://repo.maven.apache.org/maven2/org/apache/maven/maven-parent/39/maven-parent-39.pom
#13 5.139 [INFO] Downloaded from central: https://repo.maven.apache.org/maven2/org/apache/maven/maven-parent/39/maven-parent-39.pom (48 kB at 1.2 MB/s)
#13 5.147 [INFO] Downloading from central: https://repo.maven.apache.org/maven2/org/apache/maven/plugins/maven-compiler-plugin/3.11.0/maven-compiler-plugin-3.11.0.jar
#13 5.200 [INFO] Downloaded from central: https://repo.maven.apache.org/maven2/org/apache/maven/plugins/maven-compiler-plugin/3.11.0/maven-compiler-plugin-3.11.0.jar (66 kB at 1.2 MB/s)
#13 5.205 [INFO] Downloading from central: https://repo.maven.apache.org/maven2/org/apache/maven/plugins/maven-clean-plugin/3.3.2/maven-clean-plugin-3.3.2.pom
#13 5.242 [INFO] Downloaded from central: https://repo.maven.apache.org/maven2/org/apache/maven/plugins/maven-clean-plugin/3.3.2/maven-clean-plugin-3.3.2.pom (5.3 kB at 144 kB/s)
#13 5.248 [INFO] Downloading from central: https://repo.maven.apache.org/maven2/org/apache/maven/plugins/maven-plugins/40/maven-plugins-40.pom
#13 5.291 [INFO] Downloaded from central: https://repo.maven.apache.org/maven2/org/apache/maven/plugins/maven-plugins/40/maven-plugins-40.pom (8.1 kB at 188 kB/s)
#13 5.298 [INFO] Downloading from central: https://repo.maven.apache.org/maven2/org/apache/maven/maven-parent/40/maven-parent-40.pom
#13 5.334 [INFO] Downloaded from central: https://repo.maven.apache.org/maven2/org/apache/maven/maven-parent/40/maven-parent-40.pom (49 kB at 1.3 MB/s)
#13 5.338 [INFO] Downloading from central: https://repo.maven.apache.org/maven2/org/apache/apache/30/apache-30.pom
#13 5.375 [INFO] Downloaded from central: https://repo.maven.apache.org/maven2/org/apache/apache/30/apache-30.pom (23 kB at 628 kB/s)
#13 5.380 [INFO] Downloading from central: https://repo.maven.apache.org/maven2/org/apache/maven/plugins/maven-clean-plugin/3.3.2/maven-clean-plugin-3.3.2.jar
#13 5.424 [INFO] Downloaded from central: https://repo.maven.apache.org/maven2/org/apache/maven/plugins/maven-clean-plugin/3.3.2/maven-clean-plugin-3.3.2.jar (36 kB at 824 kB/s)
#13 5.428 [INFO] Downloading from central: https://repo.maven.apache.org/maven2/org/apache/maven/plugins/maven-resources-plugin/3.3.1/maven-resources-plugin-3.3.1.pom
#13 5.460 [INFO] Downloaded from central: https://repo.maven.apache.org/maven2/org/apache/maven/plugins/maven-resources-plugin/3.3.1/maven-resources-plugin-3.3.1.pom (8.2 kB at 255 kB/s)
#13 5.467 [INFO] Downloading from central: https://repo.maven.apache.org/maven2/org/apache/maven/plugins/maven-resources-plugin/3.3.1/maven-resources-plugin-3.3.1.jar
#13 5.510 [INFO] Downloaded from central: https://repo.maven.apache.org/maven2/org/apache/maven/plugins/maven-resources-plugin/3.3.1/maven-resources-plugin-3.3.1.jar (31 kB at 703 kB/s)
#13 5.513 [INFO] Downloading from central: https://repo.maven.apache.org/maven2/org/apache/maven/plugins/maven-jar-plugin/3.4.2/maven-jar-plugin-3.4.2.pom
#13 5.561 [INFO] Downloaded from central: https://repo.maven.apache.org/maven2/org/apache/maven/plugins/maven-jar-plugin/3.4.2/maven-jar-plugin-3.4.2.pom (7.7 kB at 160 kB/s)
#13 5.564 [INFO] Downloading from central: https://repo.maven.apache.org/maven2/org/apache/maven/plugins/maven-plugins/42/maven-plugins-42.pom
#13 5.617 [INFO] Downloaded from central: https://repo.maven.apache.org/maven2/org/apache/maven/plugins/maven-plugins/42/maven-plugins-42.pom (7.7 kB at 145 kB/s)
#13 5.622 [INFO] Downloading from central: https://repo.maven.apache.org/maven2/org/apache/maven/maven-parent/42/maven-parent-42.pom
#13 5.679 [INFO] Downloaded from central: https://repo.maven.apache.org/maven2/org/apache/maven/maven-parent/42/maven-parent-42.pom (50 kB at 870 kB/s)
#13 5.683 [INFO] Downloading from central: https://repo.maven.apache.org/maven2/org/apache/apache/32/apache-32.pom
#13 5.729 [INFO] Downloaded from central: https://repo.maven.apache.org/maven2/org/apache/apache/32/apache-32.pom (24 kB at 526 kB/s)
#13 5.733 [INFO] Downloading from central: https://repo.maven.apache.org/maven2/org/junit/junit-bom/5.10.2/junit-bom-5.10.2.pom
#13 5.780 [INFO] Downloaded from central: https://repo.maven.apache.org/maven2/org/junit/junit-bom/5.10.2/junit-bom-5.10.2.pom (5.6 kB at 120 kB/s)
#13 5.783 [INFO] Downloading from central: https://repo.maven.apache.org/maven2/org/apache/maven/plugins/maven-jar-plugin/3.4.2/maven-jar-plugin-3.4.2.jar
#13 5.832 [INFO] Downloaded from central: https://repo.maven.apache.org/maven2/org/apache/maven/plugins/maven-jar-plugin/3.4.2/maven-jar-plugin-3.4.2.jar (34 kB at 694 kB/s)
#13 5.836 [INFO] Downloading from central: https://repo.maven.apache.org/maven2/org/apache/maven/plugins/maven-surefire-plugin/3.2.5/maven-surefire-plugin-3.2.5.pom
#13 5.880 [INFO] Downloaded from central: https://repo.maven.apache.org/maven2/org/apache/maven/plugins/maven-surefire-plugin/3.2.5/maven-surefire-plugin-3.2.5.pom (5.3 kB at 118 kB/s)
#13 5.883 [INFO] Downloading from central: https://repo.maven.apache.org/maven2/org/apache/maven/surefire/surefire/3.2.5/surefire-3.2.5.pom
#13 5.918 [INFO] Downloaded from central: https://repo.maven.apache.org/maven2/org/apache/maven/surefire/surefire/3.2.5/surefire-3.2.5.pom (22 kB at 628 kB/s)
#13 5.924 [INFO] Downloading from central: https://repo.maven.apache.org/maven2/org/apache/maven/maven-parent/41/maven-parent-41.pom
#13 5.973 [INFO] Downloaded from central: https://repo.maven.apache.org/maven2/org/apache/maven/maven-parent/41/maven-parent-41.pom (50 kB at 1.0 MB/s)
#13 5.980 [INFO] Downloading from central: https://repo.maven.apache.org/maven2/org/junit/junit-bom/5.9.3/junit-bom-5.9.3.pom
#13 6.017 [INFO] Downloaded from central: https://repo.maven.apache.org/maven2/org/junit/junit-bom/5.9.3/junit-bom-5.9.3.pom (5.6 kB at 152 kB/s)
#13 6.020 [INFO] Downloading from central: https://repo.maven.apache.org/maven2/org/apache/maven/plugins/maven-surefire-plugin/3.2.5/maven-surefire-plugin-3.2.5.jar
#13 6.080 [INFO] Downloaded from central: https://repo.maven.apache.org/maven2/org/apache/maven/plugins/maven-surefire-plugin/3.2.5/maven-surefire-plugin-3.2.5.jar (45 kB at 743 kB/s)
#13 6.085 [INFO] Downloading from central: https://repo.maven.apache.org/maven2/org/apache/maven/plugins/maven-install-plugin/3.1.3/maven-install-plugin-3.1.3.pom
#13 6.125 [INFO] Downloaded from central: https://repo.maven.apache.org/maven2/org/apache/maven/plugins/maven-install-plugin/3.1.3/maven-install-plugin-3.1.3.pom (8.1 kB at 202 kB/s)
#13 6.127 [INFO] Downloading from central: https://repo.maven.apache.org/maven2/org/apache/maven/plugins/maven-plugins/43/maven-plugins-43.pom
#13 6.181 [INFO] Downloaded from central: https://repo.maven.apache.org/maven2/org/apache/maven/plugins/maven-plugins/43/maven-plugins-43.pom (7.5 kB at 138 kB/s)
#13 6.185 [INFO] Downloading from central: https://repo.maven.apache.org/maven2/org/apache/maven/maven-parent/43/maven-parent-43.pom
#13 6.245 [INFO] Downloaded from central: https://repo.maven.apache.org/maven2/org/apache/maven/maven-parent/43/maven-parent-43.pom (50 kB at 825 kB/s)
#13 6.249 [INFO] Downloading from central: https://repo.maven.apache.org/maven2/org/apache/apache/33/apache-33.pom
#13 6.315 [INFO] Downloaded from central: https://repo.maven.apache.org/maven2/org/apache/apache/33/apache-33.pom (24 kB at 372 kB/s)
#13 6.320 [INFO] Downloading from central: https://repo.maven.apache.org/maven2/org/apache/maven/plugins/maven-install-plugin/3.1.3/maven-install-plugin-3.1.3.jar
#13 6.432 [INFO] Downloaded from central: https://repo.maven.apache.org/maven2/org/apache/maven/plugins/maven-install-plugin/3.1.3/maven-install-plugin-3.1.3.jar (33 kB at 292 kB/s)
#13 6.437 [INFO] Downloading from central: https://repo.maven.apache.org/maven2/org/apache/maven/plugins/maven-deploy-plugin/3.1.3/maven-deploy-plugin-3.1.3.pom
#13 6.490 [INFO] Downloaded from central: https://repo.maven.apache.org/maven2/org/apache/maven/plugins/maven-deploy-plugin/3.1.3/maven-deploy-plugin-3.1.3.pom (9.2 kB at 170 kB/s)
#13 6.500 [INFO] Downloading from central: https://repo.maven.apache.org/maven2/org/apache/maven/plugins/maven-deploy-plugin/3.1.3/maven-deploy-plugin-3.1.3.jar
#13 6.584 [INFO] Downloaded from central: https://repo.maven.apache.org/maven2/org/apache/maven/plugins/maven-deploy-plugin/3.1.3/maven-deploy-plugin-3.1.3.jar (40 kB at 469 kB/s)
#13 6.587 [INFO] Downloading from central: https://repo.maven.apache.org/maven2/org/apache/maven/plugins/maven-site-plugin/3.12.1/maven-site-plugin-3.12.1.pom
#13 6.637 [INFO] Downloaded from central: https://repo.maven.apache.org/maven2/org/apache/maven/plugins/maven-site-plugin/3.12.1/maven-site-plugin-3.12.1.pom (20 kB at 398 kB/s)
#13 6.640 [INFO] Downloading from central: https://repo.maven.apache.org/maven2/org/apache/maven/plugins/maven-plugins/36/maven-plugins-36.pom
#13 6.686 [INFO] Downloaded from central: https://repo.maven.apache.org/maven2/org/apache/maven/plugins/maven-plugins/36/maven-plugins-36.pom (9.9 kB at 215 kB/s)
#13 6.688 [INFO] Downloading from central: https://repo.maven.apache.org/maven2/org/apache/maven/maven-parent/36/maven-parent-36.pom
#13 6.734 [INFO] Downloaded from central: https://repo.maven.apache.org/maven2/org/apache/maven/maven-parent/36/maven-parent-36.pom (45 kB at 989 kB/s)
#13 6.737 [INFO] Downloading from central: https://repo.maven.apache.org/maven2/org/apache/apache/26/apache-26.pom
#13 6.777 [INFO] Downloaded from central: https://repo.maven.apache.org/maven2/org/apache/apache/26/apache-26.pom (21 kB at 513 kB/s)
#13 6.788 [INFO] Downloading from central: https://repo.maven.apache.org/maven2/org/apache/maven/plugins/maven-site-plugin/3.12.1/maven-site-plugin-3.12.1.jar
#13 6.845 [INFO] Downloaded from central: https://repo.maven.apache.org/maven2/org/apache/maven/plugins/maven-site-plugin/3.12.1/maven-site-plugin-3.12.1.jar (119 kB at 2.1 MB/s)
#13 6.853 [INFO] Downloading from central: https://repo.maven.apache.org/maven2/org/codehaus/mojo/build-helper-maven-plugin/3.5.0/build-helper-maven-plugin-3.5.0.pom
#13 6.884 [INFO] Downloaded from central: https://repo.maven.apache.org/maven2/org/codehaus/mojo/build-helper-maven-plugin/3.5.0/build-helper-maven-plugin-3.5.0.pom (7.4 kB at 239 kB/s)
#13 6.886 [INFO] Downloading from central: https://repo.maven.apache.org/maven2/org/codehaus/mojo/mojo-parent/77/mojo-parent-77.pom
#13 6.930 [INFO] Downloaded from central: https://repo.maven.apache.org/maven2/org/codehaus/mojo/mojo-parent/77/mojo-parent-77.pom (36 kB at 824 kB/s)
#13 6.934 [INFO] Downloading from central: https://repo.maven.apache.org/maven2/org/junit/junit-bom/5.10.0/junit-bom-5.10.0.pom
#13 6.965 [INFO] Downloaded from central: https://repo.maven.apache.org/maven2/org/junit/junit-bom/5.10.0/junit-bom-5.10.0.pom (5.6 kB at 182 kB/s)
#13 6.968 [INFO] Downloading from central: https://repo.maven.apache.org/maven2/org/codehaus/mojo/build-helper-maven-plugin/3.5.0/build-helper-maven-plugin-3.5.0.jar
#13 7.017 [INFO] Downloaded from central: https://repo.maven.apache.org/maven2/org/codehaus/mojo/build-helper-maven-plugin/3.5.0/build-helper-maven-plugin-3.5.0.jar (71 kB at 1.5 MB/s)
#13 7.021 [INFO] Downloading from central: https://repo.maven.apache.org/maven2/org/cyclonedx/cyclonedx-maven-plugin/2.8.1/cyclonedx-maven-plugin-2.8.1.pom
#13 7.064 [INFO] Downloaded from central: https://repo.maven.apache.org/maven2/org/cyclonedx/cyclonedx-maven-plugin/2.8.1/cyclonedx-maven-plugin-2.8.1.pom (19 kB at 431 kB/s)
#13 7.068 [INFO] Downloading from central: https://repo.maven.apache.org/maven2/org/cyclonedx/cyclonedx-maven-plugin/2.8.1/cyclonedx-maven-plugin-2.8.1.jar
#13 7.109 [INFO] Downloaded from central: https://repo.maven.apache.org/maven2/org/cyclonedx/cyclonedx-maven-plugin/2.8.1/cyclonedx-maven-plugin-2.8.1.jar (51 kB at 1.2 MB/s)
#13 7.112 [INFO] Downloading from central: https://repo.maven.apache.org/maven2/org/flywaydb/flyway-maven-plugin/10.10.0/flyway-maven-plugin-10.10.0.pom
#13 7.151 [INFO] Downloaded from central: https://repo.maven.apache.org/maven2/org/flywaydb/flyway-maven-plugin/10.10.0/flyway-maven-plugin-10.10.0.pom (4.4 kB at 113 kB/s)
#13 7.154 [INFO] Downloading from central: https://repo.maven.apache.org/maven2/org/flywaydb/flyway-parent/10.10.0/flyway-parent-10.10.0.pom
#13 7.189 [INFO] Downloaded from central: https://repo.maven.apache.org/maven2/org/flywaydb/flyway-parent/10.10.0/flyway-parent-10.10.0.pom (33 kB at 944 kB/s)
#13 7.192 [INFO] Downloading from central: https://repo.maven.apache.org/maven2/org/flywaydb/flyway-maven-plugin/10.10.0/flyway-maven-plugin-10.10.0.jar
#13 7.236 [INFO] Downloaded from central: https://repo.maven.apache.org/maven2/org/flywaydb/flyway-maven-plugin/10.10.0/flyway-maven-plugin-10.10.0.jar (110 kB at 2.5 MB/s)
#13 7.245 [INFO] Downloading from central: https://repo.maven.apache.org/maven2/io/github/git-commit-id/git-commit-id-maven-plugin/8.0.2/git-commit-id-maven-plugin-8.0.2.pom
#13 7.288 [INFO] Downloaded from central: https://repo.maven.apache.org/maven2/io/github/git-commit-id/git-commit-id-maven-plugin/8.0.2/git-commit-id-maven-plugin-8.0.2.pom (28 kB at 641 kB/s)
#13 7.292 [INFO] Downloading from central: https://repo.maven.apache.org/maven2/org/sonatype/oss/oss-parent/9/oss-parent-9.pom
#13 7.333 [INFO] Downloaded from central: https://repo.maven.apache.org/maven2/org/sonatype/oss/oss-parent/9/oss-parent-9.pom (6.6 kB at 160 kB/s)
#13 7.336 [INFO] Downloading from central: https://repo.maven.apache.org/maven2/io/github/git-commit-id/git-commit-id-maven-plugin/8.0.2/git-commit-id-maven-plugin-8.0.2.jar
#13 7.380 [INFO] Downloaded from central: https://repo.maven.apache.org/maven2/io/github/git-commit-id/git-commit-id-maven-plugin/8.0.2/git-commit-id-maven-plugin-8.0.2.jar (55 kB at 1.3 MB/s)
#13 7.387 [INFO] Downloading from central: https://repo.maven.apache.org/maven2/org/jooq/jooq-codegen-maven/3.19.11/jooq-codegen-maven-3.19.11.pom
#13 7.431 [INFO] Downloaded from central: https://repo.maven.apache.org/maven2/org/jooq/jooq-codegen-maven/3.19.11/jooq-codegen-maven-3.19.11.pom (3.7 kB at 82 kB/s)
#13 7.433 [INFO] Downloading from central: https://repo.maven.apache.org/maven2/org/jooq/jooq-parent/3.19.11/jooq-parent-3.19.11.pom
#13 7.479 [INFO] Downloaded from central: https://repo.maven.apache.org/maven2/org/jooq/jooq-parent/3.19.11/jooq-parent-3.19.11.pom (40 kB at 860 kB/s)
#13 7.484 [INFO] Downloading from central: https://repo.maven.apache.org/maven2/org/jooq/jooq-codegen-maven/3.19.11/jooq-codegen-maven-3.19.11.jar
#13 7.520 [INFO] Downloaded from central: https://repo.maven.apache.org/maven2/org/jooq/jooq-codegen-maven/3.19.11/jooq-codegen-maven-3.19.11.jar (17 kB at 485 kB/s)
#13 7.522 [INFO] Downloading from central: https://repo.maven.apache.org/maven2/org/jetbrains/kotlin/kotlin-maven-plugin/1.9.25/kotlin-maven-plugin-1.9.25.pom
#13 7.559 [INFO] Downloaded from central: https://repo.maven.apache.org/maven2/org/jetbrains/kotlin/kotlin-maven-plugin/1.9.25/kotlin-maven-plugin-1.9.25.pom (6.7 kB at 181 kB/s)
#13 7.565 [INFO] Downloading from central: https://repo.maven.apache.org/maven2/org/jetbrains/kotlin/kotlin-project/1.9.25/kotlin-project-1.9.25.pom
#13 7.605 [INFO] Downloaded from central: https://repo.maven.apache.org/maven2/org/jetbrains/kotlin/kotlin-project/1.9.25/kotlin-project-1.9.25.pom (16 kB at 391 kB/s)
#13 7.611 [INFO] Downloading from central: https://repo.maven.apache.org/maven2/org/jetbrains/kotlin/kotlin-maven-plugin/1.9.25/kotlin-maven-plugin-1.9.25.jar
#13 7.652 [INFO] Downloaded from central: https://repo.maven.apache.org/maven2/org/jetbrains/kotlin/kotlin-maven-plugin/1.9.25/kotlin-maven-plugin-1.9.25.jar (82 kB at 1.9 MB/s)
#13 7.655 [INFO] Downloading from central: https://repo.maven.apache.org/maven2/org/liquibase/liquibase-maven-plugin/4.27.0/liquibase-maven-plugin-4.27.0.pom
#13 7.693 [INFO] Downloaded from central: https://repo.maven.apache.org/maven2/org/liquibase/liquibase-maven-plugin/4.27.0/liquibase-maven-plugin-4.27.0.pom (2.0 kB at 53 kB/s)
#13 7.697 [INFO] Downloading from central: https://repo.maven.apache.org/maven2/org/liquibase/liquibase-maven-plugin/4.27.0/liquibase-maven-plugin-4.27.0.jar
#13 7.757 [INFO] Downloaded from central: https://repo.maven.apache.org/maven2/org/liquibase/liquibase-maven-plugin/4.27.0/liquibase-maven-plugin-4.27.0.jar (282 kB at 4.7 MB/s)
#13 7.773 [INFO] Downloading from central: https://repo.maven.apache.org/maven2/org/apache/maven/plugins/maven-antrun-plugin/3.1.0/maven-antrun-plugin-3.1.0.pom
#13 7.814 [INFO] Downloaded from central: https://repo.maven.apache.org/maven2/org/apache/maven/plugins/maven-antrun-plugin/3.1.0/maven-antrun-plugin-3.1.0.pom (9.1 kB at 222 kB/s)
#13 7.816 [INFO] Downloading from central: https://repo.maven.apache.org/maven2/org/apache/maven/plugins/maven-plugins/34/maven-plugins-34.pom
#13 7.853 [INFO] Downloaded from central: https://repo.maven.apache.org/maven2/org/apache/maven/plugins/maven-plugins/34/maven-plugins-34.pom (11 kB at 289 kB/s)
#13 7.855 [INFO] Downloading from central: https://repo.maven.apache.org/maven2/org/apache/maven/maven-parent/34/maven-parent-34.pom
#13 7.898 [INFO] Downloaded from central: https://repo.maven.apache.org/maven2/org/apache/maven/maven-parent/34/maven-parent-34.pom (43 kB at 996 kB/s)
#13 7.901 [INFO] Downloading from central: https://repo.maven.apache.org/maven2/org/apache/apache/23/apache-23.pom
#13 7.941 [INFO] Downloaded from central: https://repo.maven.apache.org/maven2/org/apache/apache/23/apache-23.pom (18 kB at 461 kB/s)
#13 7.948 [INFO] Downloading from central: https://repo.maven.apache.org/maven2/org/apache/maven/plugins/maven-antrun-plugin/3.1.0/maven-antrun-plugin-3.1.0.jar
#13 7.996 [INFO] Downloaded from central: https://repo.maven.apache.org/maven2/org/apache/maven/plugins/maven-antrun-plugin/3.1.0/maven-antrun-plugin-3.1.0.jar (41 kB at 859 kB/s)
#13 7.999 [INFO] Downloading from central: https://repo.maven.apache.org/maven2/org/apache/maven/plugins/maven-assembly-plugin/3.7.1/maven-assembly-plugin-3.7.1.pom
#13 8.037 [INFO] Downloaded from central: https://repo.maven.apache.org/maven2/org/apache/maven/plugins/maven-assembly-plugin/3.7.1/maven-assembly-plugin-3.7.1.pom (15 kB at 400 kB/s)
#13 8.039 [INFO] Downloading from central: https://repo.maven.apache.org/maven2/org/apache/maven/plugins/maven-plugins/41/maven-plugins-41.pom
#13 8.078 [INFO] Downloaded from central: https://repo.maven.apache.org/maven2/org/apache/maven/plugins/maven-plugins/41/maven-plugins-41.pom (7.4 kB at 189 kB/s)
#13 8.083 [INFO] Downloading from central: https://repo.maven.apache.org/maven2/org/apache/maven/plugins/maven-assembly-plugin/3.7.1/maven-assembly-plugin-3.7.1.jar
#13 8.142 [INFO] Downloaded from central: https://repo.maven.apache.org/maven2/org/apache/maven/plugins/maven-assembly-plugin/3.7.1/maven-assembly-plugin-3.7.1.jar (240 kB at 4.1 MB/s)
#13 8.145 [INFO] Downloading from central: https://repo.maven.apache.org/maven2/org/apache/maven/plugins/maven-compiler-plugin/3.13.0/maven-compiler-plugin-3.13.0.pom
#13 8.183 [INFO] Downloaded from central: https://repo.maven.apache.org/maven2/org/apache/maven/plugins/maven-compiler-plugin/3.13.0/maven-compiler-plugin-3.13.0.pom (10 kB at 275 kB/s)
#13 8.195 [INFO] Downloading from central: https://repo.maven.apache.org/maven2/org/apache/maven/plugins/maven-compiler-plugin/3.13.0/maven-compiler-plugin-3.13.0.jar
#13 8.237 [INFO] Downloaded from central: https://repo.maven.apache.org/maven2/org/apache/maven/plugins/maven-compiler-plugin/3.13.0/maven-compiler-plugin-3.13.0.jar (83 kB at 2.0 MB/s)
#13 8.241 [INFO] Downloading from central: https://repo.maven.apache.org/maven2/org/apache/maven/plugins/maven-dependency-plugin/3.6.1/maven-dependency-plugin-3.6.1.pom
#13 8.290 [INFO] Downloaded from central: https://repo.maven.apache.org/maven2/org/apache/maven/plugins/maven-dependency-plugin/3.6.1/maven-dependency-plugin-3.6.1.pom (18 kB at 359 kB/s)
#13 8.294 [INFO] Downloading from central: https://repo.maven.apache.org/maven2/org/apache/maven/plugins/maven-dependency-plugin/3.6.1/maven-dependency-plugin-3.6.1.jar
#13 8.352 [INFO] Downloaded from central: https://repo.maven.apache.org/maven2/org/apache/maven/plugins/maven-dependency-plugin/3.6.1/maven-dependency-plugin-3.6.1.jar (191 kB at 3.2 MB/s)
#13 8.364 [INFO] 
#13 8.364 [INFO] -----------------< com.kanhacollection:kanha-backend >------------------
#13 8.364 [INFO] Building kanha-backend 1.0.0-SNAPSHOT
#13 8.364 [INFO]   from pom.xml
#13 8.364 [INFO] --------------------------------[ jar ]---------------------------------
#13 8.370 [INFO] 
#13 8.370 [INFO] --- dependency:3.6.1:go-offline (default-cli) @ kanha-backend ---
#13 8.380 [INFO] Downloading from central: https://repo.maven.apache.org/maven2/org/apache/maven/doxia/doxia-sink-api/1.11.1/doxia-sink-api-1.11.1.pom
#13 8.421 [INFO] Downloaded from central: https://repo.maven.apache.org/maven2/org/apache/maven/doxia/doxia-sink-api/1.11.1/doxia-sink-api-1.11.1.pom (1.6 kB at 39 kB/s)
#13 8.423 [INFO] Downloading from central: https://repo.maven.apache.org/maven2/org/apache/maven/doxia/doxia/1.11.1/doxia-1.11.1.pom
#13 8.457 [INFO] Downloaded from central: https://repo.maven.apache.org/maven2/org/apache/maven/doxia/doxia/1.11.1/doxia-1.11.1.pom (18 kB at 530 kB/s)
#13 8.465 [INFO] Downloading from central: https://repo.maven.apache.org/maven2/org/apache/maven/doxia/doxia-logging-api/1.11.1/doxia-logging-api-1.11.1.pom
#13 8.505 [INFO] Downloaded from central: https://repo.maven.apache.org/maven2/org/apache/maven/doxia/doxia-logging-api/1.11.1/doxia-logging-api-1.11.1.pom (1.6 kB at 40 kB/s)
#13 8.509 [INFO] Downloading from central: https://repo.maven.apache.org/maven2/org/apache/maven/reporting/maven-reporting-api/3.1.1/maven-reporting-api-3.1.1.pom
#13 8.547 [INFO] Downloaded from central: https://repo.maven.apache.org/maven2/org/apache/maven/reporting/maven-reporting-api/3.1.1/maven-reporting-api-3.1.1.pom (3.8 kB at 96 kB/s)
#13 8.550 [INFO] Downloading from central: https://repo.maven.apache.org/maven2/org/apache/maven/shared/maven-shared-components/34/maven-shared-components-34.pom
#13 8.594 [INFO] Downloaded from central: https://repo.maven.apache.org/maven2/org/apache/maven/shared/maven-shared-components/34/maven-shared-components-34.pom (5.1 kB at 116 kB/s)
#13 8.599 [INFO] Downloading from central: https://repo.maven.apache.org/maven2/org/apache/maven/reporting/maven-reporting-impl/3.2.0/maven-reporting-impl-3.2.0.pom
#13 8.638 [INFO] Downloaded from central: https://repo.maven.apache.org/maven2/org/apache/maven/reporting/maven-reporting-impl/3.2.0/maven-reporting-impl-3.2.0.pom (7.6 kB at 195 kB/s)
#13 8.642 [INFO] Downloading from central: https://repo.maven.apache.org/maven2/org/apache/maven/maven-core/3.1.0/maven-core-3.1.0.pom
#13 8.673 [INFO] Downloaded from central: https://repo.maven.apache.org/maven2/org/apache/maven/maven-core/3.1.0/maven-core-3.1.0.pom (6.9 kB at 223 kB/s)
#13 8.677 [INFO] Downloading from central: https://repo.maven.apache.org/maven2/org/apache/maven/maven/3.1.0/maven-3.1.0.pom
#13 8.714 [INFO] Downloaded from central: https://repo.maven.apache.org/maven2/org/apache/maven/maven/3.1.0/maven-3.1.0.pom (22 kB at 589 kB/s)
#13 8.716 [INFO] Downloading from central: https://repo.maven.apache.org/maven2/org/apache/maven/maven-parent/23/maven-parent-23.pom
#13 8.756 [INFO] Downloaded from central: https://repo.maven.apache.org/maven2/org/apache/maven/maven-parent/23/maven-parent-23.pom (33 kB at 815 kB/s)
#13 8.760 [INFO] Downloading from central: https://repo.maven.apache.org/maven2/org/apache/apache/13/apache-13.pom
#13 8.794 [INFO] Downloaded from central: https://repo.maven.apache.org/maven2/org/apache/apache/13/apache-13.pom (14 kB at 411 kB/s)
#13 8.798 [INFO] Downloading from central: https://repo.maven.apache.org/maven2/org/apache/maven/maven-model/3.1.0/maven-model-3.1.0.pom
#13 8.848 [INFO] Downloaded from central: https://repo.maven.apache.org/maven2/org/apache/maven/maven-model/3.1.0/maven-model-3.1.0.pom (3.8 kB at 81 kB/s)
#13 8.854 [INFO] Downloading from central: https://repo.maven.apache.org/maven2/org/codehaus/plexus/plexus-utils/4.0.0/plexus-utils-4.0.0.pom
#13 8.897 [INFO] Downloaded from central: https://repo.maven.apache.org/maven2/org/codehaus/plexus/plexus-utils/4.0.0/plexus-utils-4.0.0.pom (8.7 kB at 201 kB/s)
#13 8.899 [INFO] Downloading from central: https://repo.maven.apache.org/maven2/org/codehaus/plexus/plexus/13/plexus-13.pom
#13 8.939 [INFO] Downloaded from central: https://repo.maven.apache.org/maven2/org/codehaus/plexus/plexus/13/plexus-13.pom (27 kB at 684 kB/s)
#13 8.947 [INFO] Downloading from central: https://repo.maven.apache.org/maven2/org/apache/maven/maven-settings/3.1.0/maven-settings-3.1.0.pom
#13 8.984 [INFO] Downloaded from central: https://repo.maven.apache.org/maven2/org/apache/maven/maven-settings/3.1.0/maven-settings-3.1.0.pom (1.8 kB at 47 kB/s)
#13 8.988 [INFO] Downloading from central: https://repo.maven.apache.org/maven2/org/apache/maven/maven-settings-builder/3.1.0/maven-settings-builder-3.1.0.pom
#13 9.028 [INFO] Downloaded from central: https://repo.maven.apache.org/maven2/org/apache/maven/maven-settings-builder/3.1.0/maven-settings-builder-3.1.0.pom (2.3 kB at 58 kB/s)
#13 9.031 [INFO] Downloading from central: https://repo.maven.apache.org/maven2/org/codehaus/plexus/plexus-interpolation/1.16/plexus-interpolation-1.16.pom
#13 9.061 [INFO] Downloaded from central: https://repo.maven.apache.org/maven2/org/codehaus/plexus/plexus-interpolation/1.16/plexus-interpolation-1.16.pom (1.0 kB at 34 kB/s)
#13 9.065 [INFO] Downloading from central: https://repo.maven.apache.org/maven2/org/codehaus/plexus/plexus-components/1.3/plexus-components-1.3.pom
#13 9.095 [INFO] Downloaded from central: https://repo.maven.apache.org/maven2/org/codehaus/plexus/plexus-components/1.3/plexus-components-1.3.pom (3.1 kB at 102 kB/s)
#13 9.098 [INFO] Downloading from central: https://repo.maven.apache.org/maven2/org/codehaus/plexus/plexus/3.3/plexus-3.3.pom
#13 9.137 [INFO] Downloaded from central: https://repo.maven.apache.org/maven2/org/codehaus/plexus/plexus/3.3/plexus-3.3.pom (20 kB at 510 kB/s)
#13 9.139 [INFO] Downloading from central: https://repo.maven.apache.org/maven2/org/sonatype/spice/spice-parent/17/spice-parent-17.pom
#13 9.172 [INFO] Downloaded from central: https://repo.maven.apache.org/maven2/org/sonatype/spice/spice-parent/17/spice-parent-17.pom (6.8 kB at 205 kB/s)
#13 9.174 [INFO] Downloading from central: https://repo.maven.apache.org/maven2/org/sonatype/forge/forge-parent/10/forge-parent-10.pom
#13 9.214 [INFO] Downloaded from central: https://repo.maven.apache.org/maven2/org/sonatype/forge/forge-parent/10/forge-parent-10.pom (14 kB at 339 kB/s)
#13 9.217 [INFO] Downloading from central: https://repo.maven.apache.org/maven2/org/codehaus/plexus/plexus-component-annotations/1.5.5/plexus-component-annotations-1.5.5.pom
#13 9.263 [INFO] Downloaded from central: https://repo.maven.apache.org/maven2/org/codehaus/plexus/plexus-component-annotations/1.5.5/plexus-component-annotations-1.5.5.pom (815 B at 18 kB/s)
#13 9.267 [INFO] Downloading from central: https://repo.maven.apache.org/maven2/org/codehaus/plexus/plexus-containers/1.5.5/plexus-containers-1.5.5.pom
#13 9.309 [INFO] Downloaded from central: https://repo.maven.apache.org/maven2/org/codehaus/plexus/plexus-containers/1.5.5/plexus-containers-1.5.5.pom (4.2 kB at 101 kB/s)
#13 9.311 [INFO] Downloading from central: https://repo.maven.apache.org/maven2/org/codehaus/plexus/plexus/2.0.7/plexus-2.0.7.pom
#13 9.341 [INFO] Downloaded from central: https://repo.maven.apache.org/maven2/org/codehaus/plexus/plexus/2.0.7/plexus-2.0.7.pom (17 kB at 576 kB/s)
#13 9.345 [INFO] Downloading from central: https://repo.maven.apache.org/maven2/org/sonatype/plexus/plexus-sec-dispatcher/1.3/plexus-sec-dispatcher-1.3.pom
#13 9.407 [INFO] Downloaded from central: https://repo.maven.apache.org/maven2/org/sonatype/plexus/plexus-sec-dispatcher/1.3/plexus-sec-dispatcher-1.3.pom (3.0 kB at 48 kB/s)
#13 9.411 [INFO] Downloading from central: https://repo.maven.apache.org/maven2/org/sonatype/spice/spice-parent/12/spice-parent-12.pom
#13 9.462 [INFO] Downloaded from central: https://repo.maven.apache.org/maven2/org/sonatype/spice/spice-parent/12/spice-parent-12.pom (6.8 kB at 139 kB/s)
#13 9.465 [INFO] Downloading from central: https://repo.maven.apache.org/maven2/org/sonatype/forge/forge-parent/4/forge-parent-4.pom
#13 9.510 [INFO] Downloaded from central: https://repo.maven.apache.org/maven2/org/sonatype/forge/forge-parent/4/forge-parent-4.pom (8.4 kB at 183 kB/s)
#13 9.516 [INFO] Downloading from central: https://repo.maven.apache.org/maven2/org/sonatype/plexus/plexus-cipher/1.4/plexus-cipher-1.4.pom
#13 9.560 [INFO] Downloaded from central: https://repo.maven.apache.org/maven2/org/sonatype/plexus/plexus-cipher/1.4/plexus-cipher-1.4.pom (2.1 kB at 47 kB/s)
#13 9.567 [INFO] Downloading from central: https://repo.maven.apache.org/maven2/org/apache/maven/maven-repository-metadata/3.1.0/maven-repository-metadata-3.1.0.pom
#13 9.606 [INFO] Downloaded from central: https://repo.maven.apache.org/maven2/org/apache/maven/maven-repository-metadata/3.1.0/maven-repository-metadata-3.1.0.pom (1.9 kB at 48 kB/s)
#13 9.613 [INFO] Downloading from central: https://repo.maven.apache.org/maven2/org/apache/maven/maven-artifact/3.1.0/maven-artifact-3.1.0.pom
#13 9.652 [INFO] Downloaded from central: https://repo.maven.apache.org/maven2/org/apache/maven/maven-artifact/3.1.0/maven-artifact-3.1.0.pom (1.6 kB at 42 kB/s)
#13 9.663 [INFO] Downloading from central: https://repo.maven.apache.org/maven2/org/apache/maven/maven-plugin-api/3.1.0/maven-plugin-api-3.1.0.pom
#13 9.699 [INFO] Downloaded from central: https://repo.maven.apache.org/maven2/org/apache/maven/maven-plugin-api/3.1.0/maven-plugin-api-3.1.0.pom (3.0 kB at 85 kB/s)
#13 9.702 [INFO] Downloading from central: https://repo.maven.apache.org/maven2/org/eclipse/sisu/org.eclipse.sisu.plexus/0.3.0.M1/org.eclipse.sisu.plexus-0.3.0.M1.pom
#13 9.735 [INFO] Downloaded from central: https://repo.maven.apache.org/maven2/org/eclipse/sisu/org.eclipse.sisu.plexus/0.3.0.M1/org.eclipse.sisu.plexus-0.3.0.M1.pom (4.7 kB at 143 kB/s)
#13 9.737 [INFO] Downloading from central: https://repo.maven.apache.org/maven2/org/eclipse/sisu/sisu-plexus/0.3.0.M1/sisu-plexus-0.3.0.M1.pom
#13 9.781 [INFO] Downloaded from central: https://repo.maven.apache.org/maven2/org/eclipse/sisu/sisu-plexus/0.3.0.M1/sisu-plexus-0.3.0.M1.pom (13 kB at 301 kB/s)
#13 9.785 [INFO] Downloading from central: https://repo.maven.apache.org/maven2/javax/enterprise/cdi-api/1.0/cdi-api-1.0.pom
#13 9.835 [INFO] Downloaded from central: https://repo.maven.apache.org/maven2/javax/enterprise/cdi-api/1.0/cdi-api-1.0.pom (1.4 kB at 29 kB/s)
#13 9.839 [INFO] Downloading from central: https://repo.maven.apache.org/maven2/org/jboss/weld/weld-api-parent/1.0/weld-api-parent-1.0.pom
#13 9.895 [INFO] Downloaded from central: https://repo.maven.apache.org/maven2/org/jboss/weld/weld-api-parent/1.0/weld-api-parent-1.0.pom (2.4 kB at 43 kB/s)
#13 9.898 [INFO] Downloading from central: https://repo.maven.apache.org/maven2/org/jboss/weld/weld-api-bom/1.0/weld-api-bom-1.0.pom
#13 9.940 [INFO] Downloaded from central: https://repo.maven.apache.org/maven2/org/jboss/weld/weld-api-bom/1.0/weld-api-bom-1.0.pom (7.9 kB at 188 kB/s)
#13 9.943 [INFO] Downloading from central: https://repo.maven.apache.org/maven2/org/jboss/weld/weld-parent/6/weld-parent-6.pom
#13 9.989 [INFO] Downloaded from central: https://repo.maven.apache.org/maven2/org/jboss/weld/weld-parent/6/weld-parent-6.pom (21 kB at 440 kB/s)
#13 9.993 [INFO] Downloading from central: https://repo.maven.apache.org/maven2/javax/annotation/jsr250-api/1.0/jsr250-api-1.0.pom
#13 10.03 [INFO] Downloaded from central: https://repo.maven.apache.org/maven2/javax/annotation/jsr250-api/1.0/jsr250-api-1.0.pom (1.0 kB at 28 kB/s)
#13 10.03 [INFO] Downloading from central: https://repo.maven.apache.org/maven2/javax/inject/javax.inject/1/javax.inject-1.pom
#13 10.08 [INFO] Downloaded from central: https://repo.maven.apache.org/maven2/javax/inject/javax.inject/1/javax.inject-1.pom (612 B at 14 kB/s)
#13 10.08 [INFO] Downloading from central: https://repo.maven.apache.org/maven2/org/eclipse/sisu/org.eclipse.sisu.inject/0.3.0.M1/org.eclipse.sisu.inject-0.3.0.M1.pom
#13 10.13 [INFO] Downloaded from central: https://repo.maven.apache.org/maven2/org/eclipse/sisu/org.eclipse.sisu.inject/0.3.0.M1/org.eclipse.sisu.inject-0.3.0.M1.pom (2.5 kB at 50 kB/s)
#13 10.13 [INFO] Downloading from central: https://repo.maven.apache.org/maven2/org/eclipse/sisu/sisu-inject/0.3.0.M1/sisu-inject-0.3.0.M1.pom
#13 10.18 [INFO] Downloaded from central: https://repo.maven.apache.org/maven2/org/eclipse/sisu/sisu-inject/0.3.0.M1/sisu-inject-0.3.0.M1.pom (14 kB at 280 kB/s)
#13 10.19 [INFO] Downloading from central: https://repo.maven.apache.org/maven2/org/codehaus/plexus/plexus-classworlds/2.5.1/plexus-classworlds-2.5.1.pom
#13 10.22 [INFO] Downloaded from central: https://repo.maven.apache.org/maven2/org/codehaus/plexus/plexus-classworlds/2.5.1/plexus-classworlds-2.5.1.pom (5.0 kB at 147 kB/s)
#13 10.22 [INFO] Downloading from central: https://repo.maven.apache.org/maven2/org/codehaus/plexus/plexus/3.3.1/plexus-3.3.1.pom
#13 10.26 [INFO] Downloaded from central: https://repo.maven.apache.org/maven2/org/codehaus/plexus/plexus/3.3.1/plexus-3.3.1.pom (20 kB at 639 kB/s)
#13 10.26 [INFO] Downloading from central: https://repo.maven.apache.org/maven2/org/apache/maven/maven-model-builder/3.1.0/maven-model-builder-3.1.0.pom
#13 10.30 [INFO] Downloaded from central: https://repo.maven.apache.org/maven2/org/apache/maven/maven-model-builder/3.1.0/maven-model-builder-3.1.0.pom (2.5 kB at 69 kB/s)
#13 10.30 [INFO] Downloading from central: https://repo.maven.apache.org/maven2/org/apache/maven/maven-aether-provider/3.1.0/maven-aether-provider-3.1.0.pom
#13 10.33 [INFO] Downloaded from central: https://repo.maven.apache.org/maven2/org/apache/maven/maven-aether-provider/3.1.0/maven-aether-provider-3.1.0.pom (3.5 kB at 104 kB/s)
#13 10.34 [INFO] Downloading from central: https://repo.maven.apache.org/maven2/org/eclipse/aether/aether-api/0.9.0.M2/aether-api-0.9.0.M2.pom
#13 10.38 [INFO] Downloaded from central: https://repo.maven.apache.org/maven2/org/eclipse/aether/aether-api/0.9.0.M2/aether-api-0.9.0.M2.pom (1.7 kB at 46 kB/s)
#13 10.39 [INFO] Downloading from central: https://repo.maven.apache.org/maven2/org/eclipse/aether/aether/0.9.0.M2/aether-0.9.0.M2.pom
#13 10.45 [INFO] Downloaded from central: https://repo.maven.apache.org/maven2/org/eclipse/aether/aether/0.9.0.M2/aether-0.9.0.M2.pom (28 kB at 457 kB/s)
#13 10.45 [INFO] Downloading from central: https://repo.maven.apache.org/maven2/org/eclipse/aether/aether-spi/0.9.0.M2/aether-spi-0.9.0.M2.pom
#13 10.50 [INFO] Downloaded from central: https://repo.maven.apache.org/maven2/org/eclipse/aether/aether-spi/0.9.0.M2/aether-spi-0.9.0.M2.pom (1.8 kB at 34 kB/s)
#13 10.51 [INFO] Downloading from central: https://repo.maven.apache.org/maven2/org/eclipse/aether/aether-util/0.9.0.M2/aether-util-0.9.0.M2.pom
#13 10.55 [INFO] Downloaded from central: https://repo.maven.apache.org/maven2/org/eclipse/aether/aether-util/0.9.0.M2/aether-util-0.9.0.M2.pom (2.0 kB at 57 kB/s)
#13 10.56 [INFO] Downloading from central: https://repo.maven.apache.org/maven2/org/eclipse/aether/aether-impl/0.9.0.M2/aether-impl-0.9.0.M2.pom
#13 10.60 [INFO] Downloaded from central: https://repo.maven.apache.org/maven2/org/eclipse/aether/aether-impl/0.9.0.M2/aether-impl-0.9.0.M2.pom (3.3 kB at 80 kB/s)
#13 10.61 [INFO] Downloading from central: https://repo.maven.apache.org/maven2/org/codehaus/plexus/plexus-classworlds/2.4.2/plexus-classworlds-2.4.2.pom
#13 10.64 [INFO] Downloaded from central: https://repo.maven.apache.org/maven2/org/codehaus/plexus/plexus-classworlds/2.4.2/plexus-classworlds-2.4.2.pom (3.5 kB at 110 kB/s)
#13 10.64 [INFO] Downloading from central: https://repo.maven.apache.org/maven2/org/codehaus/plexus/plexus/3.0.1/plexus-3.0.1.pom
#13 10.69 [INFO] Downloaded from central: https://repo.maven.apache.org/maven2/org/codehaus/plexus/plexus/3.0.1/plexus-3.0.1.pom (19 kB at 433 kB/s)
#13 10.69 [INFO] Downloading from central: https://repo.maven.apache.org/maven2/org/apache/maven/shared/maven-shared-utils/3.3.4/maven-shared-utils-3.3.4.pom
#13 10.74 [INFO] Downloaded from central: https://repo.maven.apache.org/maven2/org/apache/maven/shared/maven-shared-utils/3.3.4/maven-shared-utils-3.3.4.pom (5.8 kB at 110 kB/s)
#13 10.75 [INFO] Downloading from central: https://repo.maven.apache.org/maven2/commons-io/commons-io/2.6/commons-io-2.6.pom
#13 10.81 [INFO] Downloaded from central: https://repo.maven.apache.org/maven2/commons-io/commons-io/2.6/commons-io-2.6.pom (14 kB at 242 kB/s)
#13 10.81 [INFO] Downloading from central: https://repo.maven.apache.org/maven2/org/apache/commons/commons-parent/42/commons-parent-42.pom
#13 10.85 [INFO] Downloaded from central: https://repo.maven.apache.org/maven2/org/apache/commons/commons-parent/42/commons-parent-42.pom (68 kB at 1.7 MB/s)
#13 10.86 [INFO] Downloading from central: https://repo.maven.apache.org/maven2/org/apache/apache/18/apache-18.pom
#13 10.90 [INFO] Downloaded from central: https://repo.maven.apache.org/maven2/org/apache/apache/18/apache-18.pom (16 kB at 373 kB/s)
#13 10.91 [INFO] Downloading from central: https://repo.maven.apache.org/maven2/org/apache/maven/doxia/doxia-decoration-model/1.11.1/doxia-decoration-model-1.11.1.pom
#13 10.94 [INFO] Downloaded from central: https://repo.maven.apache.org/maven2/org/apache/maven/doxia/doxia-decoration-model/1.11.1/doxia-decoration-model-1.11.1.pom (3.4 kB at 117 kB/s)
#13 10.94 [INFO] Downloading from central: https://repo.maven.apache.org/maven2/org/apache/maven/doxia/doxia-sitetools/1.11.1/doxia-sitetools-1.11.1.pom
#13 10.99 [INFO] Downloaded from central: https://repo.maven.apache.org/maven2/org/apache/maven/doxia/doxia-sitetools/1.11.1/doxia-sitetools-1.11.1.pom (14 kB at 289 kB/s)
#13 10.99 [INFO] Downloading from central: https://repo.maven.apache.org/maven2/org/codehaus/plexus/plexus-component-annotations/2.0.0/plexus-component-annotations-2.0.0.pom
#13 11.03 [INFO] Downloaded from central: https://repo.maven.apache.org/maven2/org/codehaus/plexus/plexus-component-annotations/2.0.0/plexus-component-annotations-2.0.0.pom (750 B at 17 kB/s)
#13 11.04 [INFO] Downloading from central: https://repo.maven.apache.org/maven2/org/codehaus/plexus/plexus-containers/2.0.0/plexus-containers-2.0.0.pom
#13 11.08 [INFO] Downloaded from central: https://repo.maven.apache.org/maven2/org/codehaus/plexus/plexus-containers/2.0.0/plexus-containers-2.0.0.pom (4.8 kB at 117 kB/s)
#13 11.08 [INFO] Downloading from central: https://repo.maven.apache.org/maven2/org/codehaus/plexus/plexus/5.1/plexus-5.1.pom
#13 11.13 [INFO] Downloaded from central: https://repo.maven.apache.org/maven2/org/codehaus/plexus/plexus/5.1/plexus-5.1.pom (23 kB at 469 kB/s)
#13 11.14 [INFO] Downloading from central: https://repo.maven.apache.org/maven2/org/apache/maven/doxia/doxia-core/1.11.1/doxia-core-1.11.1.pom
#13 11.18 [INFO] Downloaded from central: https://repo.maven.apache.org/maven2/org/apache/maven/doxia/doxia-core/1.11.1/doxia-core-1.11.1.pom (4.5 kB at 105 kB/s)
#13 11.18 [INFO] Downloading from central: https://repo.maven.apache.org/maven2/org/codehaus/plexus/plexus-component-annotations/2.1.0/plexus-component-annotations-2.1.0.pom
#13 11.22 [INFO] Downloaded from central: https://repo.maven.apache.org/maven2/org/codehaus/plexus/plexus-component-annotations/2.1.0/plexus-component-annotations-2.1.0.pom (750 B at 21 kB/s)
#13 11.22 [INFO] Downloading from central: https://repo.maven.apache.org/maven2/org/codehaus/plexus/plexus-containers/2.1.0/plexus-containers-2.1.0.pom
#13 11.26 [INFO] Downloaded from central: https://repo.maven.apache.org/maven2/org/codehaus/plexus/plexus-containers/2.1.0/plexus-containers-2.1.0.pom (4.8 kB at 130 kB/s)
#13 11.26 [INFO] Downloading from central: https://repo.maven.apache.org/maven2/org/apache/commons/commons-lang3/3.8.1/commons-lang3-3.8.1.pom
#13 11.31 [INFO] Downloaded from central: https://repo.maven.apache.org/maven2/org/apache/commons/commons-lang3/3.8.1/commons-lang3-3.8.1.pom (28 kB at 593 kB/s)
#13 11.32 [INFO] Downloading from central: https://repo.maven.apache.org/maven2/org/apache/commons/commons-parent/47/commons-parent-47.pom
#13 11.37 [INFO] Downloaded from central: https://repo.maven.apache.org/maven2/org/apache/commons/commons-parent/47/commons-parent-47.pom (78 kB at 1.5 MB/s)
#13 11.37 [INFO] Downloading from central: https://repo.maven.apache.org/maven2/org/apache/apache/19/apache-19.pom
#13 11.43 [INFO] Downloaded from central: https://repo.maven.apache.org/maven2/org/apache/apache/19/apache-19.pom (15 kB at 298 kB/s)
#13 11.44 [INFO] Downloading from central: https://repo.maven.apache.org/maven2/org/apache/commons/commons-text/1.10.0/commons-text-1.10.0.pom
#13 11.49 [INFO] Downloaded from central: https://repo.maven.apache.org/maven2/org/apache/commons/commons-text/1.10.0/commons-text-1.10.0.pom (21 kB at 416 kB/s)
#13 11.49 [INFO] Downloading from central: https://repo.maven.apache.org/maven2/org/apache/commons/commons-parent/54/commons-parent-54.pom
#13 11.53 [INFO] Downloaded from central: https://repo.maven.apache.org/maven2/org/apache/commons/commons-parent/54/commons-parent-54.pom (82 kB at 1.8 MB/s)
#13 11.54 [INFO] Downloading from central: https://repo.maven.apache.org/maven2/org/apache/apache/27/apache-27.pom
#13 11.58 [INFO] Downloaded from central: https://repo.maven.apache.org/maven2/org/apache/apache/27/apache-27.pom (20 kB at 443 kB/s)
#13 11.59 [INFO] Downloading from central: https://repo.maven.apache.org/maven2/org/junit/junit-bom/5.9.1/junit-bom-5.9.1.pom
#13 11.64 [INFO] Downloaded from central: https://repo.maven.apache.org/maven2/org/junit/junit-bom/5.9.1/junit-bom-5.9.1.pom (5.6 kB at 106 kB/s)
#13 11.65 [INFO] Downloading from central: https://repo.maven.apache.org/maven2/org/apache/commons/commons-lang3/3.12.0/commons-lang3-3.12.0.pom
#13 11.69 [INFO] Downloaded from central: https://repo.maven.apache.org/maven2/org/apache/commons/commons-lang3/3.12.0/commons-lang3-3.12.0.pom (31 kB at 713 kB/s)
#13 11.69 [INFO] Downloading from central: https://repo.maven.apache.org/maven2/org/apache/commons/commons-parent/52/commons-parent-52.pom
#13 11.74 [INFO] Downloaded from central: https://repo.maven.apache.org/maven2/org/apache/commons/commons-parent/52/commons-parent-52.pom (79 kB at 1.7 MB/s)
#13 11.75 [INFO] Downloading from central: https://repo.maven.apache.org/maven2/org/junit/junit-bom/5.7.1/junit-bom-5.7.1.pom
#13 11.80 [INFO] Downloaded from central: https://repo.maven.apache.org/maven2/org/junit/junit-bom/5.7.1/junit-bom-5.7.1.pom (5.1 kB at 98 kB/s)
#13 11.81 [INFO] Downloading from central: https://repo.maven.apache.org/maven2/org/apache/httpcomponents/httpclient/4.5.13/httpclient-4.5.13.pom
#13 11.85 [INFO] Downloaded from central: https://repo.maven.apache.org/maven2/org/apache/httpcomponents/httpclient/4.5.13/httpclient-4.5.13.pom (6.6 kB at 138 kB/s)
#13 11.86 [INFO] Downloading from central: https://repo.maven.apache.org/maven2/org/apache/httpcomponents/httpcomponents-client/4.5.13/httpcomponents-client-4.5.13.pom
#13 11.90 [INFO] Downloaded from central: https://repo.maven.apache.org/maven2/org/apache/httpcomponents/httpcomponents-client/4.5.13/httpcomponents-client-4.5.13.pom (16 kB at 364 kB/s)
#13 11.90 [INFO] Downloading from central: https://repo.maven.apache.org/maven2/org/apache/httpcomponents/httpcomponents-parent/11/httpcomponents-parent-11.pom
#13 11.95 [INFO] Downloaded from central: https://repo.maven.apache.org/maven2/org/apache/httpcomponents/httpcomponents-parent/11/httpcomponents-parent-11.pom (35 kB at 754 kB/s)
#13 11.95 [INFO] Downloading from central: https://repo.maven.apache.org/maven2/org/apache/apache/21/apache-21.pom
#13 12.00 [INFO] Downloaded from central: https://repo.maven.apache.org/maven2/org/apache/apache/21/apache-21.pom (17 kB at 398 kB/s)
#13 12.00 [INFO] Downloading from central: https://repo.maven.apache.org/maven2/org/apache/httpcomponents/httpcore/4.4.13/httpcore-4.4.13.pom
#13 12.04 [INFO] Downloaded from central: https://repo.maven.apache.org/maven2/org/apache/httpcomponents/httpcore/4.4.13/httpcore-4.4.13.pom (5.0 kB at 134 kB/s)
#13 12.04 [INFO] Downloading from central: https://repo.maven.apache.org/maven2/org/apache/httpcomponents/httpcomponents-core/4.4.13/httpcomponents-core-4.4.13.pom
#13 12.10 [INFO] Downloaded from central: https://repo.maven.apache.org/maven2/org/apache/httpcomponents/httpcomponents-core/4.4.13/httpcomponents-core-4.4.13.pom (13 kB at 219 kB/s)
#13 12.10 [INFO] Downloading from central: https://repo.maven.apache.org/maven2/commons-logging/commons-logging/1.2/commons-logging-1.2.pom
#13 12.16 [INFO] Downloaded from central: https://repo.maven.apache.org/maven2/commons-logging/commons-logging/1.2/commons-logging-1.2.pom (19 kB at 349 kB/s)
#13 12.16 [INFO] Downloading from central: https://repo.maven.apache.org/maven2/org/apache/commons/commons-parent/34/commons-parent-34.pom
#13 12.22 [INFO] Downloaded from central: https://repo.maven.apache.org/maven2/org/apache/commons/commons-parent/34/commons-parent-34.pom (56 kB at 902 kB/s)
#13 12.23 [INFO] Downloading from central: https://repo.maven.apache.org/maven2/commons-codec/commons-codec/1.11/commons-codec-1.11.pom
#13 12.28 [INFO] Downloaded from central: https://repo.maven.apache.org/maven2/commons-codec/commons-codec/1.11/commons-codec-1.11.pom (14 kB at 297 kB/s)
#13 12.28 [INFO] Downloading from central: https://repo.maven.apache.org/maven2/org/apache/httpcomponents/httpcore/4.4.14/httpcore-4.4.14.pom
#13 12.33 [INFO] Downloaded from central: https://repo.maven.apache.org/maven2/org/apache/httpcomponents/httpcore/4.4.14/httpcore-4.4.14.pom (5.0 kB at 110 kB/s)
#13 12.33 [INFO] Downloading from central: https://repo.maven.apache.org/maven2/org/apache/httpcomponents/httpcomponents-core/4.4.14/httpcomponents-core-4.4.14.pom
#13 12.39 [INFO] Downloaded from central: https://repo.maven.apache.org/maven2/org/apache/httpcomponents/httpcomponents-core/4.4.14/httpcomponents-core-4.4.14.pom (13 kB at 223 kB/s)
#13 12.39 [INFO] Downloading from central: https://repo.maven.apache.org/maven2/org/apache/maven/doxia/doxia-integration-tools/1.11.1/doxia-integration-tools-1.11.1.pom
#13 12.44 [INFO] Downloaded from central: https://repo.maven.apache.org/maven2/org/apache/maven/doxia/doxia-integration-tools/1.11.1/doxia-integration-tools-1.11.1.pom (6.0 kB at 112 kB/s)
#13 12.45 [INFO] Downloading from central: https://repo.maven.apache.org/maven2/org/apache/maven/reporting/maven-reporting-api/3.0/maven-reporting-api-3.0.pom
#13 12.50 [INFO] Downloaded from central: https://repo.maven.apache.org/maven2/org/apache/maven/reporting/maven-reporting-api/3.0/maven-reporting-api-3.0.pom (2.4 kB at 44 kB/s)
#13 12.50 [INFO] Downloading from central: https://repo.maven.apache.org/maven2/org/apache/maven/shared/maven-shared-components/15/maven-shared-components-15.pom
#13 12.56 [INFO] Downloaded from central: https://repo.maven.apache.org/maven2/org/apache/maven/shared/maven-shared-components/15/maven-shared-components-15.pom (9.3 kB at 167 kB/s)
#13 12.56 [INFO] Downloading from central: https://repo.maven.apache.org/maven2/org/apache/maven/maven-parent/16/maven-parent-16.pom
#13 12.63 [INFO] Downloaded from central: https://repo.maven.apache.org/maven2/org/apache/maven/maven-parent/16/maven-parent-16.pom (23 kB at 369 kB/s)
#13 12.63 [INFO] Downloading from central: https://repo.maven.apache.org/maven2/org/apache/apache/7/apache-7.pom
#13 12.69 [INFO] Downloaded from central: https://repo.maven.apache.org/maven2/org/apache/apache/7/apache-7.pom (14 kB at 253 kB/s)
#13 12.69 [INFO] Downloading from central: https://repo.maven.apache.org/maven2/org/apache/maven/doxia/doxia-sink-api/1.0/doxia-sink-api-1.0.pom
#13 12.74 [INFO] Downloaded from central: https://repo.maven.apache.org/maven2/org/apache/maven/doxia/doxia-sink-api/1.0/doxia-sink-api-1.0.pom (1.4 kB at 27 kB/s)
#13 12.74 [INFO] Downloading from central: https://repo.maven.apache.org/maven2/org/apache/maven/doxia/doxia/1.0/doxia-1.0.pom
#13 12.79 [INFO] Downloaded from central: https://repo.maven.apache.org/maven2/org/apache/maven/doxia/doxia/1.0/doxia-1.0.pom (9.6 kB at 219 kB/s)
#13 12.79 [INFO] Downloading from central: https://repo.maven.apache.org/maven2/org/apache/maven/maven-parent/10/maven-parent-10.pom
#13 12.83 [INFO] Downloaded from central: https://repo.maven.apache.org/maven2/org/apache/maven/maven-parent/10/maven-parent-10.pom (32 kB at 753 kB/s)
#13 12.84 [INFO] Downloading from central: https://repo.maven.apache.org/maven2/org/apache/apache/4/apache-4.pom
#13 12.87 [INFO] Downloaded from central: https://repo.maven.apache.org/maven2/org/apache/apache/4/apache-4.pom (4.5 kB at 132 kB/s)
#13 12.87 [INFO] Downloading from central: https://repo.maven.apache.org/maven2/org/apache/maven/maven-artifact/2.2.1/maven-artifact-2.2.1.pom
#13 12.94 [INFO] Downloaded from central: https://repo.maven.apache.org/maven2/org/apache/maven/maven-artifact/2.2.1/maven-artifact-2.2.1.pom (1.6 kB at 26 kB/s)
#13 12.94 [INFO] Downloading from central: https://repo.maven.apache.org/maven2/org/apache/maven/maven/2.2.1/maven-2.2.1.pom
#13 12.98 [INFO] Downloaded from central: https://repo.maven.apache.org/maven2/org/apache/maven/maven/2.2.1/maven-2.2.1.pom (22 kB at 606 kB/s)
#13 12.98 [INFO] Downloading from central: https://repo.maven.apache.org/maven2/org/apache/maven/maven-parent/11/maven-parent-11.pom
#13 13.02 [INFO] Downloaded from central: https://repo.maven.apache.org/maven2/org/apache/maven/maven-parent/11/maven-parent-11.pom (32 kB at 810 kB/s)
#13 13.02 [INFO] Downloading from central: https://repo.maven.apache.org/maven2/org/apache/apache/5/apache-5.pom
#13 13.06 [INFO] Downloaded from central: https://repo.maven.apache.org/maven2/org/apache/apache/5/apache-5.pom (4.1 kB at 100 kB/s)
#13 13.07 [INFO] Downloading from central: https://repo.maven.apache.org/maven2/org/apache/maven/maven-model/2.2.1/maven-model-2.2.1.pom
#13 13.10 [INFO] Downloaded from central: https://repo.maven.apache.org/maven2/org/apache/maven/maven-model/2.2.1/maven-model-2.2.1.pom (3.2 kB at 95 kB/s)
#13 13.10 [INFO] Downloading from central: https://repo.maven.apache.org/maven2/org/apache/maven/maven-plugin-api/2.2.1/maven-plugin-api-2.2.1.pom
#13 13.14 [INFO] Downloaded from central: https://repo.maven.apache.org/maven2/org/apache/maven/maven-plugin-api/2.2.1/maven-plugin-api-2.2.1.pom (1.5 kB at 36 kB/s)
#13 13.15 [INFO] Downloading from central: https://repo.maven.apache.org/maven2/org/codehaus/plexus/plexus-i18n/1.0-beta-10/plexus-i18n-1.0-beta-10.pom
#13 13.18 [INFO] Downloaded from central: https://repo.maven.apache.org/maven2/org/codehaus/plexus/plexus-i18n/1.0-beta-10/plexus-i18n-1.0-beta-10.pom (2.1 kB at 55 kB/s)
#13 13.19 [INFO] Downloading from central: https://repo.maven.apache.org/maven2/org/codehaus/plexus/plexus-components/1.1.12/plexus-components-1.1.12.pom
#13 13.22 [INFO] Downloaded from central: https://repo.maven.apache.org/maven2/org/codehaus/plexus/plexus-components/1.1.12/plexus-components-1.1.12.pom (3.0 kB at 104 kB/s)
#13 13.22 [INFO] Downloading from central: https://repo.maven.apache.org/maven2/org/codehaus/plexus/plexus/1.0.10/plexus-1.0.10.pom
#13 13.26 [INFO] Downloaded from central: https://repo.maven.apache.org/maven2/org/codehaus/plexus/plexus/1.0.10/plexus-1.0.10.pom (8.2 kB at 212 kB/s)
#13 13.26 [INFO] Downloading from central: https://repo.maven.apache.org/maven2/org/codehaus/plexus/plexus-interpolation/1.26/plexus-interpolation-1.26.pom
#13 13.29 [INFO] Downloaded from central: https://repo.maven.apache.org/maven2/org/codehaus/plexus/plexus-interpolation/1.26/plexus-interpolation-1.26.pom (2.7 kB at 88 kB/s)
#13 13.29 [INFO] Downloading from central: https://repo.maven.apache.org/maven2/org/apache/maven/doxia/doxia-site-renderer/1.11.1/doxia-site-renderer-1.11.1.pom
#13 13.32 [INFO] Downloaded from central: https://repo.maven.apache.org/maven2/org/apache/maven/doxia/doxia-site-renderer/1.11.1/doxia-site-renderer-1.11.1.pom (7.7 kB at 256 kB/s)
#13 13.32 [INFO] Downloading from central: https://repo.maven.apache.org/maven2/org/apache/maven/maven-artifact/3.0/maven-artifact-3.0.pom
#13 13.37 [INFO] Downloaded from central: https://repo.maven.apache.org/maven2/org/apache/maven/maven-artifact/3.0/maven-artifact-3.0.pom (1.9 kB at 45 kB/s)
#13 13.37 [INFO] Downloading from central: https://repo.maven.apache.org/maven2/org/apache/maven/maven/3.0/maven-3.0.pom
#13 13.41 [INFO] Downloaded from central: https://repo.maven.apache.org/maven2/org/apache/maven/maven/3.0/maven-3.0.pom (22 kB at 576 kB/s)
#13 13.41 [INFO] Downloading from central: https://repo.maven.apache.org/maven2/org/apache/maven/maven-parent/15/maven-parent-15.pom
#13 13.45 [INFO] Downloaded from central: https://repo.maven.apache.org/maven2/org/apache/maven/maven-parent/15/maven-parent-15.pom (24 kB at 615 kB/s)
#13 13.45 [INFO] Downloading from central: https://repo.maven.apache.org/maven2/org/apache/apache/6/apache-6.pom
#13 13.49 [INFO] Downloaded from central: https://repo.maven.apache.org/maven2/org/apache/apache/6/apache-6.pom (13 kB at 337 kB/s)
#13 13.49 [INFO] Downloading from central: https://repo.maven.apache.org/maven2/org/apache/maven/doxia/doxia-skin-model/1.11.1/doxia-skin-model-1.11.1.pom
#13 13.54 [INFO] Downloaded from central: https://repo.maven.apache.org/maven2/org/apache/maven/doxia/doxia-skin-model/1.11.1/doxia-skin-model-1.11.1.pom (3.0 kB at 56 kB/s)
#13 13.55 [INFO] Downloading from central: https://repo.maven.apache.org/maven2/org/apache/maven/doxia/doxia-module-xhtml/1.11.1/doxia-module-xhtml-1.11.1.pom
#13 13.59 [INFO] Downloaded from central: https://repo.maven.apache.org/maven2/org/apache/maven/doxia/doxia-module-xhtml/1.11.1/doxia-module-xhtml-1.11.1.pom (2.0 kB at 46 kB/s)
#13 13.59 [INFO] Downloading from central: https://repo.maven.apache.org/maven2/org/apache/maven/doxia/doxia-modules/1.11.1/doxia-modules-1.11.1.pom
#13 13.63 [INFO] Downloaded from central: https://repo.maven.apache.org/maven2/org/apache/maven/doxia/doxia-modules/1.11.1/doxia-modules-1.11.1.pom (2.7 kB at 67 kB/s)
#13 13.64 [INFO] Downloading from central: https://repo.maven.apache.org/maven2/org/apache/maven/doxia/doxia-module-xhtml5/1.11.1/doxia-module-xhtml5-1.11.1.pom
#13 13.68 [INFO] Downloaded from central: https://repo.maven.apache.org/maven2/org/apache/maven/doxia/doxia-module-xhtml5/1.11.1/doxia-module-xhtml5-1.11.1.pom (2.0 kB at 51 kB/s)
#13 13.68 [INFO] Downloading from central: https://repo.maven.apache.org/maven2/org/codehaus/plexus/plexus-velocity/1.2/plexus-velocity-1.2.pom
#13 13.71 [INFO] Downloaded from central: https://repo.maven.apache.org/maven2/org/codehaus/plexus/plexus-velocity/1.2/plexus-velocity-1.2.pom (2.8 kB at 97 kB/s)
#13 13.71 [INFO] Downloading from central: https://repo.maven.apache.org/maven2/org/codehaus/plexus/plexus-components/4.0/plexus-components-4.0.pom
#13 13.75 [INFO] Downloaded from central: https://repo.maven.apache.org/maven2/org/codehaus/plexus/plexus-components/4.0/plexus-components-4.0.pom (2.7 kB at 62 kB/s)
#13 13.76 [INFO] Downloading from central: https://repo.maven.apache.org/maven2/org/codehaus/plexus/plexus/4.0/plexus-4.0.pom
#13 13.80 [INFO] Downloaded from central: https://repo.maven.apache.org/maven2/org/codehaus/plexus/plexus/4.0/plexus-4.0.pom (22 kB at 457 kB/s)
#13 13.81 [INFO] Downloading from central: https://repo.maven.apache.org/maven2/commons-collections/commons-collections/3.1/commons-collections-3.1.pom
#13 13.85 [INFO] Downloaded from central: https://repo.maven.apache.org/maven2/commons-collections/commons-collections/3.1/commons-collections-3.1.pom (6.1 kB at 152 kB/s)
#13 13.85 [INFO] Downloading from central: https://repo.maven.apache.org/maven2/org/apache/velocity/velocity/1.7/velocity-1.7.pom
#13 13.90 [INFO] Downloaded from central: https://repo.maven.apache.org/maven2/org/apache/velocity/velocity/1.7/velocity-1.7.pom (11 kB at 236 kB/s)
#13 13.90 [INFO] Downloading from central: https://repo.maven.apache.org/maven2/commons-collections/commons-collections/3.2.1/commons-collections-3.2.1.pom
#13 13.94 [INFO] Downloaded from central: https://repo.maven.apache.org/maven2/commons-collections/commons-collections/3.2.1/commons-collections-3.2.1.pom (13 kB at 278 kB/s)
#13 13.95 [INFO] Downloading from central: https://repo.maven.apache.org/maven2/org/apache/commons/commons-parent/9/commons-parent-9.pom
#13 13.99 [INFO] Downloaded from central: https://repo.maven.apache.org/maven2/org/apache/commons/commons-parent/9/commons-parent-9.pom (22 kB at 548 kB/s)
#13 13.99 [INFO] Downloading from central: https://repo.maven.apache.org/maven2/commons-lang/commons-lang/2.4/commons-lang-2.4.pom
#13 14.02 [INFO] Downloaded from central: https://repo.maven.apache.org/maven2/commons-lang/commons-lang/2.4/commons-lang-2.4.pom (14 kB at 437 kB/s)
#13 14.02 [INFO] Downloading from central: https://repo.maven.apache.org/maven2/org/apache/velocity/velocity-tools/2.0/velocity-tools-2.0.pom
#13 14.06 [INFO] Downloaded from central: https://repo.maven.apache.org/maven2/org/apache/velocity/velocity-tools/2.0/velocity-tools-2.0.pom (18 kB at 444 kB/s)
#13 14.07 [INFO] Downloading from central: https://repo.maven.apache.org/maven2/commons-beanutils/commons-beanutils/1.7.0/commons-beanutils-1.7.0.pom
#13 14.10 [INFO] Downloaded from central: https://repo.maven.apache.org/maven2/commons-beanutils/commons-beanutils/1.7.0/commons-beanutils-1.7.0.pom (357 B at 13 kB/s)
#13 14.10 [INFO] Downloading from central: https://repo.maven.apache.org/maven2/commons-logging/commons-logging/1.0.3/commons-logging-1.0.3.pom
#13 14.14 [INFO] Downloaded from central: https://repo.maven.apache.org/maven2/commons-logging/commons-logging/1.0.3/commons-logging-1.0.3.pom (866 B at 20 kB/s)
#13 14.15 [INFO] Downloading from central: https://repo.maven.apache.org/maven2/commons-digester/commons-digester/1.8/commons-digester-1.8.pom
#13 14.18 [INFO] Downloaded from central: https://repo.maven.apache.org/maven2/commons-digester/commons-digester/1.8/commons-digester-1.8.pom (7.0 kB at 219 kB/s)
#13 14.18 [INFO] Downloading from central: https://repo.maven.apache.org/maven2/commons-logging/commons-logging/1.1/commons-logging-1.1.pom
#13 14.21 [INFO] Downloaded from central: https://repo.maven.apache.org/maven2/commons-logging/commons-logging/1.1/commons-logging-1.1.pom (6.2 kB at 199 kB/s)
#13 14.21 [INFO] Downloading from central: https://repo.maven.apache.org/maven2/log4j/log4j/1.2.12/log4j-1.2.12.pom
#13 14.25 [INFO] Downloaded from central: https://repo.maven.apache.org/maven2/log4j/log4j/1.2.12/log4j-1.2.12.pom (145 B at 4.3 kB/s)
#13 14.25 [INFO] Downloading from central: https://repo.maven.apache.org/maven2/logkit/logkit/1.0.1/logkit-1.0.1.pom
#13 14.29 [INFO] Downloaded from central: https://repo.maven.apache.org/maven2/logkit/logkit/1.0.1/logkit-1.0.1.pom (147 B at 3.6 kB/s)
#13 14.30 [INFO] Downloading from central: https://repo.maven.apache.org/maven2/avalon-framework/avalon-framework/4.1.3/avalon-framework-4.1.3.pom
#13 14.33 [INFO] Downloaded from central: https://repo.maven.apache.org/maven2/avalon-framework/avalon-framework/4.1.3/avalon-framework-4.1.3.pom (167 B at 5.2 kB/s)
#13 14.33 [INFO] Downloading from central: https://repo.maven.apache.org/maven2/commons-chain/commons-chain/1.1/commons-chain-1.1.pom
#13 14.37 [INFO] Downloaded from central: https://repo.maven.apache.org/maven2/commons-chain/commons-chain/1.1/commons-chain-1.1.pom (6.0 kB at 150 kB/s)
#13 14.37 [INFO] Downloading from central: https://repo.maven.apache.org/maven2/commons-digester/commons-digester/1.6/commons-digester-1.6.pom
#13 14.40 [INFO] Downloaded from central: https://repo.maven.apache.org/maven2/commons-digester/commons-digester/1.6/commons-digester-1.6.pom (974 B at 34 kB/s)
#13 14.41 [INFO] Downloading from central: https://repo.maven.apache.org/maven2/commons-beanutils/commons-beanutils/1.6/commons-beanutils-1.6.pom
#13 14.44 [INFO] Downloaded from central: https://repo.maven.apache.org/maven2/commons-beanutils/commons-beanutils/1.6/commons-beanutils-1.6.pom (2.3 kB at 64 kB/s)
#13 14.44 [INFO] Downloading from central: https://repo.maven.apache.org/maven2/commons-logging/commons-logging/1.0/commons-logging-1.0.pom
#13 14.48 [INFO] Downloaded from central: https://repo.maven.apache.org/maven2/commons-logging/commons-logging/1.0/commons-logging-1.0.pom (163 B at 4.3 kB/s)
#13 14.49 [INFO] Downloading from central: https://repo.maven.apache.org/maven2/commons-collections/commons-collections/2.0/commons-collections-2.0.pom
#13 14.52 [INFO] Downloaded from central: https://repo.maven.apache.org/maven2/commons-collections/commons-collections/2.0/commons-collections-2.0.pom (171 B at 4.8 kB/s)
#13 14.52 [INFO] Downloading from central: https://repo.maven.apache.org/maven2/commons-collections/commons-collections/2.1/commons-collections-2.1.pom
#13 14.56 [INFO] Downloaded from central: https://repo.maven.apache.org/maven2/commons-collections/commons-collections/2.1/commons-collections-2.1.pom (3.3 kB at 86 kB/s)
#13 14.57 [INFO] Downloading from central: https://repo.maven.apache.org/maven2/xml-apis/xml-apis/1.0.b2/xml-apis-1.0.b2.pom
#13 14.60 [INFO] Downloaded from central: https://repo.maven.apache.org/maven2/xml-apis/xml-apis/1.0.b2/xml-apis-1.0.b2.pom (2.2 kB at 70 kB/s)
#13 14.60 [INFO] Downloading from central: https://repo.maven.apache.org/maven2/commons-collections/commons-collections/3.2/commons-collections-3.2.pom
#13 14.64 [INFO] Downloaded from central: https://repo.maven.apache.org/maven2/commons-collections/commons-collections/3.2/commons-collections-3.2.pom (11 kB at 276 kB/s)
#13 14.64 [INFO] Downloading from central: https://repo.maven.apache.org/maven2/dom4j/dom4j/1.1/dom4j-1.1.pom
#13 14.68 [INFO] Downloaded from central: https://repo.maven.apache.org/maven2/dom4j/dom4j/1.1/dom4j-1.1.pom (142 B at 4.3 kB/s)
#13 14.68 [INFO] Downloading from central: https://repo.maven.apache.org/maven2/oro/oro/2.0.8/oro-2.0.8.pom
#13 14.73 [INFO] Downloaded from central: https://repo.maven.apache.org/maven2/oro/oro/2.0.8/oro-2.0.8.pom (140 B at 2.9 kB/s)
#13 14.73 [INFO] Downloading from central: https://repo.maven.apache.org/maven2/org/apache/velocity/velocity/1.6.2/velocity-1.6.2.pom
#13 14.77 [INFO] Downloaded from central: https://repo.maven.apache.org/maven2/org/apache/velocity/velocity/1.6.2/velocity-1.6.2.pom (11 kB at 259 kB/s)
#13 14.78 [INFO] Downloading from central: https://repo.maven.apache.org/maven2/commons-collections/commons-collections/3.2.2/commons-collections-3.2.2.pom
#13 14.81 [INFO] Downloaded from central: https://repo.maven.apache.org/maven2/commons-collections/commons-collections/3.2.2/commons-collections-3.2.2.pom (12 kB at 354 kB/s)
#13 14.81 [INFO] Downloading from central: https://repo.maven.apache.org/maven2/org/apache/commons/commons-parent/39/commons-parent-39.pom
#13 14.85 [INFO] Downloaded from central: https://repo.maven.apache.org/maven2/org/apache/commons/commons-parent/39/commons-parent-39.pom (62 kB at 1.8 MB/s)
#13 14.85 [INFO] Downloading from central: https://repo.maven.apache.org/maven2/org/apache/apache/16/apache-16.pom
#13 14.88 [INFO] Downloaded from central: https://repo.maven.apache.org/maven2/org/apache/apache/16/apache-16.pom (15 kB at 467 kB/s)
#13 14.89 [INFO] Downloading from central: https://repo.maven.apache.org/maven2/org/codehaus/plexus/plexus-archiver/4.8.0/plexus-archiver-4.8.0.pom
#13 14.92 [INFO] Downloaded from central: https://repo.maven.apache.org/maven2/org/codehaus/plexus/plexus-archiver/4.8.0/plexus-archiver-4.8.0.pom (6.1 kB at 170 kB/s)
#13 14.93 [INFO] Downloading from central: https://repo.maven.apache.org/maven2/org/codehaus/plexus/plexus/14/plexus-14.pom
#13 14.96 [INFO] Downloaded from central: https://repo.maven.apache.org/maven2/org/codehaus/plexus/plexus/14/plexus-14.pom (28 kB at 762 kB/s)
#13 14.97 [INFO] Downloading from central: https://repo.maven.apache.org/maven2/org/codehaus/plexus/plexus-io/3.4.1/plexus-io-3.4.1.pom
#13 15.01 [INFO] Downloaded from central: https://repo.maven.apache.org/maven2/org/codehaus/plexus/plexus-io/3.4.1/plexus-io-3.4.1.pom (6.0 kB at 150 kB/s)
#13 15.01 [INFO] Downloading from central: https://repo.maven.apache.org/maven2/org/codehaus/plexus/plexus/10/plexus-10.pom
#13 15.05 [INFO] Downloaded from central: https://repo.maven.apache.org/maven2/org/codehaus/plexus/plexus/10/plexus-10.pom (25 kB at 577 kB/s)
#13 15.06 [INFO] Downloading from central: https://repo.maven.apache.org/maven2/commons-io/commons-io/2.11.0/commons-io-2.11.0.pom
#13 15.12 [INFO] Downloaded from central: https://repo.maven.apache.org/maven2/commons-io/commons-io/2.11.0/commons-io-2.11.0.pom (20 kB at 346 kB/s)
#13 15.12 [INFO] Downloading from central: https://repo.maven.apache.org/maven2/org/junit/junit-bom/5.7.2/junit-bom-5.7.2.pom
#13 15.17 [INFO] Downloaded from central: https://repo.maven.apache.org/maven2/org/junit/junit-bom/5.7.2/junit-bom-5.7.2.pom (5.1 kB at 94 kB/s)
#13 15.18 [INFO] Downloading from central: https://repo.maven.apache.org/maven2/commons-io/commons-io/2.13.0/commons-io-2.13.0.pom
#13 15.21 [INFO] Downloaded from central: https://repo.maven.apache.org/maven2/commons-io/commons-io/2.13.0/commons-io-2.13.0.pom (20 kB at 655 kB/s)
#13 15.21 [INFO] Downloading from central: https://repo.maven.apache.org/maven2/org/apache/commons/commons-parent/58/commons-parent-58.pom
#13 15.26 [INFO] Downloaded from central: https://repo.maven.apache.org/maven2/org/apache/commons/commons-parent/58/commons-parent-58.pom (83 kB at 1.7 MB/s)
#13 15.27 [INFO] Downloading from central: https://repo.maven.apache.org/maven2/org/apache/commons/commons-compress/1.23.0/commons-compress-1.23.0.pom
#13 15.30 [INFO] Downloaded from central: https://repo.maven.apache.org/maven2/org/apache/commons/commons-compress/1.23.0/commons-compress-1.23.0.pom (22 kB at 575 kB/s)
#13 15.31 [INFO] Downloading from central: https://repo.maven.apache.org/maven2/org/apache/commons/commons-parent/56/commons-parent-56.pom
#13 15.35 [INFO] Downloaded from central: https://repo.maven.apache.org/maven2/org/apache/commons/commons-parent/56/commons-parent-56.pom (82 kB at 1.8 MB/s)
#13 15.36 [INFO] Downloading from central: https://repo.maven.apache.org/maven2/org/slf4j/slf4j-api/1.7.36/slf4j-api-1.7.36.pom
#13 15.40 [INFO] Downloaded from central: https://repo.maven.apache.org/maven2/org/slf4j/slf4j-api/1.7.36/slf4j-api-1.7.36.pom (2.7 kB at 76 kB/s)
#13 15.40 [INFO] Downloading from central: https://repo.maven.apache.org/maven2/org/slf4j/slf4j-parent/1.7.36/slf4j-parent-1.7.36.pom
#13 15.47 [INFO] Downloaded from central: https://repo.maven.apache.org/maven2/org/slf4j/slf4j-parent/1.7.36/slf4j-parent-1.7.36.pom (14 kB at 201 kB/s)
#13 15.47 [INFO] Downloading from central: https://repo.maven.apache.org/maven2/org/iq80/snappy/snappy/0.4/snappy-0.4.pom
#13 15.62 [INFO] Downloaded from central: https://repo.maven.apache.org/maven2/org/iq80/snappy/snappy/0.4/snappy-0.4.pom (15 kB at 96 kB/s)
#13 15.63 [INFO] Downloading from central: https://repo.maven.apache.org/maven2/org/tukaani/xz/1.9/xz-1.9.pom
#13 15.67 [INFO] Downloaded from central: https://repo.maven.apache.org/maven2/org/tukaani/xz/1.9/xz-1.9.pom (2.0 kB at 49 kB/s)
#13 15.67 [INFO] Downloading from central: https://repo.maven.apache.org/maven2/com/github/luben/zstd-jni/1.5.5-5/zstd-jni-1.5.5-5.pom
#13 15.73 [INFO] Downloaded from central: https://repo.maven.apache.org/maven2/com/github/luben/zstd-jni/1.5.5-5/zstd-jni-1.5.5-5.pom (1.9 kB at 34 kB/s)
#13 15.73 [INFO] Downloading from central: https://repo.maven.apache.org/maven2/org/codehaus/plexus/plexus-utils/3.5.1/plexus-utils-3.5.1.pom
#13 15.77 [INFO] Downloaded from central: https://repo.maven.apache.org/maven2/org/codehaus/plexus/plexus-utils/3.5.1/plexus-utils-3.5.1.pom (8.8 kB at 225 kB/s)
#13 15.77 [INFO] Downloading from central: https://repo.maven.apache.org/maven2/org/apache/maven/shared/maven-dependency-analyzer/1.13.2/maven-dependency-analyzer-1.13.2.pom
#13 15.82 [INFO] Downloaded from central: https://repo.maven.apache.org/maven2/org/apache/maven/shared/maven-dependency-analyzer/1.13.2/maven-dependency-analyzer-1.13.2.pom (6.4 kB at 146 kB/s)
#13 15.82 [INFO] Downloading from central: https://repo.maven.apache.org/maven2/org/apache/maven/shared/maven-shared-components/39/maven-shared-components-39.pom
#13 15.86 [INFO] Downloaded from central: https://repo.maven.apache.org/maven2/org/apache/maven/shared/maven-shared-components/39/maven-shared-components-39.pom (3.2 kB at 77 kB/s)
#13 15.87 [INFO] Downloading from central: https://repo.maven.apache.org/maven2/org/apache/maven/maven-core/3.2.5/maven-core-3.2.5.pom
#13 15.91 [INFO] Downloaded from central: https://repo.maven.apache.org/maven2/org/apache/maven/maven-core/3.2.5/maven-core-3.2.5.pom (8.1 kB at 230 kB/s)
#13 15.91 [INFO] Downloading from central: https://repo.maven.apache.org/maven2/org/apache/maven/maven/3.2.5/maven-3.2.5.pom
#13 15.94 [INFO] Downloaded from central: https://repo.maven.apache.org/maven2/org/apache/maven/maven/3.2.5/maven-3.2.5.pom (22 kB at 722 kB/s)
#13 15.94 [INFO] Downloading from central: https://repo.maven.apache.org/maven2/org/apache/maven/maven-parent/25/maven-parent-25.pom
#13 15.99 [INFO] Downloaded from central: https://repo.maven.apache.org/maven2/org/apache/maven/maven-parent/25/maven-parent-25.pom (37 kB at 764 kB/s)
#13 16.00 [INFO] Downloading from central: https://repo.maven.apache.org/maven2/org/apache/apache/15/apache-15.pom
#13 16.04 [INFO] Downloaded from central: https://repo.maven.apache.org/maven2/org/apache/apache/15/apache-15.pom (15 kB at 401 kB/s)
#13 16.04 [INFO] Downloading from central: https://repo.maven.apache.org/maven2/org/apache/maven/maven-model/3.2.5/maven-model-3.2.5.pom
#13 16.07 [INFO] Downloaded from central: https://repo.maven.apache.org/maven2/org/apache/maven/maven-model/3.2.5/maven-model-3.2.5.pom (4.2 kB at 137 kB/s)
#13 16.08 [INFO] Downloading from central: https://repo.maven.apache.org/maven2/org/apache/maven/maven-settings/3.2.5/maven-settings-3.2.5.pom
#13 16.11 [INFO] Downloaded from central: https://repo.maven.apache.org/maven2/org/apache/maven/maven-settings/3.2.5/maven-settings-3.2.5.pom (2.2 kB at 59 kB/s)
#13 16.12 [INFO] Downloading from central: https://repo.maven.apache.org/maven2/org/apache/maven/maven-settings-builder/3.2.5/maven-settings-builder-3.2.5.pom
#13 16.16 [INFO] Downloaded from central: https://repo.maven.apache.org/maven2/org/apache/maven/maven-settings-builder/3.2.5/maven-settings-builder-3.2.5.pom (2.6 kB at 65 kB/s)
#13 16.16 [INFO] Downloading from central: https://repo.maven.apache.org/maven2/org/codehaus/plexus/plexus-interpolation/1.21/plexus-interpolation-1.21.pom
#13 16.21 [INFO] Downloaded from central: https://repo.maven.apache.org/maven2/org/codehaus/plexus/plexus-interpolation/1.21/plexus-interpolation-1.21.pom (1.5 kB at 37 kB/s)
#13 16.21 [INFO] Downloading from central: https://repo.maven.apache.org/maven2/org/codehaus/plexus/plexus-components/1.3.1/plexus-components-1.3.1.pom
#13 16.25 [INFO] Downloaded from central: https://repo.maven.apache.org/maven2/org/codehaus/plexus/plexus-components/1.3.1/plexus-components-1.3.1.pom (3.1 kB at 77 kB/s)
#13 16.26 [INFO] Downloading from central: https://repo.maven.apache.org/maven2/org/apache/maven/maven-repository-metadata/3.2.5/maven-repository-metadata-3.2.5.pom
#13 16.29 [INFO] Downloaded from central: https://repo.maven.apache.org/maven2/org/apache/maven/maven-repository-metadata/3.2.5/maven-repository-metadata-3.2.5.pom (2.2 kB at 57 kB/s)
#13 16.30 [INFO] Downloading from central: https://repo.maven.apache.org/maven2/org/apache/maven/maven-artifact/3.2.5/maven-artifact-3.2.5.pom
#13 16.33 [INFO] Downloaded from central: https://repo.maven.apache.org/maven2/org/apache/maven/maven-artifact/3.2.5/maven-artifact-3.2.5.pom (2.3 kB at 65 kB/s)
#13 16.34 [INFO] Downloading from central: https://repo.maven.apache.org/maven2/org/apache/maven/maven-plugin-api/3.2.5/maven-plugin-api-3.2.5.pom
#13 16.39 [INFO] Downloaded from central: https://repo.maven.apache.org/maven2/org/apache/maven/maven-plugin-api/3.2.5/maven-plugin-api-3.2.5.pom (3.0 kB at 58 kB/s)
#13 16.40 [INFO] Downloading from central: https://repo.maven.apache.org/maven2/org/apache/maven/maven-model-builder/3.2.5/maven-model-builder-3.2.5.pom
#13 16.45 [INFO] Downloaded from central: https://repo.maven.apache.org/maven2/org/apache/maven/maven-model-builder/3.2.5/maven-model-builder-3.2.5.pom (3.0 kB at 56 kB/s)
#13 16.45 [INFO] Downloading from central: https://repo.maven.apache.org/maven2/org/apache/maven/maven-aether-provider/3.2.5/maven-aether-provider-3.2.5.pom
#13 16.50 [INFO] Downloaded from central: https://repo.maven.apache.org/maven2/org/apache/maven/maven-aether-provider/3.2.5/maven-aether-provider-3.2.5.pom (4.2 kB at 92 kB/s)
#13 16.51 [INFO] Downloading from central: https://repo.maven.apache.org/maven2/org/eclipse/aether/aether-api/1.0.0.v20140518/aether-api-1.0.0.v20140518.pom
#13 16.55 [INFO] Downloaded from central: https://repo.maven.apache.org/maven2/org/eclipse/aether/aether-api/1.0.0.v20140518/aether-api-1.0.0.v20140518.pom (1.9 kB at 45 kB/s)
#13 16.55 [INFO] Downloading from central: https://repo.maven.apache.org/maven2/org/eclipse/aether/aether/1.0.0.v20140518/aether-1.0.0.v20140518.pom
#13 16.60 [INFO] Downloaded from central: https://repo.maven.apache.org/maven2/org/eclipse/aether/aether/1.0.0.v20140518/aether-1.0.0.v20140518.pom (30 kB at 642 kB/s)
#13 16.61 [INFO] Downloading from central: https://repo.maven.apache.org/maven2/org/eclipse/aether/aether-spi/1.0.0.v20140518/aether-spi-1.0.0.v20140518.pom
#13 16.66 [INFO] Downloaded from central: https://repo.maven.apache.org/maven2/org/eclipse/aether/aether-spi/1.0.0.v20140518/aether-spi-1.0.0.v20140518.pom (2.1 kB at 37 kB/s)
#13 16.67 [INFO] Downloading from central: https://repo.maven.apache.org/maven2/org/eclipse/aether/aether-util/1.0.0.v20140518/aether-util-1.0.0.v20140518.pom
#13 16.72 [INFO] Downloaded from central: https://repo.maven.apache.org/maven2/org/eclipse/aether/aether-util/1.0.0.v20140518/aether-util-1.0.0.v20140518.pom (2.2 kB at 40 kB/s)
#13 16.72 [INFO] Downloading from central: https://repo.maven.apache.org/maven2/org/eclipse/aether/aether-impl/1.0.0.v20140518/aether-impl-1.0.0.v20140518.pom
#13 16.76 [INFO] Downloaded from central: https://repo.maven.apache.org/maven2/org/eclipse/aether/aether-impl/1.0.0.v20140518/aether-impl-1.0.0.v20140518.pom (3.5 kB at 96 kB/s)
#13 16.76 [INFO] Downloading from central: https://repo.maven.apache.org/maven2/org/sonatype/sisu/sisu-guice/3.2.3/sisu-guice-3.2.3.pom
#13 16.81 [INFO] Downloaded from central: https://repo.maven.apache.org/maven2/org/sonatype/sisu/sisu-guice/3.2.3/sisu-guice-3.2.3.pom (11 kB at 243 kB/s)
#13 16.81 [INFO] Downloading from central: https://repo.maven.apache.org/maven2/org/sonatype/sisu/inject/guice-parent/3.2.3/guice-parent-3.2.3.pom
#13 16.86 [INFO] Downloaded from central: https://repo.maven.apache.org/maven2/org/sonatype/sisu/inject/guice-parent/3.2.3/guice-parent-3.2.3.pom (13 kB at 254 kB/s)
#13 16.87 [INFO] Downloading from central: https://repo.maven.apache.org/maven2/org/sonatype/forge/forge-parent/38/forge-parent-38.pom
#13 16.91 [INFO] Downloaded from central: https://repo.maven.apache.org/maven2/org/sonatype/forge/forge-parent/38/forge-parent-38.pom (19 kB at 416 kB/s)
#13 16.92 [INFO] Downloading from central: https://repo.maven.apache.org/maven2/aopalliance/aopalliance/1.0/aopalliance-1.0.pom
#13 16.95 [INFO] Downloaded from central: https://repo.maven.apache.org/maven2/aopalliance/aopalliance/1.0/aopalliance-1.0.pom (363 B at 11 kB/s)
#13 16.96 [INFO] Downloading from central: https://repo.maven.apache.org/maven2/com/google/guava/guava/16.0.1/guava-16.0.1.pom
#13 16.99 [INFO] Downloaded from central: https://repo.maven.apache.org/maven2/com/google/guava/guava/16.0.1/guava-16.0.1.pom (6.1 kB at 170 kB/s)
#13 17.00 [INFO] Downloading from central: https://repo.maven.apache.org/maven2/com/google/guava/guava-parent/16.0.1/guava-parent-16.0.1.pom
#13 17.05 [INFO] Downloaded from central: https://repo.maven.apache.org/maven2/com/google/guava/guava-parent/16.0.1/guava-parent-16.0.1.pom (7.3 kB at 144 kB/s)
#13 17.05 [INFO] Downloading from central: https://repo.maven.apache.org/maven2/org/codehaus/plexus/plexus-classworlds/2.5.2/plexus-classworlds-2.5.2.pom
#13 17.09 [INFO] Downloaded from central: https://repo.maven.apache.org/maven2/org/codehaus/plexus/plexus-classworlds/2.5.2/plexus-classworlds-2.5.2.pom (7.3 kB at 170 kB/s)
#13 17.10 [INFO] Downloading from central: https://repo.maven.apache.org/maven2/org/ow2/asm/asm/9.5/asm-9.5.pom
#13 17.14 [INFO] Downloaded from central: https://repo.maven.apache.org/maven2/org/ow2/asm/asm/9.5/asm-9.5.pom (2.4 kB at 53 kB/s)
#13 17.14 [INFO] Downloading from central: https://repo.maven.apache.org/maven2/org/ow2/ow2/1.5.1/ow2-1.5.1.pom
#13 17.18 [INFO] Downloaded from central: https://repo.maven.apache.org/maven2/org/ow2/ow2/1.5.1/ow2-1.5.1.pom (11 kB at 289 kB/s)
#13 17.18 [INFO] Downloading from central: https://repo.maven.apache.org/maven2/org/apache/maven/shared/maven-dependency-tree/3.2.1/maven-dependency-tree-3.2.1.pom
#13 17.23 [INFO] Downloaded from central: https://repo.maven.apache.org/maven2/org/apache/maven/shared/maven-dependency-tree/3.2.1/maven-dependency-tree-3.2.1.pom (6.2 kB at 127 kB/s)
#13 17.24 [INFO] Downloading from central: https://repo.maven.apache.org/maven2/org/apache/maven/shared/maven-shared-components/37/maven-shared-components-37.pom
#13 17.27 [INFO] Downloaded from central: https://repo.maven.apache.org/maven2/org/apache/maven/shared/maven-shared-components/37/maven-shared-components-37.pom (4.9 kB at 136 kB/s)
#13 17.27 [INFO] Downloading from central: https://repo.maven.apache.org/maven2/org/apache/maven/maven-parent/37/maven-parent-37.pom
#13 17.31 [INFO] Downloaded from central: https://repo.maven.apache.org/maven2/org/apache/maven/maven-parent/37/maven-parent-37.pom (46 kB at 1.2 MB/s)
#13 17.32 [INFO] Downloading from central: https://repo.maven.apache.org/maven2/org/apache/maven/shared/maven-common-artifact-filters/3.3.2/maven-common-artifact-filters-3.3.2.pom
#13 17.36 [INFO] Downloaded from central: https://repo.maven.apache.org/maven2/org/apache/maven/shared/maven-common-artifact-filters/3.3.2/maven-common-artifact-filters-3.3.2.pom (5.3 kB at 123 kB/s)
#13 17.37 [INFO] Downloading from central: https://repo.maven.apache.org/maven2/org/apache/maven/shared/maven-artifact-transfer/0.13.1/maven-artifact-transfer-0.13.1.pom
#13 17.40 [INFO] Downloaded from central: https://repo.maven.apache.org/maven2/org/apache/maven/shared/maven-artifact-transfer/0.13.1/maven-artifact-transfer-0.13.1.pom (11 kB at 312 kB/s)
#13 17.41 [INFO] Downloading from central: https://repo.maven.apache.org/maven2/org/apache/maven/maven-core/3.0/maven-core-3.0.pom
#13 17.45 [INFO] Downloaded from central: https://repo.maven.apache.org/maven2/org/apache/maven/maven-core/3.0/maven-core-3.0.pom (6.6 kB at 174 kB/s)
#13 17.45 [INFO] Downloading from central: https://repo.maven.apache.org/maven2/org/apache/maven/maven-model/3.0/maven-model-3.0.pom
#13 17.49 [INFO] Downloaded from central: https://repo.maven.apache.org/maven2/org/apache/maven/maven-model/3.0/maven-model-3.0.pom (3.9 kB at 126 kB/s)
#13 17.49 [INFO] Downloading from central: https://repo.maven.apache.org/maven2/org/apache/maven/maven-settings/3.0/maven-settings-3.0.pom
#13 17.53 [INFO] Downloaded from central: https://repo.maven.apache.org/maven2/org/apache/maven/maven-settings/3.0/maven-settings-3.0.pom (1.9 kB at 46 kB/s)
#13 17.54 [INFO] Downloading from central: https://repo.maven.apache.org/maven2/org/apache/maven/maven-settings-builder/3.0/maven-settings-builder-3.0.pom
#13 17.59 [INFO] Downloaded from central: https://repo.maven.apache.org/maven2/org/apache/maven/maven-settings-builder/3.0/maven-settings-builder-3.0.pom (2.2 kB at 43 kB/s)
#13 17.59 [INFO] Downloading from central: https://repo.maven.apache.org/maven2/org/codehaus/plexus/plexus-interpolation/1.14/plexus-interpolation-1.14.pom
#13 17.63 [INFO] Downloaded from central: https://repo.maven.apache.org/maven2/org/codehaus/plexus/plexus-interpolation/1.14/plexus-interpolation-1.14.pom (910 B at 22 kB/s)
#13 17.64 [INFO] Downloading from central: https://repo.maven.apache.org/maven2/org/codehaus/plexus/plexus-components/1.1.18/plexus-components-1.1.18.pom
#13 17.69 [INFO] Downloaded from central: https://repo.maven.apache.org/maven2/org/codehaus/plexus/plexus-components/1.1.18/plexus-components-1.1.18.pom (5.4 kB at 105 kB/s)
#13 17.70 [INFO] Downloading from central: https://repo.maven.apache.org/maven2/org/apache/maven/maven-repository-metadata/3.0/maven-repository-metadata-3.0.pom
#13 17.74 [INFO] Downloaded from central: https://repo.maven.apache.org/maven2/org/apache/maven/maven-repository-metadata/3.0/maven-repository-metadata-3.0.pom (1.9 kB at 45 kB/s)
#13 17.74 [INFO] Downloading from central: https://repo.maven.apache.org/maven2/org/apache/maven/maven-plugin-api/3.0/maven-plugin-api-3.0.pom
#13 17.79 [INFO] Downloaded from central: https://repo.maven.apache.org/maven2/org/apache/maven/maven-plugin-api/3.0/maven-plugin-api-3.0.pom (2.3 kB at 49 kB/s)
#13 17.80 [INFO] Downloading from central: https://repo.maven.apache.org/maven2/org/sonatype/sisu/sisu-inject-plexus/1.4.2/sisu-inject-plexus-1.4.2.pom
#13 17.85 [INFO] Downloaded from central: https://repo.maven.apache.org/maven2/org/sonatype/sisu/sisu-inject-plexus/1.4.2/sisu-inject-plexus-1.4.2.pom (5.4 kB at 119 kB/s)
#13 17.85 [INFO] Downloading from central: https://repo.maven.apache.org/maven2/org/sonatype/sisu/inject/guice-plexus/1.4.2/guice-plexus-1.4.2.pom
#13 17.90 [INFO] Downloaded from central: https://repo.maven.apache.org/maven2/org/sonatype/sisu/inject/guice-plexus/1.4.2/guice-plexus-1.4.2.pom (3.1 kB at 65 kB/s)
#13 17.90 [INFO] Downloading from central: https://repo.maven.apache.org/maven2/org/sonatype/sisu/inject/guice-bean/1.4.2/guice-bean-1.4.2.pom
#13 17.94 [INFO] Downloaded from central: https://repo.maven.apache.org/maven2/org/sonatype/sisu/inject/guice-bean/1.4.2/guice-bean-1.4.2.pom (2.6 kB at 61 kB/s)
#13 17.95 [INFO] Downloading from central: https://repo.maven.apache.org/maven2/org/sonatype/sisu/sisu-inject/1.4.2/sisu-inject-1.4.2.pom
#13 18.00 [INFO] Downloaded from central: https://repo.maven.apache.org/maven2/org/sonatype/sisu/sisu-inject/1.4.2/sisu-inject-1.4.2.pom (1.2 kB at 25 kB/s)
#13 18.00 [INFO] Downloading from central: https://repo.maven.apache.org/maven2/org/sonatype/sisu/sisu-parent/1.4.2/sisu-parent-1.4.2.pom
#13 18.03 [INFO] Downloaded from central: https://repo.maven.apache.org/maven2/org/sonatype/sisu/sisu-parent/1.4.2/sisu-parent-1.4.2.pom (7.8 kB at 236 kB/s)
#13 18.04 [INFO] Downloading from central: https://repo.maven.apache.org/maven2/org/sonatype/forge/forge-parent/6/forge-parent-6.pom
#13 18.08 [INFO] Downloaded from central: https://repo.maven.apache.org/maven2/org/sonatype/forge/forge-parent/6/forge-parent-6.pom (11 kB at 239 kB/s)
#13 18.09 [INFO] Downloading from central: https://repo.maven.apache.org/maven2/org/codehaus/plexus/plexus-component-annotations/1.5.4/plexus-component-annotations-1.5.4.pom
#13 18.13 [INFO] Downloaded from central: https://repo.maven.apache.org/maven2/org/codehaus/plexus/plexus-component-annotations/1.5.4/plexus-component-annotations-1.5.4.pom (815 B at 20 kB/s)
#13 18.13 [INFO] Downloading from central: https://repo.maven.apache.org/maven2/org/codehaus/plexus/plexus-containers/1.5.4/plexus-containers-1.5.4.pom
#13 18.17 [INFO] Downloaded from central: https://repo.maven.apache.org/maven2/org/codehaus/plexus/plexus-containers/1.5.4/plexus-containers-1.5.4.pom (4.2 kB at 121 kB/s)
#13 18.17 [INFO] Downloading from central: https://repo.maven.apache.org/maven2/org/codehaus/plexus/plexus/2.0.5/plexus-2.0.5.pom
#13 18.21 [INFO] Downloaded from central: https://repo.maven.apache.org/maven2/org/codehaus/plexus/plexus/2.0.5/plexus-2.0.5.pom (17 kB at 377 kB/s)
#13 18.22 [INFO] Downloading from central: https://repo.maven.apache.org/maven2/org/codehaus/plexus/plexus-classworlds/2.2.3/plexus-classworlds-2.2.3.pom
#13 18.26 [INFO] Downloaded from central: https://repo.maven.apache.org/maven2/org/codehaus/plexus/plexus-classworlds/2.2.3/plexus-classworlds-2.2.3.pom (4.0 kB at 93 kB/s)
#13 18.27 [INFO] Downloading from central: https://repo.maven.apache.org/maven2/org/codehaus/plexus/plexus/2.0.6/plexus-2.0.6.pom
#13 18.31 [INFO] Downloaded from central: https://repo.maven.apache.org/maven2/org/codehaus/plexus/plexus/2.0.6/plexus-2.0.6.pom (17 kB at 409 kB/s)
#13 18.32 [INFO] Downloading from central: https://repo.maven.apache.org/maven2/org/sonatype/sisu/sisu-inject-bean/1.4.2/sisu-inject-bean-1.4.2.pom
#13 18.35 [INFO] Downloaded from central: https://repo.maven.apache.org/maven2/org/sonatype/sisu/sisu-inject-bean/1.4.2/sisu-inject-bean-1.4.2.pom (5.5 kB at 156 kB/s)
#13 18.35 [INFO] Downloading from central: https://repo.maven.apache.org/maven2/org/sonatype/sisu/sisu-guice/2.1.7/sisu-guice-2.1.7.pom
#13 18.40 [INFO] Downloaded from central: https://repo.maven.apache.org/maven2/org/sonatype/sisu/sisu-guice/2.1.7/sisu-guice-2.1.7.pom (11 kB at 270 kB/s)
#13 18.40 [INFO] Downloading from central: https://repo.maven.apache.org/maven2/org/apache/maven/maven-model-builder/3.0/maven-model-builder-3.0.pom
#13 18.44 [INFO] Downloaded from central: https://repo.maven.apache.org/maven2/org/apache/maven/maven-model-builder/3.0/maven-model-builder-3.0.pom (2.2 kB at 56 kB/s)
#13 18.44 [INFO] Downloading from central: https://repo.maven.apache.org/maven2/org/apache/maven/maven-aether-provider/3.0/maven-aether-provider-3.0.pom
#13 18.47 [INFO] Downloaded from central: https://repo.maven.apache.org/maven2/org/apache/maven/maven-aether-provider/3.0/maven-aether-provider-3.0.pom (2.5 kB at 80 kB/s)
#13 18.48 [INFO] Downloading from central: https://repo.maven.apache.org/maven2/org/sonatype/aether/aether-api/1.7/aether-api-1.7.pom
#13 18.53 [INFO] Downloaded from central: https://repo.maven.apache.org/maven2/org/sonatype/aether/aether-api/1.7/aether-api-1.7.pom (1.7 kB at 30 kB/s)
#13 18.54 [INFO] Downloading from central: https://repo.maven.apache.org/maven2/org/sonatype/aether/aether-parent/1.7/aether-parent-1.7.pom
#13 18.57 [INFO] Downloaded from central: https://repo.maven.apache.org/maven2/org/sonatype/aether/aether-parent/1.7/aether-parent-1.7.pom (7.7 kB at 203 kB/s)
#13 18.58 [INFO] Downloading from central: https://repo.maven.apache.org/maven2/org/sonatype/aether/aether-util/1.7/aether-util-1.7.pom
#13 18.63 [INFO] Downloaded from central: https://repo.maven.apache.org/maven2/org/sonatype/aether/aether-util/1.7/aether-util-1.7.pom (2.1 kB at 37 kB/s)
#13 18.64 [INFO] Downloading from central: https://repo.maven.apache.org/maven2/org/sonatype/aether/aether-impl/1.7/aether-impl-1.7.pom
#13 18.69 [INFO] Downloaded from central: https://repo.maven.apache.org/maven2/org/sonatype/aether/aether-impl/1.7/aether-impl-1.7.pom (3.7 kB at 72 kB/s)
#13 18.69 [INFO] Downloading from central: https://repo.maven.apache.org/maven2/org/sonatype/aether/aether-spi/1.7/aether-spi-1.7.pom
#13 18.73 [INFO] Downloaded from central: https://repo.maven.apache.org/maven2/org/sonatype/aether/aether-spi/1.7/aether-spi-1.7.pom (1.7 kB at 45 kB/s)
#13 18.73 [INFO] Downloading from central: https://repo.maven.apache.org/maven2/org/apache/maven/shared/maven-common-artifact-filters/3.1.0/maven-common-artifact-filters-3.1.0.pom
#13 18.76 [INFO] Downloaded from central: https://repo.maven.apache.org/maven2/org/apache/maven/shared/maven-common-artifact-filters/3.1.0/maven-common-artifact-filters-3.1.0.pom (5.3 kB at 176 kB/s)
#13 18.76 [INFO] Downloading from central: https://repo.maven.apache.org/maven2/org/apache/maven/shared/maven-shared-components/33/maven-shared-components-33.pom
#13 18.81 [INFO] Downloaded from central: https://repo.maven.apache.org/maven2/org/apache/maven/shared/maven-shared-components/33/maven-shared-components-33.pom (5.1 kB at 124 kB/s)
#13 18.81 [INFO] Downloading from central: https://repo.maven.apache.org/maven2/org/apache/maven/maven-parent/33/maven-parent-33.pom
#13 18.84 [INFO] Downloaded from central: https://repo.maven.apache.org/maven2/org/apache/maven/maven-parent/33/maven-parent-33.pom (44 kB at 1.4 MB/s)
#13 18.84 [INFO] Downloading from central: https://repo.maven.apache.org/maven2/org/apache/maven/shared/maven-shared-utils/3.1.0/maven-shared-utils-3.1.0.pom
#13 18.89 [INFO] Downloaded from central: https://repo.maven.apache.org/maven2/org/apache/maven/shared/maven-shared-utils/3.1.0/maven-shared-utils-3.1.0.pom (5.0 kB at 124 kB/s)
#13 18.89 [INFO] Downloading from central: https://repo.maven.apache.org/maven2/org/apache/maven/shared/maven-shared-components/30/maven-shared-components-30.pom
#13 18.92 [INFO] Downloaded from central: https://repo.maven.apache.org/maven2/org/apache/maven/shared/maven-shared-components/30/maven-shared-components-30.pom (4.6 kB at 127 kB/s)
#13 18.93 [INFO] Downloading from central: https://repo.maven.apache.org/maven2/org/apache/maven/maven-parent/30/maven-parent-30.pom
#13 18.96 [INFO] Downloaded from central: https://repo.maven.apache.org/maven2/org/apache/maven/maven-parent/30/maven-parent-30.pom (41 kB at 1.3 MB/s)
#13 18.96 [INFO] Downloading from central: https://repo.maven.apache.org/maven2/commons-io/commons-io/2.5/commons-io-2.5.pom
#13 19.00 [INFO] Downloaded from central: https://repo.maven.apache.org/maven2/commons-io/commons-io/2.5/commons-io-2.5.pom (13 kB at 332 kB/s)
#13 19.01 [INFO] Downloading from central: https://repo.maven.apache.org/maven2/org/slf4j/slf4j-api/1.7.5/slf4j-api-1.7.5.pom
#13 19.05 [INFO] Downloaded from central: https://repo.maven.apache.org/maven2/org/slf4j/slf4j-api/1.7.5/slf4j-api-1.7.5.pom (2.7 kB at 69 kB/s)
#13 19.05 [INFO] Downloading from central: https://repo.maven.apache.org/maven2/org/slf4j/slf4j-parent/1.7.5/slf4j-parent-1.7.5.pom
#13 19.09 [INFO] Downloaded from central: https://repo.maven.apache.org/maven2/org/slf4j/slf4j-parent/1.7.5/slf4j-parent-1.7.5.pom (12 kB at 268 kB/s)
#13 19.09 [INFO] Downloading from central: https://repo.maven.apache.org/maven2/org/apache/maven/shared/maven-shared-utils/3.4.2/maven-shared-utils-3.4.2.pom
#13 19.13 [INFO] Downloaded from central: https://repo.maven.apache.org/maven2/org/apache/maven/shared/maven-shared-utils/3.4.2/maven-shared-utils-3.4.2.pom (5.9 kB at 174 kB/s)
#13 19.13 [INFO] Downloading from central: https://repo.maven.apache.org/maven2/org/apache/commons/commons-collections4/4.4/commons-collections4-4.4.pom
#13 19.17 [INFO] Downloaded from central: https://repo.maven.apache.org/maven2/org/apache/commons/commons-collections4/4.4/commons-collections4-4.4.pom (24 kB at 566 kB/s)
#13 19.18 [INFO] Downloading from central: https://repo.maven.apache.org/maven2/org/apache/commons/commons-parent/48/commons-parent-48.pom
#13 19.22 [INFO] Downloaded from central: https://repo.maven.apache.org/maven2/org/apache/commons/commons-parent/48/commons-parent-48.pom (72 kB at 1.6 MB/s)
#13 19.23 [INFO] Downloading from central: https://repo.maven.apache.org/maven2/org/sonatype/plexus/plexus-build-api/0.0.7/plexus-build-api-0.0.7.pom
#13 19.26 [INFO] Downloaded from central: https://repo.maven.apache.org/maven2/org/sonatype/plexus/plexus-build-api/0.0.7/plexus-build-api-0.0.7.pom (3.2 kB at 92 kB/s)
#13 19.26 [INFO] Downloading from central: https://repo.maven.apache.org/maven2/org/sonatype/spice/spice-parent/15/spice-parent-15.pom
#13 19.30 [INFO] Downloaded from central: https://repo.maven.apache.org/maven2/org/sonatype/spice/spice-parent/15/spice-parent-15.pom (8.4 kB at 214 kB/s)
#13 19.31 [INFO] Downloading from central: https://repo.maven.apache.org/maven2/org/sonatype/forge/forge-parent/5/forge-parent-5.pom
#13 19.33 [INFO] Downloaded from central: https://repo.maven.apache.org/maven2/org/sonatype/forge/forge-parent/5/forge-parent-5.pom (8.4 kB at 299 kB/s)
#13 19.36 [INFO] Downloading from central: https://repo.maven.apache.org/maven2/org/apache/maven/doxia/doxia-sink-api/1.11.1/doxia-sink-api-1.11.1.jar
#13 19.39 [INFO] Downloaded from central: https://repo.maven.apache.org/maven2/org/apache/maven/doxia/doxia-sink-api/1.11.1/doxia-sink-api-1.11.1.jar (12 kB at 341 kB/s)
#13 19.40 [INFO] Downloading from central: https://repo.maven.apache.org/maven2/org/apache/maven/doxia/doxia-logging-api/1.11.1/doxia-logging-api-1.11.1.jar
#13 19.40 [INFO] Downloading from central: https://repo.maven.apache.org/maven2/org/apache/maven/reporting/maven-reporting-api/3.1.1/maven-reporting-api-3.1.1.jar
#13 19.40 [INFO] Downloading from central: https://repo.maven.apache.org/maven2/org/apache/maven/reporting/maven-reporting-impl/3.2.0/maven-reporting-impl-3.2.0.jar
#13 19.40 [INFO] Downloading from central: https://repo.maven.apache.org/maven2/org/apache/maven/maven-core/3.1.0/maven-core-3.1.0.jar
#13 19.40 [INFO] Downloading from central: https://repo.maven.apache.org/maven2/org/apache/maven/maven-settings/3.1.0/maven-settings-3.1.0.jar
#13 19.44 [INFO] Downloaded from central: https://repo.maven.apache.org/maven2/org/apache/maven/doxia/doxia-logging-api/1.11.1/doxia-logging-api-1.11.1.jar (12 kB at 279 kB/s)
#13 19.44 [INFO] Downloading from central: https://repo.maven.apache.org/maven2/org/apache/maven/maven-settings-builder/3.1.0/maven-settings-builder-3.1.0.jar
#13 19.49 [INFO] Downloaded from central: https://repo.maven.apache.org/maven2/org/apache/maven/reporting/maven-reporting-impl/3.2.0/maven-reporting-impl-3.2.0.jar (20 kB at 199 kB/s)
#13 19.49 [INFO] Downloading from central: https://repo.maven.apache.org/maven2/org/apache/maven/maven-repository-metadata/3.1.0/maven-repository-metadata-3.1.0.jar
#13 19.49 [INFO] Downloaded from central: https://repo.maven.apache.org/maven2/org/apache/maven/maven-settings-builder/3.1.0/maven-settings-builder-3.1.0.jar (41 kB at 432 kB/s)
#13 19.49 [INFO] Downloading from central: https://repo.maven.apache.org/maven2/org/apache/maven/maven-model-builder/3.1.0/maven-model-builder-3.1.0.jar
#13 19.50 [INFO] Downloaded from central: https://repo.maven.apache.org/maven2/org/apache/maven/reporting/maven-reporting-api/3.1.1/maven-reporting-api-3.1.1.jar (11 kB at 104 kB/s)
#13 19.50 [INFO] Downloading from central: https://repo.maven.apache.org/maven2/org/apache/maven/maven-aether-provider/3.1.0/maven-aether-provider-3.1.0.jar
#13 19.50 [INFO] Downloaded from central: https://repo.maven.apache.org/maven2/org/apache/maven/maven-settings/3.1.0/maven-settings-3.1.0.jar (47 kB at 449 kB/s)
#13 19.50 [INFO] Downloading from central: https://repo.maven.apache.org/maven2/org/eclipse/aether/aether-spi/0.9.0.M2/aether-spi-0.9.0.M2.jar
#13 19.54 [INFO] Downloaded from central: https://repo.maven.apache.org/maven2/org/eclipse/aether/aether-spi/0.9.0.M2/aether-spi-0.9.0.M2.jar (18 kB at 128 kB/s)
#13 19.54 [INFO] Downloading from central: https://repo.maven.apache.org/maven2/org/eclipse/aether/aether-impl/0.9.0.M2/aether-impl-0.9.0.M2.jar
#13 19.55 [INFO] Downloaded from central: https://repo.maven.apache.org/maven2/org/apache/maven/maven-repository-metadata/3.1.0/maven-repository-metadata-3.1.0.jar (30 kB at 203 kB/s)
#13 19.55 [INFO] Downloading from central: https://repo.maven.apache.org/maven2/org/eclipse/aether/aether-api/0.9.0.M2/aether-api-0.9.0.M2.jar
#13 19.55 [INFO] Downloaded from central: https://repo.maven.apache.org/maven2/org/apache/maven/maven-core/3.1.0/maven-core-3.1.0.jar (563 kB at 3.6 MB/s)
#13 19.55 [INFO] Downloading from central: https://repo.maven.apache.org/maven2/org/eclipse/sisu/org.eclipse.sisu.plexus/0.3.0.M1/org.eclipse.sisu.plexus-0.3.0.M1.jar
#13 19.55 [INFO] Downloaded from central: https://repo.maven.apache.org/maven2/org/apache/maven/maven-aether-provider/3.1.0/maven-aether-provider-3.1.0.jar (60 kB at 380 kB/s)
#13 19.56 [INFO] Downloading from central: https://repo.maven.apache.org/maven2/javax/enterprise/cdi-api/1.0/cdi-api-1.0.jar
#13 19.56 [INFO] Downloaded from central: https://repo.maven.apache.org/maven2/org/apache/maven/maven-model-builder/3.1.0/maven-model-builder-3.1.0.jar (159 kB at 949 kB/s)
#13 19.56 [INFO] Downloading from central: https://repo.maven.apache.org/maven2/javax/annotation/jsr250-api/1.0/jsr250-api-1.0.jar
#13 19.60 [INFO] Downloaded from central: https://repo.maven.apache.org/maven2/org/eclipse/sisu/org.eclipse.sisu.plexus/0.3.0.M1/org.eclipse.sisu.plexus-0.3.0.M1.jar (201 kB at 983 kB/s)
#13 19.60 [INFO] Downloaded from central: https://repo.maven.apache.org/maven2/javax/enterprise/cdi-api/1.0/cdi-api-1.0.jar (45 kB at 220 kB/s)
#13 19.60 [INFO] Downloading from central: https://repo.maven.apache.org/maven2/org/eclipse/sisu/org.eclipse.sisu.inject/0.3.0.M1/org.eclipse.sisu.inject-0.3.0.M1.jar
#13 19.60 [INFO] Downloading from central: https://repo.maven.apache.org/maven2/org/codehaus/plexus/plexus-interpolation/1.16/plexus-interpolation-1.16.jar
#13 19.60 [INFO] Downloaded from central: https://repo.maven.apache.org/maven2/org/eclipse/aether/aether-impl/0.9.0.M2/aether-impl-0.9.0.M2.jar (145 kB at 703 kB/s)
#13 19.60 [INFO] Downloading from central: https://repo.maven.apache.org/maven2/org/codehaus/plexus/plexus-classworlds/2.4.2/plexus-classworlds-2.4.2.jar
#13 19.60 [INFO] Downloaded from central: https://repo.maven.apache.org/maven2/javax/annotation/jsr250-api/1.0/jsr250-api-1.0.jar (5.8 kB at 28 kB/s)
#13 19.60 [INFO] Downloading from central: https://repo.maven.apache.org/maven2/org/sonatype/plexus/plexus-sec-dispatcher/1.3/plexus-sec-dispatcher-1.3.jar
#13 19.61 [INFO] Downloaded from central: https://repo.maven.apache.org/maven2/org/eclipse/aether/aether-api/0.9.0.M2/aether-api-0.9.0.M2.jar (134 kB at 635 kB/s)
#13 19.61 [INFO] Downloading from central: https://repo.maven.apache.org/maven2/org/sonatype/plexus/plexus-cipher/1.4/plexus-cipher-1.4.jar
#13 19.64 [INFO] Downloaded from central: https://repo.maven.apache.org/maven2/org/codehaus/plexus/plexus-interpolation/1.16/plexus-interpolation-1.16.jar (61 kB at 254 kB/s)
#13 19.64 [INFO] Downloading from central: https://repo.maven.apache.org/maven2/org/apache/maven/maven-artifact/3.1.0/maven-artifact-3.1.0.jar
#13 19.64 [INFO] Downloaded from central: https://repo.maven.apache.org/maven2/org/sonatype/plexus/plexus-sec-dispatcher/1.3/plexus-sec-dispatcher-1.3.jar (29 kB at 118 kB/s)
#13 19.64 [INFO] Downloading from central: https://repo.maven.apache.org/maven2/org/apache/maven/maven-plugin-api/3.1.0/maven-plugin-api-3.1.0.jar
#13 19.65 [INFO] Downloaded from central: https://repo.maven.apache.org/maven2/org/sonatype/plexus/plexus-cipher/1.4/plexus-cipher-1.4.jar (13 kB at 54 kB/s)
#13 19.65 [INFO] Downloading from central: https://repo.maven.apache.org/maven2/org/apache/maven/doxia/doxia-decoration-model/1.11.1/doxia-decoration-model-1.11.1.jar
#13 19.65 [INFO] Downloaded from central: https://repo.maven.apache.org/maven2/org/codehaus/plexus/plexus-classworlds/2.4.2/plexus-classworlds-2.4.2.jar (47 kB at 184 kB/s)
#13 19.65 [INFO] Downloading from central: https://repo.maven.apache.org/maven2/org/apache/maven/doxia/doxia-core/1.11.1/doxia-core-1.11.1.jar
#13 19.65 [INFO] Downloaded from central: https://repo.maven.apache.org/maven2/org/eclipse/sisu/org.eclipse.sisu.inject/0.3.0.M1/org.eclipse.sisu.inject-0.3.0.M1.jar (340 kB at 1.3 MB/s)
#13 19.65 [INFO] Downloading from central: https://repo.maven.apache.org/maven2/org/apache/commons/commons-lang3/3.8.1/commons-lang3-3.8.1.jar
#13 19.68 [INFO] Downloaded from central: https://repo.maven.apache.org/maven2/org/apache/maven/maven-artifact/3.1.0/maven-artifact-3.1.0.jar (52 kB at 185 kB/s)
#13 19.68 [INFO] Downloading from central: https://repo.maven.apache.org/maven2/org/apache/commons/commons-text/1.10.0/commons-text-1.10.0.jar
#13 19.69 [INFO] Downloaded from central: https://repo.maven.apache.org/maven2/org/apache/maven/maven-plugin-api/3.1.0/maven-plugin-api-3.1.0.jar (50 kB at 170 kB/s)
#13 19.69 [INFO] Downloading from central: https://repo.maven.apache.org/maven2/org/apache/httpcomponents/httpclient/4.5.13/httpclient-4.5.13.jar
#13 19.70 [INFO] Downloaded from central: https://repo.maven.apache.org/maven2/org/apache/maven/doxia/doxia-decoration-model/1.11.1/doxia-decoration-model-1.11.1.jar (60 kB at 197 kB/s)
#13 19.70 [INFO] Downloading from central: https://repo.maven.apache.org/maven2/commons-logging/commons-logging/1.2/commons-logging-1.2.jar
#13 19.72 [INFO] Downloaded from central: https://repo.maven.apache.org/maven2/org/apache/maven/doxia/doxia-core/1.11.1/doxia-core-1.11.1.jar (218 kB at 683 kB/s)
#13 19.72 [INFO] Downloading from central: https://repo.maven.apache.org/maven2/commons-codec/commons-codec/1.11/commons-codec-1.11.jar
#13 19.72 [INFO] Downloaded from central: https://repo.maven.apache.org/maven2/org/apache/commons/commons-lang3/3.8.1/commons-lang3-3.8.1.jar (502 kB at 1.5 MB/s)
#13 19.72 [INFO] Downloading from central: https://repo.maven.apache.org/maven2/org/apache/httpcomponents/httpcore/4.4.14/httpcore-4.4.14.jar
#13 19.73 [INFO] Downloaded from central: https://repo.maven.apache.org/maven2/org/apache/commons/commons-text/1.10.0/commons-text-1.10.0.jar (238 kB at 714 kB/s)
#13 19.73 [INFO] Downloading from central: https://repo.maven.apache.org/maven2/org/apache/maven/doxia/doxia-integration-tools/1.11.1/doxia-integration-tools-1.11.1.jar
#13 19.78 [INFO] Downloaded from central: https://repo.maven.apache.org/maven2/commons-logging/commons-logging/1.2/commons-logging-1.2.jar (62 kB at 162 kB/s)
#13 19.78 [INFO] Downloading from central: https://repo.maven.apache.org/maven2/org/apache/maven/doxia/doxia-site-renderer/1.11.1/doxia-site-renderer-1.11.1.jar
#13 19.78 [INFO] Downloaded from central: https://repo.maven.apache.org/maven2/org/apache/httpcomponents/httpclient/4.5.13/httpclient-4.5.13.jar (780 kB at 2.0 MB/s)
#13 19.78 [INFO] Downloading from central: https://repo.maven.apache.org/maven2/org/apache/maven/doxia/doxia-skin-model/1.11.1/doxia-skin-model-1.11.1.jar
#13 19.79 [INFO] Downloaded from central: https://repo.maven.apache.org/maven2/commons-codec/commons-codec/1.11/commons-codec-1.11.jar (335 kB at 857 kB/s)
#13 19.79 [INFO] Downloading from central: https://repo.maven.apache.org/maven2/org/apache/maven/doxia/doxia-module-xhtml/1.11.1/doxia-module-xhtml-1.11.1.jar
#13 19.79 [INFO] Downloaded from central: https://repo.maven.apache.org/maven2/org/apache/maven/doxia/doxia-integration-tools/1.11.1/doxia-integration-tools-1.11.1.jar (47 kB at 119 kB/s)
#13 19.79 [INFO] Downloading from central: https://repo.maven.apache.org/maven2/org/apache/maven/doxia/doxia-module-xhtml5/1.11.1/doxia-module-xhtml5-1.11.1.jar
#13 19.80 [INFO] Downloaded from central: https://repo.maven.apache.org/maven2/org/apache/httpcomponents/httpcore/4.4.14/httpcore-4.4.14.jar (328 kB at 817 kB/s)
#13 19.80 [INFO] Downloading from central: https://repo.maven.apache.org/maven2/org/codehaus/plexus/plexus-velocity/1.2/plexus-velocity-1.2.jar
#13 19.84 [INFO] Downloaded from central: https://repo.maven.apache.org/maven2/org/apache/maven/doxia/doxia-site-renderer/1.11.1/doxia-site-renderer-1.11.1.jar (65 kB at 148 kB/s)
#13 19.84 [INFO] Downloaded from central: https://repo.maven.apache.org/maven2/org/apache/maven/doxia/doxia-module-xhtml5/1.11.1/doxia-module-xhtml5-1.11.1.jar (18 kB at 41 kB/s)
#13 19.84 [INFO] Downloading from central: https://repo.maven.apache.org/maven2/org/apache/velocity/velocity/1.7/velocity-1.7.jar
#13 19.84 [INFO] Downloading from central: https://repo.maven.apache.org/maven2/commons-lang/commons-lang/2.4/commons-lang-2.4.jar
#13 19.85 [INFO] Downloaded from central: https://repo.maven.apache.org/maven2/org/apache/maven/doxia/doxia-skin-model/1.11.1/doxia-skin-model-1.11.1.jar (16 kB at 36 kB/s)
#13 19.85 [INFO] Downloading from central: https://repo.maven.apache.org/maven2/org/apache/velocity/velocity-tools/2.0/velocity-tools-2.0.jar
#13 19.85 [INFO] Downloaded from central: https://repo.maven.apache.org/maven2/org/apache/maven/doxia/doxia-module-xhtml/1.11.1/doxia-module-xhtml-1.11.1.jar (17 kB at 38 kB/s)
#13 19.85 [INFO] Downloading from central: https://repo.maven.apache.org/maven2/commons-beanutils/commons-beanutils/1.7.0/commons-beanutils-1.7.0.jar
#13 19.86 [INFO] Downloaded from central: https://repo.maven.apache.org/maven2/org/codehaus/plexus/plexus-velocity/1.2/plexus-velocity-1.2.jar (8.1 kB at 18 kB/s)
#13 19.86 [INFO] Downloading from central: https://repo.maven.apache.org/maven2/commons-digester/commons-digester/1.8/commons-digester-1.8.jar
#13 19.94 [INFO] Downloaded from central: https://repo.maven.apache.org/maven2/commons-beanutils/commons-beanutils/1.7.0/commons-beanutils-1.7.0.jar (189 kB at 350 kB/s)
#13 19.94 [INFO] Downloading from central: https://repo.maven.apache.org/maven2/commons-chain/commons-chain/1.1/commons-chain-1.1.jar
#13 19.94 [INFO] Downloaded from central: https://repo.maven.apache.org/maven2/commons-lang/commons-lang/2.4/commons-lang-2.4.jar (262 kB at 483 kB/s)
#13 19.94 [INFO] Downloading from central: https://repo.maven.apache.org/maven2/dom4j/dom4j/1.1/dom4j-1.1.jar
#13 19.95 [INFO] Downloaded from central: https://repo.maven.apache.org/maven2/org/apache/velocity/velocity/1.7/velocity-1.7.jar (450 kB at 820 kB/s)
#13 19.95 [INFO] Downloading from central: https://repo.maven.apache.org/maven2/oro/oro/2.0.8/oro-2.0.8.jar
#13 19.95 [INFO] Downloaded from central: https://repo.maven.apache.org/maven2/org/apache/velocity/velocity-tools/2.0/velocity-tools-2.0.jar (347 kB at 631 kB/s)
#13 19.95 [INFO] Downloading from central: https://repo.maven.apache.org/maven2/commons-collections/commons-collections/3.2.2/commons-collections-3.2.2.jar
#13 19.96 [INFO] Downloaded from central: https://repo.maven.apache.org/maven2/commons-digester/commons-digester/1.8/commons-digester-1.8.jar (144 kB at 257 kB/s)
#13 19.96 [INFO] Downloading from central: https://repo.maven.apache.org/maven2/org/codehaus/plexus/plexus-archiver/4.8.0/plexus-archiver-4.8.0.jar
#13 19.99 [INFO] Downloaded from central: https://repo.maven.apache.org/maven2/commons-chain/commons-chain/1.1/commons-chain-1.1.jar (90 kB at 153 kB/s)
#13 19.99 [INFO] Downloading from central: https://repo.maven.apache.org/maven2/javax/inject/javax.inject/1/javax.inject-1.jar
#13 20.00 [INFO] Downloaded from central: https://repo.maven.apache.org/maven2/oro/oro/2.0.8/oro-2.0.8.jar (65 kB at 109 kB/s)
#13 20.00 [INFO] Downloading from central: https://repo.maven.apache.org/maven2/commons-io/commons-io/2.13.0/commons-io-2.13.0.jar
#13 20.02 [INFO] Downloaded from central: https://repo.maven.apache.org/maven2/dom4j/dom4j/1.1/dom4j-1.1.jar (457 kB at 738 kB/s)
#13 20.02 [INFO] Downloaded from central: https://repo.maven.apache.org/maven2/org/codehaus/plexus/plexus-archiver/4.8.0/plexus-archiver-4.8.0.jar (224 kB at 362 kB/s)
#13 20.02 [INFO] Downloading from central: https://repo.maven.apache.org/maven2/org/apache/commons/commons-compress/1.23.0/commons-compress-1.23.0.jar
#13 20.02 [INFO] Downloading from central: https://repo.maven.apache.org/maven2/org/slf4j/slf4j-api/1.7.36/slf4j-api-1.7.36.jar
#13 20.02 [INFO] Downloaded from central: https://repo.maven.apache.org/maven2/commons-collections/commons-collections/3.2.2/commons-collections-3.2.2.jar (588 kB at 950 kB/s)
#13 20.02 [INFO] Downloading from central: https://repo.maven.apache.org/maven2/org/iq80/snappy/snappy/0.4/snappy-0.4.jar
#13 20.04 [INFO] Downloaded from central: https://repo.maven.apache.org/maven2/javax/inject/javax.inject/1/javax.inject-1.jar (2.5 kB at 3.9 kB/s)
#13 20.04 [INFO] Downloading from central: https://repo.maven.apache.org/maven2/org/tukaani/xz/1.9/xz-1.9.jar
#13 20.05 [INFO] Downloaded from central: https://repo.maven.apache.org/maven2/org/slf4j/slf4j-api/1.7.36/slf4j-api-1.7.36.jar (41 kB at 63 kB/s)
#13 20.05 [INFO] Downloading from central: https://repo.maven.apache.org/maven2/com/github/luben/zstd-jni/1.5.5-5/zstd-jni-1.5.5-5.jar
#13 20.06 [INFO] Downloaded from central: https://repo.maven.apache.org/maven2/commons-io/commons-io/2.13.0/commons-io-2.13.0.jar (484 kB at 732 kB/s)
#13 20.06 [INFO] Downloading from central: https://repo.maven.apache.org/maven2/org/codehaus/plexus/plexus-utils/3.5.1/plexus-utils-3.5.1.jar
#13 20.06 [INFO] Downloaded from central: https://repo.maven.apache.org/maven2/org/iq80/snappy/snappy/0.4/snappy-0.4.jar (58 kB at 88 kB/s)
#13 20.06 [INFO] Downloading from central: https://repo.maven.apache.org/maven2/org/codehaus/plexus/plexus-io/3.4.1/plexus-io-3.4.1.jar
#13 20.10 [INFO] Downloaded from central: https://repo.maven.apache.org/maven2/org/tukaani/xz/1.9/xz-1.9.jar (116 kB at 166 kB/s)
#13 20.10 [INFO] Downloading from central: https://repo.maven.apache.org/maven2/org/codehaus/plexus/plexus-i18n/1.0-beta-10/plexus-i18n-1.0-beta-10.jar
#13 20.11 [INFO] Downloaded from central: https://repo.maven.apache.org/maven2/org/apache/commons/commons-compress/1.23.0/commons-compress-1.23.0.jar (1.1 MB at 1.5 MB/s)
#13 20.11 [INFO] Downloading from central: https://repo.maven.apache.org/maven2/org/apache/maven/shared/maven-dependency-analyzer/1.13.2/maven-dependency-analyzer-1.13.2.jar
#13 20.12 [INFO] Downloaded from central: https://repo.maven.apache.org/maven2/org/codehaus/plexus/plexus-io/3.4.1/plexus-io-3.4.1.jar (79 kB at 110 kB/s)
#13 20.12 [INFO] Downloading from central: https://repo.maven.apache.org/maven2/org/apache/maven/maven-model/3.2.5/maven-model-3.2.5.jar
#13 20.15 [INFO] Downloaded from central: https://repo.maven.apache.org/maven2/org/codehaus/plexus/plexus-i18n/1.0-beta-10/plexus-i18n-1.0-beta-10.jar (12 kB at 16 kB/s)
#13 20.15 [INFO] Downloading from central: https://repo.maven.apache.org/maven2/org/ow2/asm/asm/9.5/asm-9.5.jar
#13 20.15 [INFO] Downloaded from central: https://repo.maven.apache.org/maven2/org/codehaus/plexus/plexus-utils/3.5.1/plexus-utils-3.5.1.jar (269 kB at 357 kB/s)
#13 20.15 [INFO] Downloading from central: https://repo.maven.apache.org/maven2/org/apache/maven/shared/maven-dependency-tree/3.2.1/maven-dependency-tree-3.2.1.jar
#13 20.16 [INFO] Downloaded from central: https://repo.maven.apache.org/maven2/org/apache/maven/shared/maven-dependency-analyzer/1.13.2/maven-dependency-analyzer-1.13.2.jar (39 kB at 51 kB/s)
#13 20.16 [INFO] Downloading from central: https://repo.maven.apache.org/maven2/org/eclipse/aether/aether-util/1.0.0.v20140518/aether-util-1.0.0.v20140518.jar
#13 20.18 [INFO] Downloaded from central: https://repo.maven.apache.org/maven2/org/apache/maven/maven-model/3.2.5/maven-model-3.2.5.jar (161 kB at 206 kB/s)
#13 20.18 [INFO] Downloading from central: https://repo.maven.apache.org/maven2/org/apache/maven/shared/maven-common-artifact-filters/3.3.2/maven-common-artifact-filters-3.3.2.jar
#13 20.19 [INFO] Downloaded from central: https://repo.maven.apache.org/maven2/org/ow2/asm/asm/9.5/asm-9.5.jar (122 kB at 153 kB/s)
#13 20.19 [INFO] Downloading from central: https://repo.maven.apache.org/maven2/org/apache/maven/shared/maven-artifact-transfer/0.13.1/maven-artifact-transfer-0.13.1.jar
#13 20.21 [INFO] Downloaded from central: https://repo.maven.apache.org/maven2/org/apache/maven/shared/maven-dependency-tree/3.2.1/maven-dependency-tree-3.2.1.jar (43 kB at 53 kB/s)
#13 20.21 [INFO] Downloading from central: https://repo.maven.apache.org/maven2/org/codehaus/plexus/plexus-component-annotations/2.0.0/plexus-component-annotations-2.0.0.jar
#13 20.24 [INFO] Downloaded from central: https://repo.maven.apache.org/maven2/org/eclipse/aether/aether-util/1.0.0.v20140518/aether-util-1.0.0.v20140518.jar (146 kB at 174 kB/s)
#13 20.24 [INFO] Downloading from central: https://repo.maven.apache.org/maven2/org/apache/maven/shared/maven-shared-utils/3.4.2/maven-shared-utils-3.4.2.jar
#13 20.26 [INFO] Downloaded from central: https://repo.maven.apache.org/maven2/org/codehaus/plexus/plexus-component-annotations/2.0.0/plexus-component-annotations-2.0.0.jar (4.2 kB at 4.9 kB/s)
#13 20.26 [INFO] Downloading from central: https://repo.maven.apache.org/maven2/org/apache/commons/commons-collections4/4.4/commons-collections4-4.4.jar
#13 20.30 [INFO] Downloaded from central: https://repo.maven.apache.org/maven2/org/apache/maven/shared/maven-shared-utils/3.4.2/maven-shared-utils-3.4.2.jar (151 kB at 167 kB/s)
#13 20.30 [INFO] Downloading from central: https://repo.maven.apache.org/maven2/org/sonatype/plexus/plexus-build-api/0.0.7/plexus-build-api-0.0.7.jar
#13 20.33 [INFO] Downloaded from central: https://repo.maven.apache.org/maven2/org/apache/maven/shared/maven-common-artifact-filters/3.3.2/maven-common-artifact-filters-3.3.2.jar (58 kB at 62 kB/s)
#13 20.34 [INFO] Downloaded from central: https://repo.maven.apache.org/maven2/org/sonatype/plexus/plexus-build-api/0.0.7/plexus-build-api-0.0.7.jar (8.5 kB at 9.0 kB/s)
#13 20.35 [INFO] Downloaded from central: https://repo.maven.apache.org/maven2/org/apache/commons/commons-collections4/4.4/commons-collections4-4.4.jar (752 kB at 793 kB/s)
#13 20.36 [INFO] Downloaded from central: https://repo.maven.apache.org/maven2/com/github/luben/zstd-jni/1.5.5-5/zstd-jni-1.5.5-5.jar (5.9 MB at 6.1 MB/s)
#13 20.43 [INFO] Downloaded from central: https://repo.maven.apache.org/maven2/org/apache/maven/shared/maven-artifact-transfer/0.13.1/maven-artifact-transfer-0.13.1.jar (159 kB at 155 kB/s)
#13 20.84 [INFO] Downloading from central: https://repo.maven.apache.org/maven2/org/apache/maven/shared/maven-shared-incremental/1.1/maven-shared-incremental-1.1.pom
#13 20.88 [INFO] Downloaded from central: https://repo.maven.apache.org/maven2/org/apache/maven/shared/maven-shared-incremental/1.1/maven-shared-incremental-1.1.pom (4.7 kB at 99 kB/s)
#13 20.89 [INFO] Downloading from central: https://repo.maven.apache.org/maven2/org/apache/maven/shared/maven-shared-components/19/maven-shared-components-19.pom
#13 20.93 [INFO] Downloaded from central: https://repo.maven.apache.org/maven2/org/apache/maven/shared/maven-shared-components/19/maven-shared-components-19.pom (6.4 kB at 163 kB/s)
#13 20.93 [INFO] Downloading from central: https://repo.maven.apache.org/maven2/org/codehaus/plexus/plexus-java/1.1.2/plexus-java-1.1.2.pom
#13 20.97 [INFO] Downloaded from central: https://repo.maven.apache.org/maven2/org/codehaus/plexus/plexus-java/1.1.2/plexus-java-1.1.2.pom (5.0 kB at 116 kB/s)
#13 20.97 [INFO] Downloading from central: https://repo.maven.apache.org/maven2/org/codehaus/plexus/plexus-languages/1.1.2/plexus-languages-1.1.2.pom
#13 21.01 [INFO] Downloaded from central: https://repo.maven.apache.org/maven2/org/codehaus/plexus/plexus-languages/1.1.2/plexus-languages-1.1.2.pom (4.1 kB at 118 kB/s)
#13 21.01 [INFO] Downloading from central: https://repo.maven.apache.org/maven2/org/ow2/asm/asm/9.4/asm-9.4.pom
#13 21.05 [INFO] Downloaded from central: https://repo.maven.apache.org/maven2/org/ow2/asm/asm/9.4/asm-9.4.pom (2.4 kB at 58 kB/s)
#13 21.06 [INFO] Downloading from central: https://repo.maven.apache.org/maven2/com/thoughtworks/qdox/qdox/2.0.3/qdox-2.0.3.pom
#13 21.11 [INFO] Downloaded from central: https://repo.maven.apache.org/maven2/com/thoughtworks/qdox/qdox/2.0.3/qdox-2.0.3.pom (17 kB at 331 kB/s)
#13 21.12 [INFO] Downloading from central: https://repo.maven.apache.org/maven2/org/codehaus/plexus/plexus-compiler-api/2.13.0/plexus-compiler-api-2.13.0.pom
#13 21.16 [INFO] Downloaded from central: https://repo.maven.apache.org/maven2/org/codehaus/plexus/plexus-compiler-api/2.13.0/plexus-compiler-api-2.13.0.pom (1.1 kB at 24 kB/s)
#13 21.17 [INFO] Downloading from central: https://repo.maven.apache.org/maven2/org/codehaus/plexus/plexus-compiler/2.13.0/plexus-compiler-2.13.0.pom
#13 21.20 [INFO] Downloaded from central: https://repo.maven.apache.org/maven2/org/codehaus/plexus/plexus-compiler/2.13.0/plexus-compiler-2.13.0.pom (8.4 kB at 246 kB/s)
#13 21.20 [INFO] Downloading from central: https://repo.maven.apache.org/maven2/org/codehaus/plexus/plexus-components/10.0/plexus-components-10.0.pom
#13 21.24 [INFO] Downloaded from central: https://repo.maven.apache.org/maven2/org/codehaus/plexus/plexus-components/10.0/plexus-components-10.0.pom (2.7 kB at 64 kB/s)
#13 21.25 [INFO] Downloading from central: https://repo.maven.apache.org/maven2/org/codehaus/plexus/plexus-utils/3.5.0/plexus-utils-3.5.0.pom
#13 21.30 [INFO] Downloaded from central: https://repo.maven.apache.org/maven2/org/codehaus/plexus/plexus-utils/3.5.0/plexus-utils-3.5.0.pom (8.0 kB at 167 kB/s)
#13 21.30 [INFO] Downloading from central: https://repo.maven.apache.org/maven2/org/codehaus/plexus/plexus-compiler-manager/2.13.0/plexus-compiler-manager-2.13.0.pom
#13 21.34 [INFO] Downloaded from central: https://repo.maven.apache.org/maven2/org/codehaus/plexus/plexus-compiler-manager/2.13.0/plexus-compiler-manager-2.13.0.pom (1.1 kB at 28 kB/s)
#13 21.35 [INFO] Downloading from central: https://repo.maven.apache.org/maven2/org/codehaus/plexus/plexus-component-annotations/2.1.1/plexus-component-annotations-2.1.1.pom
#13 21.39 [INFO] Downloaded from central: https://repo.maven.apache.org/maven2/org/codehaus/plexus/plexus-component-annotations/2.1.1/plexus-component-annotations-2.1.1.pom (770 B at 19 kB/s)
#13 21.39 [INFO] Downloading from central: https://repo.maven.apache.org/maven2/org/codehaus/plexus/plexus-containers/2.1.1/plexus-containers-2.1.1.pom
#13 21.43 [INFO] Downloaded from central: https://repo.maven.apache.org/maven2/org/codehaus/plexus/plexus-containers/2.1.1/plexus-containers-2.1.1.pom (6.0 kB at 140 kB/s)
#13 21.43 [INFO] Downloading from central: https://repo.maven.apache.org/maven2/org/codehaus/plexus/plexus/6.5/plexus-6.5.pom
#13 21.48 [INFO] Downloaded from central: https://repo.maven.apache.org/maven2/org/codehaus/plexus/plexus/6.5/plexus-6.5.pom (26 kB at 494 kB/s)
#13 21.49 [INFO] Downloading from central: https://repo.maven.apache.org/maven2/org/codehaus/plexus/plexus-compiler-javac/2.13.0/plexus-compiler-javac-2.13.0.pom
#13 21.52 [INFO] Downloaded from central: https://repo.maven.apache.org/maven2/org/codehaus/plexus/plexus-compiler-javac/2.13.0/plexus-compiler-javac-2.13.0.pom (1.2 kB at 35 kB/s)
#13 21.52 [INFO] Downloading from central: https://repo.maven.apache.org/maven2/org/codehaus/plexus/plexus-compilers/2.13.0/plexus-compilers-2.13.0.pom
#13 21.56 [INFO] Downloaded from central: https://repo.maven.apache.org/maven2/org/codehaus/plexus/plexus-compilers/2.13.0/plexus-compilers-2.13.0.pom (1.3 kB at 36 kB/s)
#13 21.57 [INFO] Downloading from central: https://repo.maven.apache.org/maven2/org/apache/maven/shared/maven-shared-utils/3.3.4/maven-shared-utils-3.3.4.jar
#13 21.82 [INFO] Downloaded from central: https://repo.maven.apache.org/maven2/org/apache/maven/shared/maven-shared-utils/3.3.4/maven-shared-utils-3.3.4.jar (153 kB at 623 kB/s)
#13 21.82 [INFO] Downloading from central: https://repo.maven.apache.org/maven2/commons-io/commons-io/2.6/commons-io-2.6.jar
#13 21.82 [INFO] Downloading from central: https://repo.maven.apache.org/maven2/org/apache/maven/shared/maven-shared-incremental/1.1/maven-shared-incremental-1.1.jar
#13 21.82 [INFO] Downloading from central: https://repo.maven.apache.org/maven2/org/ow2/asm/asm/9.4/asm-9.4.jar
#13 21.82 [INFO] Downloading from central: https://repo.maven.apache.org/maven2/org/codehaus/plexus/plexus-java/1.1.2/plexus-java-1.1.2.jar
#13 21.82 [INFO] Downloading from central: https://repo.maven.apache.org/maven2/org/codehaus/plexus/plexus-component-annotations/1.5.5/plexus-component-annotations-1.5.5.jar
#13 21.85 [INFO] Downloaded from central: https://repo.maven.apache.org/maven2/org/codehaus/plexus/plexus-java/1.1.2/plexus-java-1.1.2.jar (55 kB at 1.5 MB/s)
#13 21.85 [INFO] Downloading from central: https://repo.maven.apache.org/maven2/com/thoughtworks/qdox/qdox/2.0.3/qdox-2.0.3.jar
#13 21.86 [INFO] Downloaded from central: https://repo.maven.apache.org/maven2/org/codehaus/plexus/plexus-component-annotations/1.5.5/plexus-component-annotations-1.5.5.jar (4.2 kB at 100 kB/s)
#13 21.86 [INFO] Downloading from central: https://repo.maven.apache.org/maven2/org/codehaus/plexus/plexus-compiler-api/2.13.0/plexus-compiler-api-2.13.0.jar
#13 21.86 [INFO] Downloaded from central: https://repo.maven.apache.org/maven2/org/apache/maven/shared/maven-shared-incremental/1.1/maven-shared-incremental-1.1.jar (14 kB at 288 kB/s)
#13 21.86 [INFO] Downloading from central: https://repo.maven.apache.org/maven2/org/codehaus/plexus/plexus-utils/3.5.0/plexus-utils-3.5.0.jar
#13 21.87 [INFO] Downloaded from central: https://repo.maven.apache.org/maven2/org/ow2/asm/asm/9.4/asm-9.4.jar (122 kB at 2.5 MB/s)
#13 21.87 [INFO] Downloading from central: https://repo.maven.apache.org/maven2/org/codehaus/plexus/plexus-compiler-manager/2.13.0/plexus-compiler-manager-2.13.0.jar
#13 21.89 [INFO] Downloaded from central: https://repo.maven.apache.org/maven2/org/codehaus/plexus/plexus-compiler-api/2.13.0/plexus-compiler-api-2.13.0.jar (27 kB at 386 kB/s)
#13 21.89 [INFO] Downloading from central: https://repo.maven.apache.org/maven2/org/codehaus/plexus/plexus-compiler-javac/2.13.0/plexus-compiler-javac-2.13.0.jar
#13 21.91 [INFO] Downloaded from central: https://repo.maven.apache.org/maven2/org/codehaus/plexus/plexus-compiler-manager/2.13.0/plexus-compiler-manager-2.13.0.jar (4.7 kB at 52 kB/s)
#13 21.91 [INFO] Downloaded from central: https://repo.maven.apache.org/maven2/org/codehaus/plexus/plexus-utils/3.5.0/plexus-utils-3.5.0.jar (267 kB at 2.8 MB/s)
#13 21.92 [INFO] Downloaded from central: https://repo.maven.apache.org/maven2/com/thoughtworks/qdox/qdox/2.0.3/qdox-2.0.3.jar (334 kB at 3.4 MB/s)
#13 21.92 [INFO] Downloaded from central: https://repo.maven.apache.org/maven2/org/codehaus/plexus/plexus-compiler-javac/2.13.0/plexus-compiler-javac-2.13.0.jar (23 kB at 217 kB/s)
#13 22.05 [INFO] Downloaded from central: https://repo.maven.apache.org/maven2/commons-io/commons-io/2.6/commons-io-2.6.jar (215 kB at 934 kB/s)
#13 22.05 [INFO] Downloading from central: https://repo.maven.apache.org/maven2/org/springframework/boot/spring-boot-buildpack-platform/3.3.4/spring-boot-buildpack-platform-3.3.4.pom
#13 22.09 [INFO] Downloaded from central: https://repo.maven.apache.org/maven2/org/springframework/boot/spring-boot-buildpack-platform/3.3.4/spring-boot-buildpack-platform-3.3.4.pom (3.2 kB at 100 kB/s)
#13 22.09 [INFO] Downloading from central: https://repo.maven.apache.org/maven2/com/fasterxml/jackson/core/jackson-databind/2.14.2/jackson-databind-2.14.2.pom
#13 22.15 [INFO] Downloaded from central: https://repo.maven.apache.org/maven2/com/fasterxml/jackson/core/jackson-databind/2.14.2/jackson-databind-2.14.2.pom (19 kB at 336 kB/s)
#13 22.15 [INFO] Downloading from central: https://repo.maven.apache.org/maven2/com/fasterxml/jackson/jackson-base/2.14.2/jackson-base-2.14.2.pom
#13 22.19 [INFO] Downloaded from central: https://repo.maven.apache.org/maven2/com/fasterxml/jackson/jackson-base/2.14.2/jackson-base-2.14.2.pom (10 kB at 238 kB/s)
#13 22.19 [INFO] Downloading from central: https://repo.maven.apache.org/maven2/com/fasterxml/jackson/jackson-bom/2.14.2/jackson-bom-2.14.2.pom
#13 22.23 [INFO] Downloaded from central: https://repo.maven.apache.org/maven2/com/fasterxml/jackson/jackson-bom/2.14.2/jackson-bom-2.14.2.pom (17 kB at 473 kB/s)
#13 22.23 [INFO] Downloading from central: https://repo.maven.apache.org/maven2/com/fasterxml/jackson/jackson-parent/2.14/jackson-parent-2.14.pom
#13 22.28 [INFO] Downloaded from central: https://repo.maven.apache.org/maven2/com/fasterxml/jackson/jackson-parent/2.14/jackson-parent-2.14.pom (7.7 kB at 153 kB/s)
#13 22.29 [INFO] Downloading from central: https://repo.maven.apache.org/maven2/com/fasterxml/oss-parent/48/oss-parent-48.pom
#13 22.32 [INFO] Downloaded from central: https://repo.maven.apache.org/maven2/com/fasterxml/oss-parent/48/oss-parent-48.pom (24 kB at 679 kB/s)
#13 22.32 [INFO] Downloading from central: https://repo.maven.apache.org/maven2/com/fasterxml/jackson/core/jackson-annotations/2.14.2/jackson-annotations-2.14.2.pom
#13 22.37 [INFO] Downloaded from central: https://repo.maven.apache.org/maven2/com/fasterxml/jackson/core/jackson-annotations/2.14.2/jackson-annotations-2.14.2.pom (6.2 kB at 144 kB/s)
#13 22.37 [INFO] Downloading from central: https://repo.maven.apache.org/maven2/com/fasterxml/jackson/core/jackson-core/2.14.2/jackson-core-2.14.2.pom
#13 22.41 [INFO] Downloaded from central: https://repo.maven.apache.org/maven2/com/fasterxml/jackson/core/jackson-core/2.14.2/jackson-core-2.14.2.pom (7.0 kB at 171 kB/s)
#13 22.41 [INFO] Downloading from central: https://repo.maven.apache.org/maven2/com/fasterxml/jackson/module/jackson-module-parameter-names/2.14.2/jackson-module-parameter-names-2.14.2.pom
#13 22.45 [INFO] Downloaded from central: https://repo.maven.apache.org/maven2/com/fasterxml/jackson/module/jackson-module-parameter-names/2.14.2/jackson-module-parameter-names-2.14.2.pom (4.4 kB at 125 kB/s)
#13 22.45 [INFO] Downloading from central: https://repo.maven.apache.org/maven2/com/fasterxml/jackson/module/jackson-modules-java8/2.14.2/jackson-modules-java8-2.14.2.pom
#13 22.50 [INFO] Downloaded from central: https://repo.maven.apache.org/maven2/com/fasterxml/jackson/module/jackson-modules-java8/2.14.2/jackson-modules-java8-2.14.2.pom (3.1 kB at 63 kB/s)
#13 22.50 [INFO] Downloading from central: https://repo.maven.apache.org/maven2/net/java/dev/jna/jna-platform/5.13.0/jna-platform-5.13.0.pom
#13 22.54 [INFO] Downloaded from central: https://repo.maven.apache.org/maven2/net/java/dev/jna/jna-platform/5.13.0/jna-platform-5.13.0.pom (2.3 kB at 52 kB/s)
#13 22.55 [INFO] Downloading from central: https://repo.maven.apache.org/maven2/net/java/dev/jna/jna/5.13.0/jna-5.13.0.pom
#13 22.59 [INFO] Downloaded from central: https://repo.maven.apache.org/maven2/net/java/dev/jna/jna/5.13.0/jna-5.13.0.pom (2.0 kB at 47 kB/s)
#13 22.59 [INFO] Downloading from central: https://repo.maven.apache.org/maven2/org/apache/commons/commons-compress/1.25.0/commons-compress-1.25.0.pom
#13 22.62 [INFO] Downloaded from central: https://repo.maven.apache.org/maven2/org/apache/commons/commons-compress/1.25.0/commons-compress-1.25.0.pom (22 kB at 723 kB/s)
#13 22.63 [INFO] Downloading from central: https://repo.maven.apache.org/maven2/org/apache/commons/commons-parent/64/commons-parent-64.pom
#13 22.67 [INFO] Downloaded from central: https://repo.maven.apache.org/maven2/org/apache/commons/commons-parent/64/commons-parent-64.pom (78 kB at 1.8 MB/s)
#13 22.67 [INFO] Downloading from central: https://repo.maven.apache.org/maven2/org/apache/httpcomponents/client5/httpclient5/5.3.1/httpclient5-5.3.1.pom
#13 22.72 [INFO] Downloaded from central: https://repo.maven.apache.org/maven2/org/apache/httpcomponents/client5/httpclient5/5.3.1/httpclient5-5.3.1.pom (6.0 kB at 142 kB/s)
#13 22.72 [INFO] Downloading from central: https://repo.maven.apache.org/maven2/org/apache/httpcomponents/client5/httpclient5-parent/5.3.1/httpclient5-parent-5.3.1.pom
#13 22.75 [INFO] Downloaded from central: https://repo.maven.apache.org/maven2/org/apache/httpcomponents/client5/httpclient5-parent/5.3.1/httpclient5-parent-5.3.1.pom (17 kB at 477 kB/s)
#13 22.76 [INFO] Downloading from central: https://repo.maven.apache.org/maven2/org/apache/httpcomponents/httpcomponents-parent/13/httpcomponents-parent-13.pom
#13 22.80 [INFO] Downloaded from central: https://repo.maven.apache.org/maven2/org/apache/httpcomponents/httpcomponents-parent/13/httpcomponents-parent-13.pom (30 kB at 629 kB/s)
#13 22.81 [INFO] Downloading from central: https://repo.maven.apache.org/maven2/org/junit/junit-bom/5.10.1/junit-bom-5.10.1.pom
#13 22.84 [INFO] Downloaded from central: https://repo.maven.apache.org/maven2/org/junit/junit-bom/5.10.1/junit-bom-5.10.1.pom (5.6 kB at 188 kB/s)
#13 22.84 [INFO] Downloading from central: https://repo.maven.apache.org/maven2/org/apache/httpcomponents/core5/httpcore5/5.2.4/httpcore5-5.2.4.pom
#13 22.89 [INFO] Downloaded from central: https://repo.maven.apache.org/maven2/org/apache/httpcomponents/core5/httpcore5/5.2.4/httpcore5-5.2.4.pom (3.9 kB at 84 kB/s)
#13 22.89 [INFO] Downloading from central: https://repo.maven.apache.org/maven2/org/apache/httpcomponents/core5/httpcore5-parent/5.2.4/httpcore5-parent-5.2.4.pom
#13 22.92 [INFO] Downloaded from central: https://repo.maven.apache.org/maven2/org/apache/httpcomponents/core5/httpcore5-parent/5.2.4/httpcore5-parent-5.2.4.pom (14 kB at 416 kB/s)
#13 22.93 [INFO] Downloading from central: https://repo.maven.apache.org/maven2/org/apache/httpcomponents/core5/httpcore5-h2/5.2.4/httpcore5-h2-5.2.4.pom
#13 22.96 [INFO] Downloaded from central: https://repo.maven.apache.org/maven2/org/apache/httpcomponents/core5/httpcore5-h2/5.2.4/httpcore5-h2-5.2.4.pom (3.6 kB at 98 kB/s)
#13 22.97 [INFO] Downloading from central: https://repo.maven.apache.org/maven2/org/springframework/spring-core/6.0.23/spring-core-6.0.23.pom
#13 23.01 [INFO] Downloaded from central: https://repo.maven.apache.org/maven2/org/springframework/spring-core/6.0.23/spring-core-6.0.23.pom (2.0 kB at 49 kB/s)
#13 23.01 [INFO] Downloading from central: https://repo.maven.apache.org/maven2/org/springframework/spring-jcl/6.0.23/spring-jcl-6.0.23.pom
#13 23.06 [INFO] Downloaded from central: https://repo.maven.apache.org/maven2/org/springframework/spring-jcl/6.0.23/spring-jcl-6.0.23.pom (1.8 kB at 38 kB/s)
#13 23.06 [INFO] Downloading from central: https://repo.maven.apache.org/maven2/org/tomlj/tomlj/1.0.0/tomlj-1.0.0.pom
#13 23.10 [INFO] Downloaded from central: https://repo.maven.apache.org/maven2/org/tomlj/tomlj/1.0.0/tomlj-1.0.0.pom (2.8 kB at 67 kB/s)
#13 23.10 [INFO] Downloading from central: https://repo.maven.apache.org/maven2/org/antlr/antlr4-runtime/4.7.2/antlr4-runtime-4.7.2.pom
#13 23.14 [INFO] Downloaded from central: https://repo.maven.apache.org/maven2/org/antlr/antlr4-runtime/4.7.2/antlr4-runtime-4.7.2.pom (3.6 kB at 113 kB/s)
#13 23.14 [INFO] Downloading from central: https://repo.maven.apache.org/maven2/org/antlr/antlr4-master/4.7.2/antlr4-master-4.7.2.pom
#13 23.18 [INFO] Downloaded from central: https://repo.maven.apache.org/maven2/org/antlr/antlr4-master/4.7.2/antlr4-master-4.7.2.pom (4.4 kB at 116 kB/s)
#13 23.18 [INFO] Downloading from central: https://repo.maven.apache.org/maven2/com/google/code/findbugs/jsr305/3.0.2/jsr305-3.0.2.pom
#13 23.21 [INFO] Downloaded from central: https://repo.maven.apache.org/maven2/com/google/code/findbugs/jsr305/3.0.2/jsr305-3.0.2.pom (4.3 kB at 119 kB/s)
#13 23.22 [INFO] Downloading from central: https://repo.maven.apache.org/maven2/org/springframework/boot/spring-boot-loader-tools/3.3.4/spring-boot-loader-tools-3.3.4.pom
#13 23.26 [INFO] Downloaded from central: https://repo.maven.apache.org/maven2/org/springframework/boot/spring-boot-loader-tools/3.3.4/spring-boot-loader-tools-3.3.4.pom (2.2 kB at 59 kB/s)
#13 23.26 [INFO] Downloading from central: https://repo.maven.apache.org/maven2/org/springframework/spring-core/6.1.13/spring-core-6.1.13.pom
#13 23.29 [INFO] Downloaded from central: https://repo.maven.apache.org/maven2/org/springframework/spring-core/6.1.13/spring-core-6.1.13.pom (2.0 kB at 65 kB/s)
#13 23.29 [INFO] Downloading from central: https://repo.maven.apache.org/maven2/org/springframework/spring-jcl/6.1.13/spring-jcl-6.1.13.pom
#13 23.33 [INFO] Downloaded from central: https://repo.maven.apache.org/maven2/org/springframework/spring-jcl/6.1.13/spring-jcl-6.1.13.pom (1.8 kB at 49 kB/s)
#13 23.33 [INFO] Downloading from central: https://repo.maven.apache.org/maven2/org/springframework/spring-context/6.1.13/spring-context-6.1.13.pom
#13 23.37 [INFO] Downloaded from central: https://repo.maven.apache.org/maven2/org/springframework/spring-context/6.1.13/spring-context-6.1.13.pom (2.8 kB at 70 kB/s)
#13 23.37 [INFO] Downloading from central: https://repo.maven.apache.org/maven2/org/springframework/spring-aop/6.1.13/spring-aop-6.1.13.pom
#13 23.40 [INFO] Downloaded from central: https://repo.maven.apache.org/maven2/org/springframework/spring-aop/6.1.13/spring-aop-6.1.13.pom (2.2 kB at 76 kB/s)
#13 23.41 [INFO] Downloading from central: https://repo.maven.apache.org/maven2/org/springframework/spring-beans/6.1.13/spring-beans-6.1.13.pom
#13 23.46 [INFO] Downloaded from central: https://repo.maven.apache.org/maven2/org/springframework/spring-beans/6.1.13/spring-beans-6.1.13.pom (2.0 kB at 39 kB/s)
#13 23.46 [INFO] Downloading from central: https://repo.maven.apache.org/maven2/org/springframework/spring-expression/6.1.13/spring-expression-6.1.13.pom
#13 23.50 [INFO] Downloaded from central: https://repo.maven.apache.org/maven2/org/springframework/spring-expression/6.1.13/spring-expression-6.1.13.pom (2.1 kB at 48 kB/s)
#13 23.50 [INFO] Downloading from central: https://repo.maven.apache.org/maven2/io/micrometer/micrometer-observation/1.12.10/micrometer-observation-1.12.10.pom
#13 23.54 [INFO] Downloaded from central: https://repo.maven.apache.org/maven2/io/micrometer/micrometer-observation/1.12.10/micrometer-observation-1.12.10.pom (3.8 kB at 101 kB/s)
#13 23.54 [INFO] Downloading from central: https://repo.maven.apache.org/maven2/io/micrometer/micrometer-commons/1.12.10/micrometer-commons-1.12.10.pom
#13 23.57 [INFO] Downloaded from central: https://repo.maven.apache.org/maven2/io/micrometer/micrometer-commons/1.12.10/micrometer-commons-1.12.10.pom (3.4 kB at 118 kB/s)
#13 23.58 [INFO] Downloading from central: https://repo.maven.apache.org/maven2/org/apache/maven/plugins/maven-shade-plugin/3.5.0/maven-shade-plugin-3.5.0.pom
#13 23.62 [INFO] Downloaded from central: https://repo.maven.apache.org/maven2/org/apache/maven/plugins/maven-shade-plugin/3.5.0/maven-shade-plugin-3.5.0.pom (12 kB at 264 kB/s)
#13 23.63 [INFO] Downloading from central: https://repo.maven.apache.org/maven2/org/slf4j/slf4j-api/1.7.32/slf4j-api-1.7.32.pom
#13 23.66 [INFO] Downloaded from central: https://repo.maven.apache.org/maven2/org/slf4j/slf4j-api/1.7.32/slf4j-api-1.7.32.pom (3.8 kB at 96 kB/s)
#13 23.67 [INFO] Downloading from central: https://repo.maven.apache.org/maven2/org/slf4j/slf4j-parent/1.7.32/slf4j-parent-1.7.32.pom
#13 23.71 [INFO] Downloaded from central: https://repo.maven.apache.org/maven2/org/slf4j/slf4j-parent/1.7.32/slf4j-parent-1.7.32.pom (14 kB at 354 kB/s)
#13 23.71 [INFO] Downloading from central: https://repo.maven.apache.org/maven2/org/ow2/asm/asm-commons/9.5/asm-commons-9.5.pom
#13 23.75 [INFO] Downloaded from central: https://repo.maven.apache.org/maven2/org/ow2/asm/asm-commons/9.5/asm-commons-9.5.pom (2.8 kB at 73 kB/s)
#13 23.75 [INFO] Downloading from central: https://repo.maven.apache.org/maven2/org/ow2/asm/asm-tree/9.5/asm-tree-9.5.pom
#13 23.79 [INFO] Downloaded from central: https://repo.maven.apache.org/maven2/org/ow2/asm/asm-tree/9.5/asm-tree-9.5.pom (2.6 kB at 65 kB/s)
#13 23.79 [INFO] Downloading from central: https://repo.maven.apache.org/maven2/org/jdom/jdom2/2.0.6.1/jdom2-2.0.6.1.pom
#13 23.84 [INFO] Downloaded from central: https://repo.maven.apache.org/maven2/org/jdom/jdom2/2.0.6.1/jdom2-2.0.6.1.pom (4.6 kB at 110 kB/s)
#13 23.84 [INFO] Downloading from central: https://repo.maven.apache.org/maven2/org/vafer/jdependency/2.8.0/jdependency-2.8.0.pom
#13 23.88 [INFO] Downloaded from central: https://repo.maven.apache.org/maven2/org/vafer/jdependency/2.8.0/jdependency-2.8.0.pom (14 kB at 347 kB/s)
#13 23.89 [INFO] Downloading from central: https://repo.maven.apache.org/maven2/org/springframework/boot/spring-boot-buildpack-platform/3.3.4/spring-boot-buildpack-platform-3.3.4.jar
#13 24.14 [INFO] Downloaded from central: https://repo.maven.apache.org/maven2/org/springframework/boot/spring-boot-buildpack-platform/3.3.4/spring-boot-buildpack-platform-3.3.4.jar (289 kB at 1.1 MB/s)
#13 24.15 [INFO] Downloading from central: https://repo.maven.apache.org/maven2/com/fasterxml/jackson/core/jackson-databind/2.14.2/jackson-databind-2.14.2.jar
#13 24.15 [INFO] Downloading from central: https://repo.maven.apache.org/maven2/com/fasterxml/jackson/core/jackson-annotations/2.14.2/jackson-annotations-2.14.2.jar
#13 24.15 [INFO] Downloading from central: https://repo.maven.apache.org/maven2/com/fasterxml/jackson/core/jackson-core/2.14.2/jackson-core-2.14.2.jar
#13 24.15 [INFO] Downloading from central: https://repo.maven.apache.org/maven2/com/fasterxml/jackson/module/jackson-module-parameter-names/2.14.2/jackson-module-parameter-names-2.14.2.jar
#13 24.15 [INFO] Downloading from central: https://repo.maven.apache.org/maven2/net/java/dev/jna/jna-platform/5.13.0/jna-platform-5.13.0.jar
#13 24.19 [INFO] Downloaded from central: https://repo.maven.apache.org/maven2/com/fasterxml/jackson/core/jackson-annotations/2.14.2/jackson-annotations-2.14.2.jar (77 kB at 1.8 MB/s)
#13 24.19 [INFO] Downloading from central: https://repo.maven.apache.org/maven2/net/java/dev/jna/jna/5.13.0/jna-5.13.0.jar
#13 24.22 [INFO] Downloaded from central: https://repo.maven.apache.org/maven2/com/fasterxml/jackson/module/jackson-module-parameter-names/2.14.2/jackson-module-parameter-names-2.14.2.jar (9.5 kB at 131 kB/s)
#13 24.22 [INFO] Downloading from central: https://repo.maven.apache.org/maven2/org/apache/commons/commons-compress/1.25.0/commons-compress-1.25.0.jar
#13 24.23 [INFO] Downloaded from central: https://repo.maven.apache.org/maven2/com/fasterxml/jackson/core/jackson-core/2.14.2/jackson-core-2.14.2.jar (459 kB at 5.3 MB/s)
#13 24.23 [INFO] Downloading from central: https://repo.maven.apache.org/maven2/org/apache/httpcomponents/client5/httpclient5/5.3.1/httpclient5-5.3.1.jar
#13 24.26 [INFO] Downloaded from central: https://repo.maven.apache.org/maven2/net/java/dev/jna/jna-platform/5.13.0/jna-platform-5.13.0.jar (1.4 MB at 12 MB/s)
#13 24.26 [INFO] Downloading from central: https://repo.maven.apache.org/maven2/org/apache/httpcomponents/core5/httpcore5/5.2.4/httpcore5-5.2.4.jar
#13 24.31 [INFO] Downloaded from central: https://repo.maven.apache.org/maven2/net/java/dev/jna/jna/5.13.0/jna-5.13.0.jar (1.9 MB at 11 MB/s)
#13 24.31 [INFO] Downloading from central: https://repo.maven.apache.org/maven2/org/apache/httpcomponents/core5/httpcore5-h2/5.2.4/httpcore5-h2-5.2.4.jar
#13 24.38 [INFO] Downloaded from central: https://repo.maven.apache.org/maven2/org/apache/httpcomponents/core5/httpcore5/5.2.4/httpcore5-5.2.4.jar (855 kB at 3.8 MB/s)
#13 24.38 [INFO] Downloading from central: https://repo.maven.apache.org/maven2/org/tomlj/tomlj/1.0.0/tomlj-1.0.0.jar
#13 24.39 [INFO] Downloaded from central: https://repo.maven.apache.org/maven2/org/apache/commons/commons-compress/1.25.0/commons-compress-1.25.0.jar (1.1 MB at 4.5 MB/s)
#13 24.39 [INFO] Downloading from central: https://repo.maven.apache.org/maven2/org/antlr/antlr4-runtime/4.7.2/antlr4-runtime-4.7.2.jar
#13 24.39 [INFO] Downloaded from central: https://repo.maven.apache.org/maven2/org/apache/httpcomponents/core5/httpcore5-h2/5.2.4/httpcore5-h2-5.2.4.jar (237 kB at 976 kB/s)
#13 24.39 [INFO] Downloading from central: https://repo.maven.apache.org/maven2/com/google/code/findbugs/jsr305/3.0.2/jsr305-3.0.2.jar
#13 24.39 [INFO] Downloaded from central: https://repo.maven.apache.org/maven2/org/apache/httpcomponents/client5/httpclient5/5.3.1/httpclient5-5.3.1.jar (862 kB at 3.5 MB/s)
#13 24.40 [INFO] Downloading from central: https://repo.maven.apache.org/maven2/org/springframework/boot/spring-boot-loader-tools/3.3.4/spring-boot-loader-tools-3.3.4.jar
#13 24.44 [INFO] Downloaded from central: https://repo.maven.apache.org/maven2/com/google/code/findbugs/jsr305/3.0.2/jsr305-3.0.2.jar (20 kB at 70 kB/s)
#13 24.44 [INFO] Downloading from central: https://repo.maven.apache.org/maven2/org/springframework/spring-core/6.1.13/spring-core-6.1.13.jar
#13 24.44 [INFO] Downloaded from central: https://repo.maven.apache.org/maven2/org/antlr/antlr4-runtime/4.7.2/antlr4-runtime-4.7.2.jar (338 kB at 1.2 MB/s)
#13 24.44 [INFO] Downloading from central: https://repo.maven.apache.org/maven2/org/springframework/spring-jcl/6.1.13/spring-jcl-6.1.13.jar
#13 24.46 [INFO] Downloaded from central: https://repo.maven.apache.org/maven2/org/tomlj/tomlj/1.0.0/tomlj-1.0.0.jar (157 kB at 502 kB/s)
#13 24.46 [INFO] Downloading from central: https://repo.maven.apache.org/maven2/org/springframework/spring-context/6.1.13/spring-context-6.1.13.jar
#13 24.48 [INFO] Downloaded from central: https://repo.maven.apache.org/maven2/org/springframework/boot/spring-boot-loader-tools/3.3.4/spring-boot-loader-tools-3.3.4.jar (464 kB at 1.4 MB/s)
#13 24.48 [INFO] Downloading from central: https://repo.maven.apache.org/maven2/org/springframework/spring-aop/6.1.13/spring-aop-6.1.13.jar
#13 24.51 [INFO] Downloaded from central: https://repo.maven.apache.org/maven2/org/springframework/spring-jcl/6.1.13/spring-jcl-6.1.13.jar (25 kB at 69 kB/s)
#13 24.51 [INFO] Downloading from central: https://repo.maven.apache.org/maven2/org/springframework/spring-beans/6.1.13/spring-beans-6.1.13.jar
#13 24.56 [INFO] Downloaded from central: https://repo.maven.apache.org/maven2/org/springframework/spring-core/6.1.13/spring-core-6.1.13.jar (1.9 MB at 4.6 MB/s)
#13 24.56 [INFO] Downloading from central: https://repo.maven.apache.org/maven2/org/springframework/spring-expression/6.1.13/spring-expression-6.1.13.jar
#13 24.59 [INFO] Downloaded from central: https://repo.maven.apache.org/maven2/org/springframework/spring-context/6.1.13/spring-context-6.1.13.jar (1.3 MB at 3.0 MB/s)
#13 24.59 [INFO] Downloading from central: https://repo.maven.apache.org/maven2/io/micrometer/micrometer-observation/1.12.10/micrometer-observation-1.12.10.jar
#13 24.61 [INFO] Downloaded from central: https://repo.maven.apache.org/maven2/org/springframework/spring-beans/6.1.13/spring-beans-6.1.13.jar (862 kB at 1.9 MB/s)
#13 24.61 [INFO] Downloading from central: https://repo.maven.apache.org/maven2/io/micrometer/micrometer-commons/1.12.10/micrometer-commons-1.12.10.jar
#13 24.61 [INFO] Downloaded from central: https://repo.maven.apache.org/maven2/org/springframework/spring-aop/6.1.13/spring-aop-6.1.13.jar (417 kB at 911 kB/s)
#13 24.61 [INFO] Downloading from central: https://repo.maven.apache.org/maven2/org/apache/maven/plugins/maven-shade-plugin/3.5.0/maven-shade-plugin-3.5.0.jar
#13 24.63 [INFO] Downloaded from central: https://repo.maven.apache.org/maven2/org/springframework/spring-expression/6.1.13/spring-expression-6.1.13.jar (304 kB at 634 kB/s)
#13 24.63 [INFO] Downloading from central: https://repo.maven.apache.org/maven2/org/ow2/asm/asm-commons/9.5/asm-commons-9.5.jar
#13 24.63 [INFO] Downloaded from central: https://repo.maven.apache.org/maven2/io/micrometer/micrometer-observation/1.12.10/micrometer-observation-1.12.10.jar (72 kB at 149 kB/s)
#13 24.63 [INFO] Downloading from central: https://repo.maven.apache.org/maven2/org/ow2/asm/asm-tree/9.5/asm-tree-9.5.jar
#13 24.64 [INFO] Downloaded from central: https://repo.maven.apache.org/maven2/io/micrometer/micrometer-commons/1.12.10/micrometer-commons-1.12.10.jar (47 kB at 98 kB/s)
#13 24.64 [INFO] Downloading from central: https://repo.maven.apache.org/maven2/org/jdom/jdom2/2.0.6.1/jdom2-2.0.6.1.jar
#13 24.65 [INFO] Downloaded from central: https://repo.maven.apache.org/maven2/org/apache/maven/plugins/maven-shade-plugin/3.5.0/maven-shade-plugin-3.5.0.jar (147 kB at 293 kB/s)
#13 24.65 [INFO] Downloading from central: https://repo.maven.apache.org/maven2/org/eclipse/aether/aether-api/1.0.0.v20140518/aether-api-1.0.0.v20140518.jar
#13 24.67 [INFO] Downloaded from central: https://repo.maven.apache.org/maven2/org/ow2/asm/asm-tree/9.5/asm-tree-9.5.jar (52 kB at 101 kB/s)
#13 24.67 [INFO] Downloading from central: https://repo.maven.apache.org/maven2/org/vafer/jdependency/2.8.0/jdependency-2.8.0.jar
#13 24.67 [INFO] Downloaded from central: https://repo.maven.apache.org/maven2/org/ow2/asm/asm-commons/9.5/asm-commons-9.5.jar (72 kB at 139 kB/s)
#13 24.69 [INFO] Downloaded from central: https://repo.maven.apache.org/maven2/org/jdom/jdom2/2.0.6.1/jdom2-2.0.6.1.jar (328 kB at 610 kB/s)
#13 24.69 [INFO] Downloaded from central: https://repo.maven.apache.org/maven2/org/eclipse/aether/aether-api/1.0.0.v20140518/aether-api-1.0.0.v20140518.jar (136 kB at 251 kB/s)
#13 24.72 [INFO] Downloaded from central: https://repo.maven.apache.org/maven2/org/vafer/jdependency/2.8.0/jdependency-2.8.0.jar (233 kB at 414 kB/s)
#13 25.13 [INFO] Downloaded from central: https://repo.maven.apache.org/maven2/com/fasterxml/jackson/core/jackson-databind/2.14.2/jackson-databind-2.14.2.jar (1.6 MB at 1.6 MB/s)
#13 25.16 [INFO] Downloading from central: https://repo.maven.apache.org/maven2/org/apache/maven/reporting/maven-reporting-exec/1.6.0/maven-reporting-exec-1.6.0.pom
#13 25.20 [INFO] Downloaded from central: https://repo.maven.apache.org/maven2/org/apache/maven/reporting/maven-reporting-exec/1.6.0/maven-reporting-exec-1.6.0.pom (14 kB at 356 kB/s)
#13 25.20 [INFO] Downloading from central: https://repo.maven.apache.org/maven2/org/apache/maven/reporting/maven-reporting-api/3.1.0/maven-reporting-api-3.1.0.pom
#13 25.23 [INFO] Downloaded from central: https://repo.maven.apache.org/maven2/org/apache/maven/reporting/maven-reporting-api/3.1.0/maven-reporting-api-3.1.0.pom (3.8 kB at 118 kB/s)
#13 25.24 [INFO] Downloading from central: https://repo.maven.apache.org/maven2/org/codehaus/plexus/plexus-utils/3.3.0/plexus-utils-3.3.0.pom
#13 25.28 [INFO] Downloaded from central: https://repo.maven.apache.org/maven2/org/codehaus/plexus/plexus-utils/3.3.0/plexus-utils-3.3.0.pom (5.2 kB at 130 kB/s)
#13 25.28 [INFO] Downloading from central: https://repo.maven.apache.org/maven2/org/eclipse/sisu/org.eclipse.sisu.plexus/0.3.5/org.eclipse.sisu.plexus-0.3.5.pom
#13 25.32 [INFO] Downloaded from central: https://repo.maven.apache.org/maven2/org/eclipse/sisu/org.eclipse.sisu.plexus/0.3.5/org.eclipse.sisu.plexus-0.3.5.pom (4.3 kB at 110 kB/s)
#13 25.32 [INFO] Downloading from central: https://repo.maven.apache.org/maven2/org/eclipse/sisu/sisu-plexus/0.3.5/sisu-plexus-0.3.5.pom
#13 25.37 [INFO] Downloaded from central: https://repo.maven.apache.org/maven2/org/eclipse/sisu/sisu-plexus/0.3.5/sisu-plexus-0.3.5.pom (14 kB at 280 kB/s)
#13 25.37 [INFO] Downloading from central: https://repo.maven.apache.org/maven2/javax/annotation/javax.annotation-api/1.2/javax.annotation-api-1.2.pom
#13 25.42 [INFO] Downloaded from central: https://repo.maven.apache.org/maven2/javax/annotation/javax.annotation-api/1.2/javax.annotation-api-1.2.pom (13 kB at 292 kB/s)
#13 25.42 [INFO] Downloading from central: https://repo.maven.apache.org/maven2/net/java/jvnet-parent/3/jvnet-parent-3.pom
#13 25.50 [INFO] Downloaded from central: https://repo.maven.apache.org/maven2/net/java/jvnet-parent/3/jvnet-parent-3.pom (4.8 kB at 63 kB/s)
#13 25.50 [INFO] Downloading from central: https://repo.maven.apache.org/maven2/javax/enterprise/cdi-api/1.2/cdi-api-1.2.pom
#13 25.54 [INFO] Downloaded from central: https://repo.maven.apache.org/maven2/javax/enterprise/cdi-api/1.2/cdi-api-1.2.pom (6.3 kB at 139 kB/s)
#13 25.55 [INFO] Downloading from central: https://repo.maven.apache.org/maven2/org/jboss/weld/weld-parent/26/weld-parent-26.pom
#13 25.58 [INFO] Downloaded from central: https://repo.maven.apache.org/maven2/org/jboss/weld/weld-parent/26/weld-parent-26.pom (32 kB at 980 kB/s)
#13 25.58 [INFO] Downloading from central: https://repo.maven.apache.org/maven2/org/eclipse/sisu/org.eclipse.sisu.inject/0.3.5/org.eclipse.sisu.inject-0.3.5.pom
#13 25.62 [INFO] Downloaded from central: https://repo.maven.apache.org/maven2/org/eclipse/sisu/org.eclipse.sisu.inject/0.3.5/org.eclipse.sisu.inject-0.3.5.pom (2.6 kB at 75 kB/s)
#13 25.62 [INFO] Downloading from central: https://repo.maven.apache.org/maven2/org/eclipse/sisu/sisu-inject/0.3.5/sisu-inject-0.3.5.pom
#13 25.66 [INFO] Downloaded from central: https://repo.maven.apache.org/maven2/org/eclipse/sisu/sisu-inject/0.3.5/sisu-inject-0.3.5.pom (14 kB at 360 kB/s)
#13 25.66 [INFO] Downloading from central: https://repo.maven.apache.org/maven2/org/apache/maven/maven-archiver/3.5.2/maven-archiver-3.5.2.pom
#13 25.70 [INFO] Downloaded from central: https://repo.maven.apache.org/maven2/org/apache/maven/maven-archiver/3.5.2/maven-archiver-3.5.2.pom (5.5 kB at 135 kB/s)
#13 25.71 [INFO] Downloading from central: https://repo.maven.apache.org/maven2/org/apache/maven/maven-artifact/3.1.1/maven-artifact-3.1.1.pom
#13 25.74 [INFO] Downloaded from central: https://repo.maven.apache.org/maven2/org/apache/maven/maven-artifact/3.1.1/maven-artifact-3.1.1.pom (2.0 kB at 53 kB/s)
#13 25.74 [INFO] Downloading from central: https://repo.maven.apache.org/maven2/org/apache/maven/maven/3.1.1/maven-3.1.1.pom
#13 25.79 [INFO] Downloaded from central: https://repo.maven.apache.org/maven2/org/apache/maven/maven/3.1.1/maven-3.1.1.pom (22 kB at 502 kB/s)
#13 25.79 [INFO] Downloading from central: https://repo.maven.apache.org/maven2/org/apache/maven/maven-model/3.1.1/maven-model-3.1.1.pom
#13 25.83 [INFO] Downloaded from central: https://repo.maven.apache.org/maven2/org/apache/maven/maven-model/3.1.1/maven-model-3.1.1.pom (4.1 kB at 112 kB/s)
#13 25.83 [INFO] Downloading from central: https://repo.maven.apache.org/maven2/org/apache/maven/maven-core/3.1.1/maven-core-3.1.1.pom
#13 25.87 [INFO] Downloaded from central: https://repo.maven.apache.org/maven2/org/apache/maven/maven-core/3.1.1/maven-core-3.1.1.pom (7.3 kB at 191 kB/s)
#13 25.87 [INFO] Downloading from central: https://repo.maven.apache.org/maven2/org/apache/maven/maven-settings/3.1.1/maven-settings-3.1.1.pom
#13 25.91 [INFO] Downloaded from central: https://repo.maven.apache.org/maven2/org/apache/maven/maven-settings/3.1.1/maven-settings-3.1.1.pom (2.2 kB at 57 kB/s)
#13 25.91 [INFO] Downloading from central: https://repo.maven.apache.org/maven2/org/apache/maven/maven-settings-builder/3.1.1/maven-settings-builder-3.1.1.pom
#13 25.95 [INFO] Downloaded from central: https://repo.maven.apache.org/maven2/org/apache/maven/maven-settings-builder/3.1.1/maven-settings-builder-3.1.1.pom (2.6 kB at 63 kB/s)
#13 25.95 [INFO] Downloading from central: https://repo.maven.apache.org/maven2/org/codehaus/plexus/plexus-interpolation/1.19/plexus-interpolation-1.19.pom
#13 26.00 [INFO] Downloaded from central: https://repo.maven.apache.org/maven2/org/codehaus/plexus/plexus-interpolation/1.19/plexus-interpolation-1.19.pom (1.0 kB at 22 kB/s)
#13 26.00 [INFO] Downloading from central: https://repo.maven.apache.org/maven2/org/apache/maven/maven-repository-metadata/3.1.1/maven-repository-metadata-3.1.1.pom
#13 26.03 [INFO] Downloaded from central: https://repo.maven.apache.org/maven2/org/apache/maven/maven-repository-metadata/3.1.1/maven-repository-metadata-3.1.1.pom (2.2 kB at 77 kB/s)
#13 26.04 [INFO] Downloading from central: https://repo.maven.apache.org/maven2/org/apache/maven/maven-plugin-api/3.1.1/maven-plugin-api-3.1.1.pom
#13 26.08 [INFO] Downloaded from central: https://repo.maven.apache.org/maven2/org/apache/maven/maven-plugin-api/3.1.1/maven-plugin-api-3.1.1.pom (3.4 kB at 82 kB/s)
#13 26.08 [INFO] Downloading from central: https://repo.maven.apache.org/maven2/org/apache/maven/maven-model-builder/3.1.1/maven-model-builder-3.1.1.pom
#13 26.12 [INFO] Downloaded from central: https://repo.maven.apache.org/maven2/org/apache/maven/maven-model-builder/3.1.1/maven-model-builder-3.1.1.pom (2.8 kB at 72 kB/s)
#13 26.12 [INFO] Downloading from central: https://repo.maven.apache.org/maven2/org/apache/maven/maven-aether-provider/3.1.1/maven-aether-provider-3.1.1.pom
#13 26.16 [INFO] Downloaded from central: https://repo.maven.apache.org/maven2/org/apache/maven/maven-aether-provider/3.1.1/maven-aether-provider-3.1.1.pom (4.1 kB at 117 kB/s)
#13 26.16 [INFO] Downloading from central: https://repo.maven.apache.org/maven2/org/apache/maven/shared/maven-shared-utils/3.3.3/maven-shared-utils-3.3.3.pom
#13 26.20 [INFO] Downloaded from central: https://repo.maven.apache.org/maven2/org/apache/maven/shared/maven-shared-utils/3.3.3/maven-shared-utils-3.3.3.pom (5.8 kB at 137 kB/s)
#13 26.21 [INFO] Downloading from central: https://repo.maven.apache.org/maven2/org/apache/commons/commons-compress/1.20/commons-compress-1.20.pom
#13 26.24 [INFO] Downloaded from central: https://repo.maven.apache.org/maven2/org/apache/commons/commons-compress/1.20/commons-compress-1.20.pom (18 kB at 494 kB/s)
#13 26.25 [INFO] Downloading from central: https://repo.maven.apache.org/maven2/org/codehaus/plexus/plexus-archiver/4.2.7/plexus-archiver-4.2.7.pom
#13 26.29 [INFO] Downloaded from central: https://repo.maven.apache.org/maven2/org/codehaus/plexus/plexus-archiver/4.2.7/plexus-archiver-4.2.7.pom (4.9 kB at 112 kB/s)
#13 26.29 [INFO] Downloading from central: https://repo.maven.apache.org/maven2/org/codehaus/plexus/plexus/8/plexus-8.pom
#13 26.33 [INFO] Downloaded from central: https://repo.maven.apache.org/maven2/org/codehaus/plexus/plexus/8/plexus-8.pom (25 kB at 652 kB/s)
#13 26.33 [INFO] Downloading from central: https://repo.maven.apache.org/maven2/org/codehaus/plexus/plexus-io/3.2.0/plexus-io-3.2.0.pom
#13 26.37 [INFO] Downloaded from central: https://repo.maven.apache.org/maven2/org/codehaus/plexus/plexus-io/3.2.0/plexus-io-3.2.0.pom (4.5 kB at 138 kB/s)
#13 26.38 [INFO] Downloading from central: https://repo.maven.apache.org/maven2/org/apache/commons/commons-compress/1.21/commons-compress-1.21.pom
#13 26.42 [INFO] Downloaded from central: https://repo.maven.apache.org/maven2/org/apache/commons/commons-compress/1.21/commons-compress-1.21.pom (20 kB at 480 kB/s)
#13 26.42 [INFO] Downloading from central: https://repo.maven.apache.org/maven2/org/codehaus/plexus/plexus-utils/3.4.2/plexus-utils-3.4.2.pom
#13 26.47 [INFO] Downloaded from central: https://repo.maven.apache.org/maven2/org/codehaus/plexus/plexus-utils/3.4.2/plexus-utils-3.4.2.pom (8.2 kB at 205 kB/s)
#13 26.47 [INFO] Downloading from central: https://repo.maven.apache.org/maven2/org/codehaus/plexus/plexus-container-default/2.1.0/plexus-container-default-2.1.0.pom
#13 26.51 [INFO] Downloaded from central: https://repo.maven.apache.org/maven2/org/codehaus/plexus/plexus-container-default/2.1.0/plexus-container-default-2.1.0.pom (3.0 kB at 67 kB/s)
#13 26.51 [INFO] Downloading from central: https://repo.maven.apache.org/maven2/org/codehaus/plexus/plexus-classworlds/2.6.0/plexus-classworlds-2.6.0.pom
#13 26.54 [INFO] Downloaded from central: https://repo.maven.apache.org/maven2/org/codehaus/plexus/plexus-classworlds/2.6.0/plexus-classworlds-2.6.0.pom (7.9 kB at 273 kB/s)
#13 26.55 [INFO] Downloading from central: https://repo.maven.apache.org/maven2/org/apache/xbean/xbean-reflect/3.7/xbean-reflect-3.7.pom
#13 26.59 [INFO] Downloaded from central: https://repo.maven.apache.org/maven2/org/apache/xbean/xbean-reflect/3.7/xbean-reflect-3.7.pom (5.1 kB at 131 kB/s)
#13 26.59 [INFO] Downloading from central: https://repo.maven.apache.org/maven2/org/apache/xbean/xbean/3.7/xbean-3.7.pom
#13 26.63 [INFO] Downloaded from central: https://repo.maven.apache.org/maven2/org/apache/xbean/xbean/3.7/xbean-3.7.pom (15 kB at 368 kB/s)
#13 26.63 [INFO] Downloading from central: https://repo.maven.apache.org/maven2/org/apache/geronimo/genesis/genesis-java5-flava/2.0/genesis-java5-flava-2.0.pom
#13 26.67 [INFO] Downloaded from central: https://repo.maven.apache.org/maven2/org/apache/geronimo/genesis/genesis-java5-flava/2.0/genesis-java5-flava-2.0.pom (5.5 kB at 171 kB/s)
#13 26.67 [INFO] Downloading from central: https://repo.maven.apache.org/maven2/org/apache/geronimo/genesis/genesis-default-flava/2.0/genesis-default-flava-2.0.pom
#13 26.71 [INFO] Downloaded from central: https://repo.maven.apache.org/maven2/org/apache/geronimo/genesis/genesis-default-flava/2.0/genesis-default-flava-2.0.pom (18 kB at 424 kB/s)
#13 26.71 [INFO] Downloading from central: https://repo.maven.apache.org/maven2/org/apache/geronimo/genesis/genesis/2.0/genesis-2.0.pom
#13 26.75 [INFO] Downloaded from central: https://repo.maven.apache.org/maven2/org/apache/geronimo/genesis/genesis/2.0/genesis-2.0.pom (18 kB at 439 kB/s)
#13 26.76 [INFO] Downloading from central: https://repo.maven.apache.org/maven2/com/google/collections/google-collections/1.0/google-collections-1.0.pom
#13 26.80 [INFO] Downloaded from central: https://repo.maven.apache.org/maven2/com/google/collections/google-collections/1.0/google-collections-1.0.pom (2.5 kB at 60 kB/s)
#13 26.80 [INFO] Downloading from central: https://repo.maven.apache.org/maven2/com/google/google/1/google-1.pom
#13 26.84 [INFO] Downloaded from central: https://repo.maven.apache.org/maven2/com/google/google/1/google-1.pom (1.6 kB at 38 kB/s)
#13 26.84 [INFO] Downloading from central: https://repo.maven.apache.org/maven2/org/apache/commons/commons-text/1.3/commons-text-1.3.pom
#13 26.88 [INFO] Downloaded from central: https://repo.maven.apache.org/maven2/org/apache/commons/commons-text/1.3/commons-text-1.3.pom (14 kB at 332 kB/s)
#13 26.89 [INFO] Downloading from central: https://repo.maven.apache.org/maven2/org/apache/commons/commons-parent/45/commons-parent-45.pom
#13 26.94 [INFO] Downloaded from central: https://repo.maven.apache.org/maven2/org/apache/commons/commons-parent/45/commons-parent-45.pom (73 kB at 1.4 MB/s)
#13 26.94 [INFO] Downloading from central: https://repo.maven.apache.org/maven2/org/apache/commons/commons-lang3/3.7/commons-lang3-3.7.pom
#13 27.00 [INFO] Downloaded from central: https://repo.maven.apache.org/maven2/org/apache/commons/commons-lang3/3.7/commons-lang3-3.7.pom (28 kB at 501 kB/s)
#13 27.00 [INFO] Downloading from central: https://repo.maven.apache.org/maven2/org/apache/maven/doxia/doxia-module-apt/1.11.1/doxia-module-apt-1.11.1.pom
#13 27.05 [INFO] Downloaded from central: https://repo.maven.apache.org/maven2/org/apache/maven/doxia/doxia-module-apt/1.11.1/doxia-module-apt-1.11.1.pom (2.1 kB at 47 kB/s)
#13 27.05 [INFO] Downloading from central: https://repo.maven.apache.org/maven2/org/apache/maven/doxia/doxia-module-xdoc/1.11.1/doxia-module-xdoc-1.11.1.pom
#13 27.11 [INFO] Downloaded from central: https://repo.maven.apache.org/maven2/org/apache/maven/doxia/doxia-module-xdoc/1.11.1/doxia-module-xdoc-1.11.1.pom (4.5 kB at 83 kB/s)
#13 27.11 [INFO] Downloading from central: https://repo.maven.apache.org/maven2/org/apache/maven/doxia/doxia-module-fml/1.11.1/doxia-module-fml-1.11.1.pom
#13 27.15 [INFO] Downloaded from central: https://repo.maven.apache.org/maven2/org/apache/maven/doxia/doxia-module-fml/1.11.1/doxia-module-fml-1.11.1.pom (4.4 kB at 100 kB/s)
#13 27.15 [INFO] Downloading from central: https://repo.maven.apache.org/maven2/org/apache/maven/doxia/doxia-module-markdown/1.11.1/doxia-module-markdown-1.11.1.pom
#13 27.19 [INFO] Downloaded from central: https://repo.maven.apache.org/maven2/org/apache/maven/doxia/doxia-module-markdown/1.11.1/doxia-module-markdown-1.11.1.pom (5.4 kB at 173 kB/s)
#13 27.19 [INFO] Downloading from central: https://repo.maven.apache.org/maven2/com/vladsch/flexmark/flexmark-all/0.42.14/flexmark-all-0.42.14.pom
#13 27.23 [INFO] Downloaded from central: https://repo.maven.apache.org/maven2/com/vladsch/flexmark/flexmark-all/0.42.14/flexmark-all-0.42.14.pom (9.0 kB at 213 kB/s)
#13 27.23 [INFO] Downloading from central: https://repo.maven.apache.org/maven2/com/vladsch/flexmark/flexmark-java/0.42.14/flexmark-java-0.42.14.pom
#13 27.28 [INFO] Downloaded from central: https://repo.maven.apache.org/maven2/com/vladsch/flexmark/flexmark-java/0.42.14/flexmark-java-0.42.14.pom (20 kB at 465 kB/s)
#13 27.28 [INFO] Downloading from central: https://repo.maven.apache.org/maven2/com/vladsch/flexmark/flexmark/0.42.14/flexmark-0.42.14.pom
#13 27.32 [INFO] Downloaded from central: https://repo.maven.apache.org/maven2/com/vladsch/flexmark/flexmark/0.42.14/flexmark-0.42.14.pom (2.5 kB at 59 kB/s)
#13 27.32 [INFO] Downloading from central: https://repo.maven.apache.org/maven2/com/vladsch/flexmark/flexmark-util/0.42.14/flexmark-util-0.42.14.pom
#13 27.37 [INFO] Downloaded from central: https://repo.maven.apache.org/maven2/com/vladsch/flexmark/flexmark-util/0.42.14/flexmark-util-0.42.14.pom (792 B at 17 kB/s)
#13 27.37 [INFO] Downloading from central: https://repo.maven.apache.org/maven2/com/vladsch/flexmark/flexmark-ext-abbreviation/0.42.14/flexmark-ext-abbreviation-0.42.14.pom
#13 27.42 [INFO] Downloaded from central: https://repo.maven.apache.org/maven2/com/vladsch/flexmark/flexmark-ext-abbreviation/0.42.14/flexmark-ext-abbreviation-0.42.14.pom (2.5 kB at 55 kB/s)
#13 27.42 [INFO] Downloading from central: https://repo.maven.apache.org/maven2/com/vladsch/flexmark/flexmark-ext-autolink/0.42.14/flexmark-ext-autolink-0.42.14.pom
#13 27.46 [INFO] Downloaded from central: https://repo.maven.apache.org/maven2/com/vladsch/flexmark/flexmark-ext-autolink/0.42.14/flexmark-ext-autolink-0.42.14.pom (1.8 kB at 52 kB/s)
#13 27.46 [INFO] Downloading from central: https://repo.maven.apache.org/maven2/org/nibor/autolink/autolink/0.6.0/autolink-0.6.0.pom
#13 27.51 [INFO] Downloaded from central: https://repo.maven.apache.org/maven2/org/nibor/autolink/autolink/0.6.0/autolink-0.6.0.pom (9.2 kB at 208 kB/s)
#13 27.51 [INFO] Downloading from central: https://repo.maven.apache.org/maven2/com/vladsch/flexmark/flexmark-formatter/0.42.14/flexmark-formatter-0.42.14.pom
#13 27.55 [INFO] Downloaded from central: https://repo.maven.apache.org/maven2/com/vladsch/flexmark/flexmark-formatter/0.42.14/flexmark-formatter-0.42.14.pom (1.1 kB at 28 kB/s)
#13 27.55 [INFO] Downloading from central: https://repo.maven.apache.org/maven2/com/vladsch/flexmark/flexmark-ext-admonition/0.42.14/flexmark-ext-admonition-0.42.14.pom
#13 27.58 [INFO] Downloaded from central: https://repo.maven.apache.org/maven2/com/vladsch/flexmark/flexmark-ext-admonition/0.42.14/flexmark-ext-admonition-0.42.14.pom (1.5 kB at 53 kB/s)
#13 27.58 [INFO] Downloading from central: https://repo.maven.apache.org/maven2/com/vladsch/flexmark/flexmark-ext-anchorlink/0.42.14/flexmark-ext-anchorlink-0.42.14.pom
#13 27.62 [INFO] Downloaded from central: https://repo.maven.apache.org/maven2/com/vladsch/flexmark/flexmark-ext-anchorlink/0.42.14/flexmark-ext-anchorlink-0.42.14.pom (1.6 kB at 47 kB/s)
#13 27.62 [INFO] Downloading from central: https://repo.maven.apache.org/maven2/com/vladsch/flexmark/flexmark-ext-aside/0.42.14/flexmark-ext-aside-0.42.14.pom
#13 27.67 [INFO] Downloaded from central: https://repo.maven.apache.org/maven2/com/vladsch/flexmark/flexmark-ext-aside/0.42.14/flexmark-ext-aside-0.42.14.pom (1.5 kB at 31 kB/s)
#13 27.67 [INFO] Downloading from central: https://repo.maven.apache.org/maven2/com/vladsch/flexmark/flexmark-jira-converter/0.42.14/flexmark-jira-converter-0.42.14.pom
#13 27.71 [INFO] Downloaded from central: https://repo.maven.apache.org/maven2/com/vladsch/flexmark/flexmark-jira-converter/0.42.14/flexmark-jira-converter-0.42.14.pom (2.1 kB at 53 kB/s)
#13 27.71 [INFO] Downloading from central: https://repo.maven.apache.org/maven2/com/vladsch/flexmark/flexmark-ext-gfm-strikethrough/0.42.14/flexmark-ext-gfm-strikethrough-0.42.14.pom
#13 27.75 [INFO] Downloaded from central: https://repo.maven.apache.org/maven2/com/vladsch/flexmark/flexmark-ext-gfm-strikethrough/0.42.14/flexmark-ext-gfm-strikethrough-0.42.14.pom (1.3 kB at 33 kB/s)
#13 27.76 [INFO] Downloading from central: https://repo.maven.apache.org/maven2/com/vladsch/flexmark/flexmark-ext-tables/0.42.14/flexmark-ext-tables-0.42.14.pom
#13 27.79 [INFO] Downloaded from central: https://repo.maven.apache.org/maven2/com/vladsch/flexmark/flexmark-ext-tables/0.42.14/flexmark-ext-tables-0.42.14.pom (1.5 kB at 42 kB/s)
#13 27.80 [INFO] Downloading from central: https://repo.maven.apache.org/maven2/com/vladsch/flexmark/flexmark-ext-wikilink/0.42.14/flexmark-ext-wikilink-0.42.14.pom
#13 27.83 [INFO] Downloaded from central: https://repo.maven.apache.org/maven2/com/vladsch/flexmark/flexmark-ext-wikilink/0.42.14/flexmark-ext-wikilink-0.42.14.pom (1.5 kB at 41 kB/s)
#13 27.83 [INFO] Downloading from central: https://repo.maven.apache.org/maven2/com/vladsch/flexmark/flexmark-ext-ins/0.42.14/flexmark-ext-ins-0.42.14.pom
#13 27.88 [INFO] Downloaded from central: https://repo.maven.apache.org/maven2/com/vladsch/flexmark/flexmark-ext-ins/0.42.14/flexmark-ext-ins-0.42.14.pom (1.3 kB at 30 kB/s)
#13 27.88 [INFO] Downloading from central: https://repo.maven.apache.org/maven2/com/vladsch/flexmark/flexmark-ext-superscript/0.42.14/flexmark-ext-superscript-0.42.14.pom
#13 27.92 [INFO] Downloaded from central: https://repo.maven.apache.org/maven2/com/vladsch/flexmark/flexmark-ext-superscript/0.42.14/flexmark-ext-superscript-0.42.14.pom (1.3 kB at 30 kB/s)
#13 27.92 [INFO] Downloading from central: https://repo.maven.apache.org/maven2/com/vladsch/flexmark/flexmark-ext-attributes/0.42.14/flexmark-ext-attributes-0.42.14.pom
#13 27.96 [INFO] Downloaded from central: https://repo.maven.apache.org/maven2/com/vladsch/flexmark/flexmark-ext-attributes/0.42.14/flexmark-ext-attributes-0.42.14.pom (2.6 kB at 68 kB/s)
#13 27.96 [INFO] Downloading from central: https://repo.maven.apache.org/maven2/com/vladsch/flexmark/flexmark-ext-definition/0.42.14/flexmark-ext-definition-0.42.14.pom
#13 28.00 [INFO] Downloaded from central: https://repo.maven.apache.org/maven2/com/vladsch/flexmark/flexmark-ext-definition/0.42.14/flexmark-ext-definition-0.42.14.pom (1.3 kB at 34 kB/s)
#13 28.01 [INFO] Downloading from central: https://repo.maven.apache.org/maven2/com/vladsch/flexmark/flexmark-ext-emoji/0.42.14/flexmark-ext-emoji-0.42.14.pom
#13 28.06 [INFO] Downloaded from central: https://repo.maven.apache.org/maven2/com/vladsch/flexmark/flexmark-ext-emoji/0.42.14/flexmark-ext-emoji-0.42.14.pom (1.5 kB at 29 kB/s)
#13 28.06 [INFO] Downloading from central: https://repo.maven.apache.org/maven2/com/vladsch/flexmark/flexmark-ext-enumerated-reference/0.42.14/flexmark-ext-enumerated-reference-0.42.14.pom
#13 28.10 [INFO] Downloaded from central: https://repo.maven.apache.org/maven2/com/vladsch/flexmark/flexmark-ext-enumerated-reference/0.42.14/flexmark-ext-enumerated-reference-0.42.14.pom (1.7 kB at 42 kB/s)
#13 28.10 [INFO] Downloading from central: https://repo.maven.apache.org/maven2/com/vladsch/flexmark/flexmark-ext-escaped-character/0.42.14/flexmark-ext-escaped-character-0.42.14.pom
#13 28.15 [INFO] Downloaded from central: https://repo.maven.apache.org/maven2/com/vladsch/flexmark/flexmark-ext-escaped-character/0.42.14/flexmark-ext-escaped-character-0.42.14.pom (1.3 kB at 27 kB/s)
#13 28.15 [INFO] Downloading from central: https://repo.maven.apache.org/maven2/com/vladsch/flexmark/flexmark-ext-footnotes/0.42.14/flexmark-ext-footnotes-0.42.14.pom
#13 28.20 [INFO] Downloaded from central: https://repo.maven.apache.org/maven2/com/vladsch/flexmark/flexmark-ext-footnotes/0.42.14/flexmark-ext-footnotes-0.42.14.pom (1.3 kB at 32 kB/s)
#13 28.20 [INFO] Downloading from central: https://repo.maven.apache.org/maven2/com/vladsch/flexmark/flexmark-ext-gfm-issues/0.42.14/flexmark-ext-gfm-issues-0.42.14.pom
#13 28.25 [INFO] Downloaded from central: https://repo.maven.apache.org/maven2/com/vladsch/flexmark/flexmark-ext-gfm-issues/0.42.14/flexmark-ext-gfm-issues-0.42.14.pom (1.3 kB at 24 kB/s)
#13 28.25 [INFO] Downloading from central: https://repo.maven.apache.org/maven2/com/vladsch/flexmark/flexmark-ext-gfm-tables/0.42.14/flexmark-ext-gfm-tables-0.42.14.pom
#13 28.30 [INFO] Downloaded from central: https://repo.maven.apache.org/maven2/com/vladsch/flexmark/flexmark-ext-gfm-tables/0.42.14/flexmark-ext-gfm-tables-0.42.14.pom (1.3 kB at 30 kB/s)
#13 28.30 [INFO] Downloading from central: https://repo.maven.apache.org/maven2/com/vladsch/flexmark/flexmark-ext-gfm-tasklist/0.42.14/flexmark-ext-gfm-tasklist-0.42.14.pom
#13 28.35 [INFO] Downloaded from central: https://repo.maven.apache.org/maven2/com/vladsch/flexmark/flexmark-ext-gfm-tasklist/0.42.14/flexmark-ext-gfm-tasklist-0.42.14.pom (1.4 kB at 29 kB/s)
#13 28.35 [INFO] Downloading from central: https://repo.maven.apache.org/maven2/com/vladsch/flexmark/flexmark-ext-gfm-users/0.42.14/flexmark-ext-gfm-users-0.42.14.pom
#13 28.39 [INFO] Downloaded from central: https://repo.maven.apache.org/maven2/com/vladsch/flexmark/flexmark-ext-gfm-users/0.42.14/flexmark-ext-gfm-users-0.42.14.pom (1.3 kB at 31 kB/s)
#13 28.39 [INFO] Downloading from central: https://repo.maven.apache.org/maven2/com/vladsch/flexmark/flexmark-ext-gitlab/0.42.14/flexmark-ext-gitlab-0.42.14.pom
#13 28.44 [INFO] Downloaded from central: https://repo.maven.apache.org/maven2/com/vladsch/flexmark/flexmark-ext-gitlab/0.42.14/flexmark-ext-gitlab-0.42.14.pom (1.3 kB at 29 kB/s)
#13 28.44 [INFO] Downloading from central: https://repo.maven.apache.org/maven2/com/vladsch/flexmark/flexmark-ext-jekyll-front-matter/0.42.14/flexmark-ext-jekyll-front-matter-0.42.14.pom
#13 28.48 [INFO] Downloaded from central: https://repo.maven.apache.org/maven2/com/vladsch/flexmark/flexmark-ext-jekyll-front-matter/0.42.14/flexmark-ext-jekyll-front-matter-0.42.14.pom (1.5 kB at 38 kB/s)
#13 28.48 [INFO] Downloading from central: https://repo.maven.apache.org/maven2/com/vladsch/flexmark/flexmark-ext-yaml-front-matter/0.42.14/flexmark-ext-yaml-front-matter-0.42.14.pom
#13 28.52 [INFO] Downloaded from central: https://repo.maven.apache.org/maven2/com/vladsch/flexmark/flexmark-ext-yaml-front-matter/0.42.14/flexmark-ext-yaml-front-matter-0.42.14.pom (1.3 kB at 33 kB/s)
#13 28.52 [INFO] Downloading from central: https://repo.maven.apache.org/maven2/com/vladsch/flexmark/flexmark-ext-jekyll-tag/0.42.14/flexmark-ext-jekyll-tag-0.42.14.pom
#13 28.57 [INFO] Downloaded from central: https://repo.maven.apache.org/maven2/com/vladsch/flexmark/flexmark-ext-jekyll-tag/0.42.14/flexmark-ext-jekyll-tag-0.42.14.pom (1.3 kB at 27 kB/s)
#13 28.57 [INFO] Downloading from central: https://repo.maven.apache.org/maven2/com/vladsch/flexmark/flexmark-ext-media-tags/0.42.14/flexmark-ext-media-tags-0.42.14.pom
#13 28.62 [INFO] Downloaded from central: https://repo.maven.apache.org/maven2/com/vladsch/flexmark/flexmark-ext-media-tags/0.42.14/flexmark-ext-media-tags-0.42.14.pom (1.0 kB at 23 kB/s)
#13 28.62 [INFO] Downloading from central: https://repo.maven.apache.org/maven2/com/vladsch/flexmark/flexmark-ext-macros/0.42.14/flexmark-ext-macros-0.42.14.pom
#13 28.67 [INFO] Downloaded from central: https://repo.maven.apache.org/maven2/com/vladsch/flexmark/flexmark-ext-macros/0.42.14/flexmark-ext-macros-0.42.14.pom (1.6 kB at 34 kB/s)
#13 28.67 [INFO] Downloading from central: https://repo.maven.apache.org/maven2/com/vladsch/flexmark/flexmark-ext-xwiki-macros/0.42.14/flexmark-ext-xwiki-macros-0.42.14.pom
#13 28.71 [INFO] Downloaded from central: https://repo.maven.apache.org/maven2/com/vladsch/flexmark/flexmark-ext-xwiki-macros/0.42.14/flexmark-ext-xwiki-macros-0.42.14.pom (1.3 kB at 34 kB/s)
#13 28.71 [INFO] Downloading from central: https://repo.maven.apache.org/maven2/com/vladsch/flexmark/flexmark-ext-toc/0.42.14/flexmark-ext-toc-0.42.14.pom
#13 28.76 [INFO] Downloaded from central: https://repo.maven.apache.org/maven2/com/vladsch/flexmark/flexmark-ext-toc/0.42.14/flexmark-ext-toc-0.42.14.pom (1.5 kB at 28 kB/s)
#13 28.77 [INFO] Downloading from central: https://repo.maven.apache.org/maven2/com/vladsch/flexmark/flexmark-ext-typographic/0.42.14/flexmark-ext-typographic-0.42.14.pom
#13 28.81 [INFO] Downloaded from central: https://repo.maven.apache.org/maven2/com/vladsch/flexmark/flexmark-ext-typographic/0.42.14/flexmark-ext-typographic-0.42.14.pom (1.3 kB at 29 kB/s)
#13 28.81 [INFO] Downloading from central: https://repo.maven.apache.org/maven2/com/vladsch/flexmark/flexmark-ext-youtube-embedded/0.42.14/flexmark-ext-youtube-embedded-0.42.14.pom
#13 28.86 [INFO] Downloaded from central: https://repo.maven.apache.org/maven2/com/vladsch/flexmark/flexmark-ext-youtube-embedded/0.42.14/flexmark-ext-youtube-embedded-0.42.14.pom (883 B at 19 kB/s)
#13 28.86 [INFO] Downloading from central: https://repo.maven.apache.org/maven2/com/vladsch/flexmark/flexmark-html-parser/0.42.14/flexmark-html-parser-0.42.14.pom
#13 28.91 [INFO] Downloaded from central: https://repo.maven.apache.org/maven2/com/vladsch/flexmark/flexmark-html-parser/0.42.14/flexmark-html-parser-0.42.14.pom (1.5 kB at 28 kB/s)
#13 28.92 [INFO] Downloading from central: https://repo.maven.apache.org/maven2/org/jsoup/jsoup/1.10.2/jsoup-1.10.2.pom
#13 28.97 [INFO] Downloaded from central: https://repo.maven.apache.org/maven2/org/jsoup/jsoup/1.10.2/jsoup-1.10.2.pom (7.3 kB at 146 kB/s)
#13 28.97 [INFO] Downloading from central: https://repo.maven.apache.org/maven2/com/vladsch/flexmark/flexmark-profile-pegdown/0.42.14/flexmark-profile-pegdown-0.42.14.pom
#13 29.01 [INFO] Downloaded from central: https://repo.maven.apache.org/maven2/com/vladsch/flexmark/flexmark-profile-pegdown/0.42.14/flexmark-profile-pegdown-0.42.14.pom (4.0 kB at 90 kB/s)
#13 29.02 [INFO] Downloading from central: https://repo.maven.apache.org/maven2/com/vladsch/flexmark/flexmark-youtrack-converter/0.42.14/flexmark-youtrack-converter-0.42.14.pom
#13 29.08 [INFO] Downloaded from central: https://repo.maven.apache.org/maven2/com/vladsch/flexmark/flexmark-youtrack-converter/0.42.14/flexmark-youtrack-converter-0.42.14.pom (1.7 kB at 27 kB/s)
#13 29.08 [INFO] Downloading from central: https://repo.maven.apache.org/maven2/org/apache/maven/doxia/doxia-module-confluence/1.11.1/doxia-module-confluence-1.11.1.pom
#13 29.13 [INFO] Downloaded from central: https://repo.maven.apache.org/maven2/org/apache/maven/doxia/doxia-module-confluence/1.11.1/doxia-module-confluence-1.11.1.pom (2.2 kB at 44 kB/s)
#13 29.13 [INFO] Downloading from central: https://repo.maven.apache.org/maven2/org/apache/maven/doxia/doxia-module-docbook-simple/1.11.1/doxia-module-docbook-simple-1.11.1.pom
#13 29.18 [INFO] Downloaded from central: https://repo.maven.apache.org/maven2/org/apache/maven/doxia/doxia-module-docbook-simple/1.11.1/doxia-module-docbook-simple-1.11.1.pom (2.0 kB at 42 kB/s)
#13 29.18 [INFO] Downloading from central: https://repo.maven.apache.org/maven2/org/apache/maven/doxia/doxia-module-twiki/1.11.1/doxia-module-twiki-1.11.1.pom
#13 29.22 [INFO] Downloaded from central: https://repo.maven.apache.org/maven2/org/apache/maven/doxia/doxia-module-twiki/1.11.1/doxia-module-twiki-1.11.1.pom (2.1 kB at 64 kB/s)
#13 29.22 [INFO] Downloading from central: https://repo.maven.apache.org/maven2/org/codehaus/plexus/plexus-container-default/1.0-alpha-30/plexus-container-default-1.0-alpha-30.pom
#13 29.25 [INFO] Downloaded from central: https://repo.maven.apache.org/maven2/org/codehaus/plexus/plexus-container-default/1.0-alpha-30/plexus-container-default-1.0-alpha-30.pom (3.5 kB at 116 kB/s)
#13 29.25 [INFO] Downloading from central: https://repo.maven.apache.org/maven2/org/codehaus/plexus/plexus-containers/1.0-alpha-30/plexus-containers-1.0-alpha-30.pom
#13 29.29 [INFO] Downloaded from central: https://repo.maven.apache.org/maven2/org/codehaus/plexus/plexus-containers/1.0-alpha-30/plexus-containers-1.0-alpha-30.pom (1.9 kB at 53 kB/s)
#13 29.29 [INFO] Downloading from central: https://repo.maven.apache.org/maven2/org/codehaus/plexus/plexus/1.0.11/plexus-1.0.11.pom
#13 29.32 [INFO] Downloaded from central: https://repo.maven.apache.org/maven2/org/codehaus/plexus/plexus/1.0.11/plexus-1.0.11.pom (9.0 kB at 320 kB/s)
#13 29.32 [INFO] Downloading from central: https://repo.maven.apache.org/maven2/org/codehaus/plexus/plexus-classworlds/1.2-alpha-9/plexus-classworlds-1.2-alpha-9.pom
#13 29.35 [INFO] Downloaded from central: https://repo.maven.apache.org/maven2/org/codehaus/plexus/plexus-classworlds/1.2-alpha-9/plexus-classworlds-1.2-alpha-9.pom (3.2 kB at 95 kB/s)
#13 29.36 [INFO] Downloading from central: https://repo.maven.apache.org/maven2/junit/junit/3.8.1/junit-3.8.1.pom
#13 29.39 [INFO] Downloaded from central: https://repo.maven.apache.org/maven2/junit/junit/3.8.1/junit-3.8.1.pom (998 B at 25 kB/s)
#13 29.40 [INFO] Downloading from central: https://repo.maven.apache.org/maven2/org/codehaus/plexus/plexus-container-default/1.0-alpha-9-stable-1/plexus-container-default-1.0-alpha-9-stable-1.pom
#13 29.43 [INFO] Downloaded from central: https://repo.maven.apache.org/maven2/org/codehaus/plexus/plexus-container-default/1.0-alpha-9-stable-1/plexus-container-default-1.0-alpha-9-stable-1.pom (3.9 kB at 113 kB/s)
#13 29.43 [INFO] Downloading from central: https://repo.maven.apache.org/maven2/org/codehaus/plexus/plexus-containers/1.0.3/plexus-containers-1.0.3.pom
#13 29.47 [INFO] Downloaded from central: https://repo.maven.apache.org/maven2/org/codehaus/plexus/plexus-containers/1.0.3/plexus-containers-1.0.3.pom (492 B at 13 kB/s)
#13 29.48 [INFO] Downloading from central: https://repo.maven.apache.org/maven2/org/codehaus/plexus/plexus/1.0.4/plexus-1.0.4.pom
#13 29.52 [INFO] Downloaded from central: https://repo.maven.apache.org/maven2/org/codehaus/plexus/plexus/1.0.4/plexus-1.0.4.pom (5.7 kB at 137 kB/s)
#13 29.52 [INFO] Downloading from central: https://repo.maven.apache.org/maven2/classworlds/classworlds/1.1-alpha-2/classworlds-1.1-alpha-2.pom
#13 29.55 [INFO] Downloaded from central: https://repo.maven.apache.org/maven2/classworlds/classworlds/1.1-alpha-2/classworlds-1.1-alpha-2.pom (3.1 kB at 104 kB/s)
#13 29.55 [INFO] Downloading from central: https://repo.maven.apache.org/maven2/org/eclipse/jetty/jetty-server/9.4.46.v20220331/jetty-server-9.4.46.v20220331.pom
#13 29.59 [INFO] Downloaded from central: https://repo.maven.apache.org/maven2/org/eclipse/jetty/jetty-server/9.4.46.v20220331/jetty-server-9.4.46.v20220331.pom (3.4 kB at 80 kB/s)
#13 29.60 [INFO] Downloading from central: https://repo.maven.apache.org/maven2/org/eclipse/jetty/jetty-project/9.4.46.v20220331/jetty-project-9.4.46.v20220331.pom
#13 29.64 [INFO] Downloaded from central: https://repo.maven.apache.org/maven2/org/eclipse/jetty/jetty-project/9.4.46.v20220331/jetty-project-9.4.46.v20220331.pom (71 kB at 1.7 MB/s)
#13 29.64 [INFO] Downloading from central: https://repo.maven.apache.org/maven2/org/junit/junit-bom/5.8.2/junit-bom-5.8.2.pom
#13 29.67 [INFO] Downloaded from central: https://repo.maven.apache.org/maven2/org/junit/junit-bom/5.8.2/junit-bom-5.8.2.pom (5.6 kB at 166 kB/s)
#13 29.68 [INFO] Downloading from central: https://repo.maven.apache.org/maven2/org/testcontainers/testcontainers-bom/1.16.1/testcontainers-bom-1.16.1.pom
#13 29.71 [INFO] Downloaded from central: https://repo.maven.apache.org/maven2/org/testcontainers/testcontainers-bom/1.16.1/testcontainers-bom-1.16.1.pom (7.2 kB at 206 kB/s)
#13 29.71 [INFO] Downloading from central: https://repo.maven.apache.org/maven2/org/infinispan/infinispan-bom/11.0.15.Final/infinispan-bom-11.0.15.Final.pom
#13 29.75 [INFO] Downloaded from central: https://repo.maven.apache.org/maven2/org/infinispan/infinispan-bom/11.0.15.Final/infinispan-bom-11.0.15.Final.pom (19 kB at 509 kB/s)
#13 29.75 [INFO] Downloading from central: https://repo.maven.apache.org/maven2/org/infinispan/infinispan-build-configuration-parent/11.0.15.Final/infinispan-build-configuration-parent-11.0.15.Final.pom
#13 29.81 [INFO] Downloaded from central: https://repo.maven.apache.org/maven2/org/infinispan/infinispan-build-configuration-parent/11.0.15.Final/infinispan-build-configuration-parent-11.0.15.Final.pom (13 kB at 242 kB/s)
#13 29.81 [INFO] Downloading from central: https://repo.maven.apache.org/maven2/org/jboss/jboss-parent/36/jboss-parent-36.pom
#13 29.85 [INFO] Downloaded from central: https://repo.maven.apache.org/maven2/org/jboss/jboss-parent/36/jboss-parent-36.pom (66 kB at 2.0 MB/s)
#13 29.85 [INFO] Downloading from central: https://repo.maven.apache.org/maven2/javax/servlet/javax.servlet-api/3.1.0/javax.servlet-api-3.1.0.pom
#13 29.88 [INFO] Downloaded from central: https://repo.maven.apache.org/maven2/javax/servlet/javax.servlet-api/3.1.0/javax.servlet-api-3.1.0.pom (14 kB at 410 kB/s)
#13 29.88 [INFO] Downloading from central: https://repo.maven.apache.org/maven2/org/eclipse/jetty/jetty-http/9.4.46.v20220331/jetty-http-9.4.46.v20220331.pom
#13 29.91 [INFO] Downloaded from central: https://repo.maven.apache.org/maven2/org/eclipse/jetty/jetty-http/9.4.46.v20220331/jetty-http-9.4.46.v20220331.pom (4.0 kB at 139 kB/s)
#13 29.92 [INFO] Downloading from central: https://repo.maven.apache.org/maven2/org/eclipse/jetty/jetty-util/9.4.46.v20220331/jetty-util-9.4.46.v20220331.pom
#13 29.95 [INFO] Downloaded from central: https://repo.maven.apache.org/maven2/org/eclipse/jetty/jetty-util/9.4.46.v20220331/jetty-util-9.4.46.v20220331.pom (4.0 kB at 115 kB/s)
#13 29.95 [INFO] Downloading from central: https://repo.maven.apache.org/maven2/org/eclipse/jetty/jetty-io/9.4.46.v20220331/jetty-io-9.4.46.v20220331.pom
#13 30.00 [INFO] Downloaded from central: https://repo.maven.apache.org/maven2/org/eclipse/jetty/jetty-io/9.4.46.v20220331/jetty-io-9.4.46.v20220331.pom (1.2 kB at 25 kB/s)
#13 30.01 [INFO] Downloading from central: https://repo.maven.apache.org/maven2/org/eclipse/jetty/jetty-servlet/9.4.46.v20220331/jetty-servlet-9.4.46.v20220331.pom
#13 30.05 [INFO] Downloaded from central: https://repo.maven.apache.org/maven2/org/eclipse/jetty/jetty-servlet/9.4.46.v20220331/jetty-servlet-9.4.46.v20220331.pom (2.3 kB at 47 kB/s)
#13 30.06 [INFO] Downloading from central: https://repo.maven.apache.org/maven2/org/eclipse/jetty/jetty-security/9.4.46.v20220331/jetty-security-9.4.46.v20220331.pom
#13 30.10 [INFO] Downloaded from central: https://repo.maven.apache.org/maven2/org/eclipse/jetty/jetty-security/9.4.46.v20220331/jetty-security-9.4.46.v20220331.pom (2.1 kB at 51 kB/s)
#13 30.10 [INFO] Downloading from central: https://repo.maven.apache.org/maven2/org/eclipse/jetty/jetty-util-ajax/9.4.46.v20220331/jetty-util-ajax-9.4.46.v20220331.pom
#13 30.13 [INFO] Downloaded from central: https://repo.maven.apache.org/maven2/org/eclipse/jetty/jetty-util-ajax/9.4.46.v20220331/jetty-util-ajax-9.4.46.v20220331.pom (1.3 kB at 39 kB/s)
#13 30.14 [INFO] Downloading from central: https://repo.maven.apache.org/maven2/org/eclipse/jetty/jetty-webapp/9.4.46.v20220331/jetty-webapp-9.4.46.v20220331.pom
#13 30.18 [INFO] Downloaded from central: https://repo.maven.apache.org/maven2/org/eclipse/jetty/jetty-webapp/9.4.46.v20220331/jetty-webapp-9.4.46.v20220331.pom (3.2 kB at 69 kB/s)
#13 30.18 [INFO] Downloading from central: https://repo.maven.apache.org/maven2/org/eclipse/jetty/jetty-xml/9.4.46.v20220331/jetty-xml-9.4.46.v20220331.pom
#13 30.22 [INFO] Downloaded from central: https://repo.maven.apache.org/maven2/org/eclipse/jetty/jetty-xml/9.4.46.v20220331/jetty-xml-9.4.46.v20220331.pom (1.7 kB at 46 kB/s)
#13 30.24 [INFO] Downloading from central: https://repo.maven.apache.org/maven2/org/apache/maven/reporting/maven-reporting-exec/1.6.0/maven-reporting-exec-1.6.0.jar
#13 30.29 [INFO] Downloaded from central: https://repo.maven.apache.org/maven2/org/apache/maven/reporting/maven-reporting-exec/1.6.0/maven-reporting-exec-1.6.0.jar (31 kB at 656 kB/s)
#13 30.29 [INFO] Downloading from central: https://repo.maven.apache.org/maven2/org/apache/maven/maven-artifact/3.2.5/maven-artifact-3.2.5.jar
#13 30.29 [INFO] Downloading from central: https://repo.maven.apache.org/maven2/org/apache/maven/maven-core/3.2.5/maven-core-3.2.5.jar
#13 30.29 [INFO] Downloading from central: https://repo.maven.apache.org/maven2/org/apache/maven/maven-repository-metadata/3.2.5/maven-repository-metadata-3.2.5.jar
#13 30.29 [INFO] Downloading from central: https://repo.maven.apache.org/maven2/org/apache/maven/maven-model-builder/3.2.5/maven-model-builder-3.2.5.jar
#13 30.29 [INFO] Downloading from central: https://repo.maven.apache.org/maven2/org/apache/maven/maven-aether-provider/3.2.5/maven-aether-provider-3.2.5.jar
#13 30.32 [INFO] Downloaded from central: https://repo.maven.apache.org/maven2/org/apache/maven/maven-repository-metadata/3.2.5/maven-repository-metadata-3.2.5.jar (26 kB at 787 kB/s)
#13 30.32 [INFO] Downloading from central: https://repo.maven.apache.org/maven2/org/eclipse/aether/aether-spi/1.0.0.v20140518/aether-spi-1.0.0.v20140518.jar
#13 30.33 [INFO] Downloaded from central: https://repo.maven.apache.org/maven2/org/apache/maven/maven-aether-provider/3.2.5/maven-aether-provider-3.2.5.jar (66 kB at 1.6 MB/s)
#13 30.33 [INFO] Downloading from central: https://repo.maven.apache.org/maven2/org/eclipse/aether/aether-impl/1.0.0.v20140518/aether-impl-1.0.0.v20140518.jar
#13 30.35 [INFO] Downloaded from central: https://repo.maven.apache.org/maven2/org/apache/maven/maven-model-builder/3.2.5/maven-model-builder-3.2.5.jar (170 kB at 2.9 MB/s)
#13 30.35 [INFO] Downloading from central: https://repo.maven.apache.org/maven2/org/eclipse/sisu/org.eclipse.sisu.plexus/0.3.5/org.eclipse.sisu.plexus-0.3.5.jar
#13 30.36 [INFO] Downloaded from central: https://repo.maven.apache.org/maven2/org/eclipse/aether/aether-spi/1.0.0.v20140518/aether-spi-1.0.0.v20140518.jar (31 kB at 496 kB/s)
#13 30.36 [INFO] Downloading from central: https://repo.maven.apache.org/maven2/javax/annotation/javax.annotation-api/1.2/javax.annotation-api-1.2.jar
#13 30.36 [INFO] Downloaded from central: https://repo.maven.apache.org/maven2/org/apache/maven/maven-artifact/3.2.5/maven-artifact-3.2.5.jar (55 kB at 765 kB/s)
#13 30.36 [INFO] Downloading from central: https://repo.maven.apache.org/maven2/javax/enterprise/cdi-api/1.2/cdi-api-1.2.jar
#13 30.36 [INFO] Downloaded from central: https://repo.maven.apache.org/maven2/org/apache/maven/maven-core/3.2.5/maven-core-3.2.5.jar (608 kB at 8.6 MB/s)
#13 30.36 [INFO] Downloading from central: https://repo.maven.apache.org/maven2/org/eclipse/sisu/org.eclipse.sisu.inject/0.3.5/org.eclipse.sisu.inject-0.3.5.jar
#13 30.39 [INFO] Downloaded from central: https://repo.maven.apache.org/maven2/org/eclipse/aether/aether-impl/1.0.0.v20140518/aether-impl-1.0.0.v20140518.jar (172 kB at 1.7 MB/s)
#13 30.39 [INFO] Downloading from central: https://repo.maven.apache.org/maven2/org/sonatype/sisu/sisu-guice/3.2.3/sisu-guice-3.2.3-no_aop.jar
#13 30.40 [INFO] Downloaded from central: https://repo.maven.apache.org/maven2/org/eclipse/sisu/org.eclipse.sisu.plexus/0.3.5/org.eclipse.sisu.plexus-0.3.5.jar (205 kB at 1.8 MB/s)
#13 30.40 [INFO] Downloading from central: https://repo.maven.apache.org/maven2/aopalliance/aopalliance/1.0/aopalliance-1.0.jar
#13 30.42 [INFO] Downloaded from central: https://repo.maven.apache.org/maven2/javax/annotation/javax.annotation-api/1.2/javax.annotation-api-1.2.jar (26 kB at 211 kB/s)
#13 30.42 [INFO] Downloading from central: https://repo.maven.apache.org/maven2/com/google/guava/guava/16.0.1/guava-16.0.1.jar
#13 30.43 [INFO] Downloaded from central: https://repo.maven.apache.org/maven2/javax/enterprise/cdi-api/1.2/cdi-api-1.2.jar (71 kB at 538 kB/s)
#13 30.43 [INFO] Downloading from central: https://repo.maven.apache.org/maven2/org/codehaus/plexus/plexus-classworlds/2.5.2/plexus-classworlds-2.5.2.jar
#13 30.44 [INFO] Downloaded from central: https://repo.maven.apache.org/maven2/aopalliance/aopalliance/1.0/aopalliance-1.0.jar (4.5 kB at 31 kB/s)
#13 30.44 [INFO] Downloading from central: https://repo.maven.apache.org/maven2/org/apache/maven/maven-plugin-api/3.2.5/maven-plugin-api-3.2.5.jar
#13 30.45 [INFO] Downloaded from central: https://repo.maven.apache.org/maven2/org/sonatype/sisu/sisu-guice/3.2.3/sisu-guice-3.2.3-no_aop.jar (398 kB at 2.5 MB/s)
#13 30.45 [INFO] Downloading from central: https://repo.maven.apache.org/maven2/org/apache/maven/maven-settings/3.2.5/maven-settings-3.2.5.jar
#13 30.45 [INFO] Downloaded from central: https://repo.maven.apache.org/maven2/org/eclipse/sisu/org.eclipse.sisu.inject/0.3.5/org.eclipse.sisu.inject-0.3.5.jar (379 kB at 2.4 MB/s)
#13 30.45 [INFO] Downloading from central: https://repo.maven.apache.org/maven2/org/apache/maven/maven-settings-builder/3.2.5/maven-settings-builder-3.2.5.jar
#13 30.47 [INFO] Downloaded from central: https://repo.maven.apache.org/maven2/org/codehaus/plexus/plexus-classworlds/2.5.2/plexus-classworlds-2.5.2.jar (53 kB at 301 kB/s)
#13 30.47 [INFO] Downloading from central: https://repo.maven.apache.org/maven2/org/apache/maven/maven-archiver/3.5.2/maven-archiver-3.5.2.jar
#13 30.48 [INFO] Downloaded from central: https://repo.maven.apache.org/maven2/org/apache/maven/maven-plugin-api/3.2.5/maven-plugin-api-3.2.5.jar (46 kB at 251 kB/s)
#13 30.48 [INFO] Downloading from central: https://repo.maven.apache.org/maven2/org/apache/commons/commons-compress/1.20/commons-compress-1.20.jar
#13 30.49 [INFO] Downloaded from central: https://repo.maven.apache.org/maven2/org/apache/maven/maven-settings-builder/3.2.5/maven-settings-builder-3.2.5.jar (44 kB at 226 kB/s)
#13 30.49 [INFO] Downloading from central: https://repo.maven.apache.org/maven2/org/codehaus/plexus/plexus-interpolation/1.26/plexus-interpolation-1.26.jar
#13 30.49 [INFO] Downloaded from central: https://repo.maven.apache.org/maven2/org/apache/maven/maven-settings/3.2.5/maven-settings-3.2.5.jar (43 kB at 215 kB/s)
#13 30.49 [INFO] Downloading from central: https://repo.maven.apache.org/maven2/org/codehaus/plexus/plexus-archiver/4.2.7/plexus-archiver-4.2.7.jar
#13 30.50 [INFO] Downloaded from central: https://repo.maven.apache.org/maven2/org/apache/maven/maven-archiver/3.5.2/maven-archiver-3.5.2.jar (26 kB at 125 kB/s)
#13 30.50 [INFO] Downloading from central: https://repo.maven.apache.org/maven2/org/codehaus/plexus/plexus-io/3.2.0/plexus-io-3.2.0.jar
#13 30.54 [INFO] Downloaded from central: https://repo.maven.apache.org/maven2/org/codehaus/plexus/plexus-interpolation/1.26/plexus-interpolation-1.26.jar (85 kB at 351 kB/s)
#13 30.54 [INFO] Downloading from central: https://repo.maven.apache.org/maven2/org/codehaus/plexus/plexus-utils/3.4.2/plexus-utils-3.4.2.jar
#13 30.54 [INFO] Downloaded from central: https://repo.maven.apache.org/maven2/org/apache/commons/commons-compress/1.20/commons-compress-1.20.jar (632 kB at 2.5 MB/s)
#13 30.54 [INFO] Downloading from central: https://repo.maven.apache.org/maven2/org/codehaus/plexus/plexus-container-default/2.1.0/plexus-container-default-2.1.0.jar
#13 30.55 [INFO] Downloaded from central: https://repo.maven.apache.org/maven2/org/codehaus/plexus/plexus-archiver/4.2.7/plexus-archiver-4.2.7.jar (195 kB at 767 kB/s)
#13 30.55 [INFO] Downloading from central: https://repo.maven.apache.org/maven2/org/apache/xbean/xbean-reflect/3.7/xbean-reflect-3.7.jar
#13 30.55 [INFO] Downloaded from central: https://repo.maven.apache.org/maven2/org/codehaus/plexus/plexus-io/3.2.0/plexus-io-3.2.0.jar (76 kB at 295 kB/s)
#13 30.55 [INFO] Downloading from central: https://repo.maven.apache.org/maven2/com/google/collections/google-collections/1.0/google-collections-1.0.jar
#13 30.58 [INFO] Downloaded from central: https://repo.maven.apache.org/maven2/org/codehaus/plexus/plexus-container-default/2.1.0/plexus-container-default-2.1.0.jar (230 kB at 793 kB/s)
#13 30.58 [INFO] Downloading from central: https://repo.maven.apache.org/maven2/org/codehaus/plexus/plexus-component-annotations/2.1.1/plexus-component-annotations-2.1.1.jar
#13 30.60 [INFO] Downloaded from central: https://repo.maven.apache.org/maven2/org/apache/xbean/xbean-reflect/3.7/xbean-reflect-3.7.jar (148 kB at 484 kB/s)
#13 30.60 [INFO] Downloading from central: https://repo.maven.apache.org/maven2/org/apache/commons/commons-text/1.3/commons-text-1.3.jar
#13 30.61 [INFO] Downloaded from central: https://repo.maven.apache.org/maven2/org/codehaus/plexus/plexus-utils/3.4.2/plexus-utils-3.4.2.jar (267 kB at 841 kB/s)
#13 30.61 [INFO] Downloading from central: https://repo.maven.apache.org/maven2/org/apache/maven/doxia/doxia-module-apt/1.11.1/doxia-module-apt-1.11.1.jar
#13 30.62 [INFO] Downloaded from central: https://repo.maven.apache.org/maven2/com/google/collections/google-collections/1.0/google-collections-1.0.jar (640 kB at 1.9 MB/s)
#13 30.62 [INFO] Downloading from central: https://repo.maven.apache.org/maven2/org/apache/maven/doxia/doxia-module-xdoc/1.11.1/doxia-module-xdoc-1.11.1.jar
#13 30.63 [INFO] Downloaded from central: https://repo.maven.apache.org/maven2/org/codehaus/plexus/plexus-component-annotations/2.1.1/plexus-component-annotations-2.1.1.jar (4.1 kB at 12 kB/s)
#13 30.63 [INFO] Downloading from central: https://repo.maven.apache.org/maven2/org/apache/maven/doxia/doxia-module-fml/1.11.1/doxia-module-fml-1.11.1.jar
#13 30.65 [INFO] Downloaded from central: https://repo.maven.apache.org/maven2/org/apache/commons/commons-text/1.3/commons-text-1.3.jar (183 kB at 520 kB/s)
#13 30.65 [INFO] Downloading from central: https://repo.maven.apache.org/maven2/org/apache/maven/doxia/doxia-module-markdown/1.11.1/doxia-module-markdown-1.11.1.jar
#13 30.66 [INFO] Downloaded from central: https://repo.maven.apache.org/maven2/org/apache/maven/doxia/doxia-module-xdoc/1.11.1/doxia-module-xdoc-1.11.1.jar (37 kB at 101 kB/s)
#13 30.66 [INFO] Downloading from central: https://repo.maven.apache.org/maven2/com/vladsch/flexmark/flexmark-all/0.42.14/flexmark-all-0.42.14.jar
#13 30.66 [INFO] Downloaded from central: https://repo.maven.apache.org/maven2/org/apache/maven/doxia/doxia-module-apt/1.11.1/doxia-module-apt-1.11.1.jar (55 kB at 148 kB/s)
#13 30.66 [INFO] Downloading from central: https://repo.maven.apache.org/maven2/com/vladsch/flexmark/flexmark/0.42.14/flexmark-0.42.14.jar
#13 30.69 [INFO] Downloaded from central: https://repo.maven.apache.org/maven2/org/apache/maven/doxia/doxia-module-fml/1.11.1/doxia-module-fml-1.11.1.jar (38 kB at 98 kB/s)
#13 30.69 [INFO] Downloading from central: https://repo.maven.apache.org/maven2/com/vladsch/flexmark/flexmark-ext-abbreviation/0.42.14/flexmark-ext-abbreviation-0.42.14.jar
#13 30.69 [INFO] Downloaded from central: https://repo.maven.apache.org/maven2/org/apache/maven/doxia/doxia-module-markdown/1.11.1/doxia-module-markdown-1.11.1.jar (18 kB at 45 kB/s)
#13 30.69 [INFO] Downloading from central: https://repo.maven.apache.org/maven2/com/vladsch/flexmark/flexmark-ext-admonition/0.42.14/flexmark-ext-admonition-0.42.14.jar
#13 30.70 [INFO] Downloaded from central: https://repo.maven.apache.org/maven2/com/vladsch/flexmark/flexmark-all/0.42.14/flexmark-all-0.42.14.jar (2.2 kB at 5.3 kB/s)
#13 30.70 [INFO] Downloading from central: https://repo.maven.apache.org/maven2/com/vladsch/flexmark/flexmark-ext-anchorlink/0.42.14/flexmark-ext-anchorlink-0.42.14.jar
#13 30.73 [INFO] Downloaded from central: https://repo.maven.apache.org/maven2/com/vladsch/flexmark/flexmark-ext-admonition/0.42.14/flexmark-ext-admonition-0.42.14.jar (34 kB at 80 kB/s)
#13 30.73 [INFO] Downloading from central: https://repo.maven.apache.org/maven2/com/vladsch/flexmark/flexmark-ext-aside/0.42.14/flexmark-ext-aside-0.42.14.jar
#13 30.73 [INFO] Downloaded from central: https://repo.maven.apache.org/maven2/com/vladsch/flexmark/flexmark/0.42.14/flexmark-0.42.14.jar (389 kB at 887 kB/s)
#13 30.73 [INFO] Downloading from central: https://repo.maven.apache.org/maven2/com/vladsch/flexmark/flexmark-ext-attributes/0.42.14/flexmark-ext-attributes-0.42.14.jar
#13 30.73 [INFO] Downloaded from central: https://repo.maven.apache.org/maven2/com/vladsch/flexmark/flexmark-ext-anchorlink/0.42.14/flexmark-ext-anchorlink-0.42.14.jar (17 kB at 38 kB/s)
#13 30.73 [INFO] Downloaded from central: https://repo.maven.apache.org/maven2/com/vladsch/flexmark/flexmark-ext-abbreviation/0.42.14/flexmark-ext-abbreviation-0.42.14.jar (35 kB at 80 kB/s)
#13 30.73 [INFO] Downloading from central: https://repo.maven.apache.org/maven2/com/vladsch/flexmark/flexmark-ext-autolink/0.42.14/flexmark-ext-autolink-0.42.14.jar
#13 30.73 [INFO] Downloading from central: https://repo.maven.apache.org/maven2/org/nibor/autolink/autolink/0.6.0/autolink-0.6.0.jar
#13 30.77 [INFO] Downloaded from central: https://repo.maven.apache.org/maven2/com/vladsch/flexmark/flexmark-ext-aside/0.42.14/flexmark-ext-aside-0.42.14.jar (16 kB at 34 kB/s)
#13 30.77 [INFO] Downloading from central: https://repo.maven.apache.org/maven2/com/vladsch/flexmark/flexmark-ext-definition/0.42.14/flexmark-ext-definition-0.42.14.jar
#13 30.77 [INFO] Downloaded from central: https://repo.maven.apache.org/maven2/com/vladsch/flexmark/flexmark-ext-attributes/0.42.14/flexmark-ext-attributes-0.42.14.jar (36 kB at 75 kB/s)
#13 30.77 [INFO] Downloading from central: https://repo.maven.apache.org/maven2/com/vladsch/flexmark/flexmark-ext-emoji/0.42.14/flexmark-ext-emoji-0.42.14.jar
#13 30.77 [INFO] Downloaded from central: https://repo.maven.apache.org/maven2/org/nibor/autolink/autolink/0.6.0/autolink-0.6.0.jar (16 kB at 34 kB/s)
#13 30.77 [INFO] Downloading from central: https://repo.maven.apache.org/maven2/com/vladsch/flexmark/flexmark-ext-enumerated-reference/0.42.14/flexmark-ext-enumerated-reference-0.42.14.jar
#13 30.78 [INFO] Downloaded from central: https://repo.maven.apache.org/maven2/com/vladsch/flexmark/flexmark-ext-autolink/0.42.14/flexmark-ext-autolink-0.42.14.jar (9.4 kB at 19 kB/s)
#13 30.78 [INFO] Downloading from central: https://repo.maven.apache.org/maven2/com/vladsch/flexmark/flexmark-ext-escaped-character/0.42.14/flexmark-ext-escaped-character-0.42.14.jar
#13 30.81 [INFO] Downloaded from central: https://repo.maven.apache.org/maven2/com/vladsch/flexmark/flexmark-ext-definition/0.42.14/flexmark-ext-definition-0.42.14.jar (40 kB at 78 kB/s)
#13 30.81 [INFO] Downloading from central: https://repo.maven.apache.org/maven2/com/vladsch/flexmark/flexmark-ext-footnotes/0.42.14/flexmark-ext-footnotes-0.42.14.jar
#13 30.81 [INFO] Downloaded from central: https://repo.maven.apache.org/maven2/com/vladsch/flexmark/flexmark-ext-emoji/0.42.14/flexmark-ext-emoji-0.42.14.jar (73 kB at 142 kB/s)
#13 30.81 [INFO] Downloading from central: https://repo.maven.apache.org/maven2/com/vladsch/flexmark/flexmark-ext-gfm-issues/0.42.14/flexmark-ext-gfm-issues-0.42.14.jar
#13 30.81 [INFO] Downloaded from central: https://repo.maven.apache.org/maven2/com/vladsch/flexmark/flexmark-ext-enumerated-reference/0.42.14/flexmark-ext-enumerated-reference-0.42.14.jar (66 kB at 128 kB/s)
#13 30.81 [INFO] Downloading from central: https://repo.maven.apache.org/maven2/com/vladsch/flexmark/flexmark-ext-gfm-strikethrough/0.42.14/flexmark-ext-gfm-strikethrough-0.42.14.jar
#13 30.82 [INFO] Downloaded from central: https://repo.maven.apache.org/maven2/com/vladsch/flexmark/flexmark-ext-escaped-character/0.42.14/flexmark-ext-escaped-character-0.42.14.jar (13 kB at 24 kB/s)
#13 30.82 [INFO] Downloading from central: https://repo.maven.apache.org/maven2/com/vladsch/flexmark/flexmark-ext-gfm-tables/0.42.14/flexmark-ext-gfm-tables-0.42.14.jar
#13 30.84 [INFO] Downloaded from central: https://repo.maven.apache.org/maven2/com/vladsch/flexmark/flexmark-ext-gfm-issues/0.42.14/flexmark-ext-gfm-issues-0.42.14.jar (16 kB at 28 kB/s)
#13 30.84 [INFO] Downloading from central: https://repo.maven.apache.org/maven2/com/vladsch/flexmark/flexmark-ext-gfm-tasklist/0.42.14/flexmark-ext-gfm-tasklist-0.42.14.jar
#13 30.85 [INFO] Downloaded from central: https://repo.maven.apache.org/maven2/com/vladsch/flexmark/flexmark-ext-footnotes/0.42.14/flexmark-ext-footnotes-0.42.14.jar (41 kB at 75 kB/s)
#13 30.85 [INFO] Downloading from central: https://repo.maven.apache.org/maven2/com/vladsch/flexmark/flexmark-ext-gfm-users/0.42.14/flexmark-ext-gfm-users-0.42.14.jar
#13 30.85 [INFO] Downloaded from central: https://repo.maven.apache.org/maven2/com/vladsch/flexmark/flexmark-ext-gfm-strikethrough/0.42.14/flexmark-ext-gfm-strikethrough-0.42.14.jar (29 kB at 51 kB/s)
#13 30.85 [INFO] Downloading from central: https://repo.maven.apache.org/maven2/com/vladsch/flexmark/flexmark-ext-gitlab/0.42.14/flexmark-ext-gitlab-0.42.14.jar
#13 30.87 [INFO] Downloaded from central: https://repo.maven.apache.org/maven2/com/vladsch/flexmark/flexmark-ext-gfm-tables/0.42.14/flexmark-ext-gfm-tables-0.42.14.jar (33 kB at 58 kB/s)
#13 30.87 [INFO] Downloading from central: https://repo.maven.apache.org/maven2/com/vladsch/flexmark/flexmark-ext-jekyll-front-matter/0.42.14/flexmark-ext-jekyll-front-matter-0.42.14.jar
#13 30.87 [INFO] Downloaded from central: https://repo.maven.apache.org/maven2/com/vladsch/flexmark/flexmark-ext-gfm-users/0.42.14/flexmark-ext-gfm-users-0.42.14.jar (16 kB at 27 kB/s)
#13 30.87 [INFO] Downloading from central: https://repo.maven.apache.org/maven2/com/vladsch/flexmark/flexmark-ext-jekyll-tag/0.42.14/flexmark-ext-jekyll-tag-0.42.14.jar
#13 30.88 [INFO] Downloaded from central: https://repo.maven.apache.org/maven2/com/vladsch/flexmark/flexmark-ext-gfm-tasklist/0.42.14/flexmark-ext-gfm-tasklist-0.42.14.jar (28 kB at 48 kB/s)
#13 30.88 [INFO] Downloading from central: https://repo.maven.apache.org/maven2/com/vladsch/flexmark/flexmark-ext-media-tags/0.42.14/flexmark-ext-media-tags-0.42.14.jar
#13 30.90 [INFO] Downloaded from central: https://repo.maven.apache.org/maven2/com/vladsch/flexmark/flexmark-ext-gitlab/0.42.14/flexmark-ext-gitlab-0.42.14.jar (42 kB at 70 kB/s)
#13 30.90 [INFO] Downloading from central: https://repo.maven.apache.org/maven2/com/vladsch/flexmark/flexmark-ext-macros/0.42.14/flexmark-ext-macros-0.42.14.jar
#13 30.91 [INFO] Downloaded from central: https://repo.maven.apache.org/maven2/com/vladsch/flexmark/flexmark-ext-jekyll-tag/0.42.14/flexmark-ext-jekyll-tag-0.42.14.jar (21 kB at 35 kB/s)
#13 30.91 [INFO] Downloading from central: https://repo.maven.apache.org/maven2/com/vladsch/flexmark/flexmark-ext-ins/0.42.14/flexmark-ext-ins-0.42.14.jar
#13 30.91 [INFO] Downloaded from central: https://repo.maven.apache.org/maven2/com/vladsch/flexmark/flexmark-ext-jekyll-front-matter/0.42.14/flexmark-ext-jekyll-front-matter-0.42.14.jar (18 kB at 30 kB/s)
#13 30.91 [INFO] Downloading from central: https://repo.maven.apache.org/maven2/com/vladsch/flexmark/flexmark-ext-xwiki-macros/0.42.14/flexmark-ext-xwiki-macros-0.42.14.jar
#13 30.92 [INFO] Downloaded from central: https://repo.maven.apache.org/maven2/com/vladsch/flexmark/flexmark-ext-media-tags/0.42.14/flexmark-ext-media-tags-0.42.14.jar (25 kB at 40 kB/s)
#13 30.92 [INFO] Downloading from central: https://repo.maven.apache.org/maven2/com/vladsch/flexmark/flexmark-ext-superscript/0.42.14/flexmark-ext-superscript-0.42.14.jar
#13 30.93 [INFO] Downloaded from central: https://repo.maven.apache.org/maven2/com/vladsch/flexmark/flexmark-ext-macros/0.42.14/flexmark-ext-macros-0.42.14.jar (35 kB at 55 kB/s)
#13 30.93 [INFO] Downloading from central: https://repo.maven.apache.org/maven2/com/vladsch/flexmark/flexmark-ext-tables/0.42.14/flexmark-ext-tables-0.42.14.jar
#13 30.95 [INFO] Downloaded from central: https://repo.maven.apache.org/maven2/com/vladsch/flexmark/flexmark-ext-xwiki-macros/0.42.14/flexmark-ext-xwiki-macros-0.42.14.jar (31 kB at 47 kB/s)
#13 30.95 [INFO] Downloading from central: https://repo.maven.apache.org/maven2/com/vladsch/flexmark/flexmark-ext-toc/0.42.14/flexmark-ext-toc-0.42.14.jar
#13 30.97 [INFO] Downloaded from central: https://repo.maven.apache.org/maven2/com/vladsch/flexmark/flexmark-ext-superscript/0.42.14/flexmark-ext-superscript-0.42.14.jar (13 kB at 20 kB/s)
#13 30.97 [INFO] Downloading from central: https://repo.maven.apache.org/maven2/com/vladsch/flexmark/flexmark-ext-typographic/0.42.14/flexmark-ext-typographic-0.42.14.jar
#13 30.97 [INFO] Downloaded from central: https://repo.maven.apache.org/maven2/com/vladsch/flexmark/flexmark-ext-tables/0.42.14/flexmark-ext-tables-0.42.14.jar (76 kB at 113 kB/s)
#13 30.97 [INFO] Downloading from central: https://repo.maven.apache.org/maven2/com/vladsch/flexmark/flexmark-ext-wikilink/0.42.14/flexmark-ext-wikilink-0.42.14.jar
#13 30.98 [INFO] Downloaded from central: https://repo.maven.apache.org/maven2/com/vladsch/flexmark/flexmark-ext-ins/0.42.14/flexmark-ext-ins-0.42.14.jar (13 kB at 19 kB/s)
#13 30.98 [INFO] Downloading from central: https://repo.maven.apache.org/maven2/com/vladsch/flexmark/flexmark-ext-yaml-front-matter/0.42.14/flexmark-ext-yaml-front-matter-0.42.14.jar
#13 31.00 [INFO] Downloaded from central: https://repo.maven.apache.org/maven2/com/vladsch/flexmark/flexmark-ext-toc/0.42.14/flexmark-ext-toc-0.42.14.jar (91 kB at 129 kB/s)
#13 31.00 [INFO] Downloading from central: https://repo.maven.apache.org/maven2/com/vladsch/flexmark/flexmark-ext-youtube-embedded/0.42.14/flexmark-ext-youtube-embedded-0.42.14.jar
#13 31.01 [INFO] Downloaded from central: https://repo.maven.apache.org/maven2/com/vladsch/flexmark/flexmark-ext-typographic/0.42.14/flexmark-ext-typographic-0.42.14.jar (22 kB at 31 kB/s)
#13 31.01 [INFO] Downloading from central: https://repo.maven.apache.org/maven2/com/vladsch/flexmark/flexmark-formatter/0.42.14/flexmark-formatter-0.42.14.jar
#13 31.01 [INFO] Downloaded from central: https://repo.maven.apache.org/maven2/com/vladsch/flexmark/flexmark-ext-yaml-front-matter/0.42.14/flexmark-ext-yaml-front-matter-0.42.14.jar (18 kB at 25 kB/s)
#13 31.02 [INFO] Downloading from central: https://repo.maven.apache.org/maven2/com/vladsch/flexmark/flexmark-html-parser/0.42.14/flexmark-html-parser-0.42.14.jar
#13 31.02 [INFO] Downloaded from central: https://repo.maven.apache.org/maven2/com/vladsch/flexmark/flexmark-ext-wikilink/0.42.14/flexmark-ext-wikilink-0.42.14.jar (26 kB at 35 kB/s)
#13 31.02 [INFO] Downloading from central: https://repo.maven.apache.org/maven2/org/jsoup/jsoup/1.10.2/jsoup-1.10.2.jar
#13 31.04 [INFO] Downloaded from central: https://repo.maven.apache.org/maven2/com/vladsch/flexmark/flexmark-ext-youtube-embedded/0.42.14/flexmark-ext-youtube-embedded-0.42.14.jar (13 kB at 17 kB/s)
#13 31.04 [INFO] Downloading from central: https://repo.maven.apache.org/maven2/com/vladsch/flexmark/flexmark-jira-converter/0.42.14/flexmark-jira-converter-0.42.14.jar
#13 31.05 [INFO] Downloaded from central: https://repo.maven.apache.org/maven2/com/vladsch/flexmark/flexmark-formatter/0.42.14/flexmark-formatter-0.42.14.jar (97 kB at 129 kB/s)
#13 31.05 [INFO] Downloading from central: https://repo.maven.apache.org/maven2/com/vladsch/flexmark/flexmark-profile-pegdown/0.42.14/flexmark-profile-pegdown-0.42.14.jar
#13 31.06 [INFO] Downloaded from central: https://repo.maven.apache.org/maven2/com/vladsch/flexmark/flexmark-html-parser/0.42.14/flexmark-html-parser-0.42.14.jar (45 kB at 58 kB/s)
#13 31.06 [INFO] Downloading from central: https://repo.maven.apache.org/maven2/com/vladsch/flexmark/flexmark-util/0.42.14/flexmark-util-0.42.14.jar
#13 31.06 [INFO] Downloaded from central: https://repo.maven.apache.org/maven2/org/jsoup/jsoup/1.10.2/jsoup-1.10.2.jar (351 kB at 456 kB/s)
#13 31.06 [INFO] Downloading from central: https://repo.maven.apache.org/maven2/com/vladsch/flexmark/flexmark-youtrack-converter/0.42.14/flexmark-youtrack-converter-0.42.14.jar
#13 31.09 [INFO] Downloaded from central: https://repo.maven.apache.org/maven2/com/vladsch/flexmark/flexmark-profile-pegdown/0.42.14/flexmark-profile-pegdown-0.42.14.jar (6.3 kB at 8.0 kB/s)
#13 31.09 [INFO] Downloading from central: https://repo.maven.apache.org/maven2/org/apache/maven/doxia/doxia-module-confluence/1.11.1/doxia-module-confluence-1.11.1.jar
#13 31.10 [INFO] Downloaded from central: https://repo.maven.apache.org/maven2/com/vladsch/flexmark/flexmark-jira-converter/0.42.14/flexmark-jira-converter-0.42.14.jar (40 kB at 49 kB/s)
#13 31.10 [INFO] Downloading from central: https://repo.maven.apache.org/maven2/org/apache/maven/doxia/doxia-module-docbook-simple/1.11.1/doxia-module-docbook-simple-1.11.1.jar
#13 31.11 [INFO] Downloaded from central: https://repo.maven.apache.org/maven2/com/vladsch/flexmark/flexmark-youtrack-converter/0.42.14/flexmark-youtrack-converter-0.42.14.jar (41 kB at 50 kB/s)
#13 31.11 [INFO] Downloading from central: https://repo.maven.apache.org/maven2/org/apache/maven/doxia/doxia-module-twiki/1.11.1/doxia-module-twiki-1.11.1.jar
#13 31.14 [INFO] Downloaded from central: https://repo.maven.apache.org/maven2/org/apache/maven/doxia/doxia-module-confluence/1.11.1/doxia-module-confluence-1.11.1.jar (58 kB at 69 kB/s)
#13 31.14 [INFO] Downloading from central: https://repo.maven.apache.org/maven2/org/eclipse/jetty/jetty-server/9.4.46.v20220331/jetty-server-9.4.46.v20220331.jar
#13 31.14 [INFO] Downloaded from central: https://repo.maven.apache.org/maven2/com/vladsch/flexmark/flexmark-util/0.42.14/flexmark-util-0.42.14.jar (385 kB at 456 kB/s)
#13 31.14 [INFO] Downloading from central: https://repo.maven.apache.org/maven2/javax/servlet/javax.servlet-api/3.1.0/javax.servlet-api-3.1.0.jar
#13 31.15 [INFO] Downloaded from central: https://repo.maven.apache.org/maven2/org/apache/maven/doxia/doxia-module-docbook-simple/1.11.1/doxia-module-docbook-simple-1.11.1.jar (128 kB at 150 kB/s)
#13 31.15 [INFO] Downloading from central: https://repo.maven.apache.org/maven2/org/eclipse/jetty/jetty-http/9.4.46.v20220331/jetty-http-9.4.46.v20220331.jar
#13 31.15 [INFO] Downloaded from central: https://repo.maven.apache.org/maven2/org/apache/maven/doxia/doxia-module-twiki/1.11.1/doxia-module-twiki-1.11.1.jar (73 kB at 85 kB/s)
#13 31.15 [INFO] Downloading from central: https://repo.maven.apache.org/maven2/org/eclipse/jetty/jetty-io/9.4.46.v20220331/jetty-io-9.4.46.v20220331.jar
#13 31.22 [INFO] Downloaded from central: https://repo.maven.apache.org/maven2/org/eclipse/jetty/jetty-http/9.4.46.v20220331/jetty-http-9.4.46.v20220331.jar (225 kB at 243 kB/s)
#13 31.22 [INFO] Downloading from central: https://repo.maven.apache.org/maven2/org/eclipse/jetty/jetty-servlet/9.4.46.v20220331/jetty-servlet-9.4.46.v20220331.jar
#13 31.22 [INFO] Downloaded from central: https://repo.maven.apache.org/maven2/org/eclipse/jetty/jetty-io/9.4.46.v20220331/jetty-io-9.4.46.v20220331.jar (184 kB at 198 kB/s)
#13 31.22 [INFO] Downloading from central: https://repo.maven.apache.org/maven2/org/eclipse/jetty/jetty-security/9.4.46.v20220331/jetty-security-9.4.46.v20220331.jar
#13 31.22 [INFO] Downloaded from central: https://repo.maven.apache.org/maven2/javax/servlet/javax.servlet-api/3.1.0/javax.servlet-api-3.1.0.jar (96 kB at 103 kB/s)
#13 31.22 [INFO] Downloading from central: https://repo.maven.apache.org/maven2/org/eclipse/jetty/jetty-util-ajax/9.4.46.v20220331/jetty-util-ajax-9.4.46.v20220331.jar
#13 31.22 [INFO] Downloaded from central: https://repo.maven.apache.org/maven2/org/eclipse/jetty/jetty-server/9.4.46.v20220331/jetty-server-9.4.46.v20220331.jar (733 kB at 788 kB/s)
#13 31.22 [INFO] Downloading from central: https://repo.maven.apache.org/maven2/org/eclipse/jetty/jetty-webapp/9.4.46.v20220331/jetty-webapp-9.4.46.v20220331.jar
#13 31.27 [INFO] Downloaded from central: https://repo.maven.apache.org/maven2/org/eclipse/jetty/jetty-servlet/9.4.46.v20220331/jetty-servlet-9.4.46.v20220331.jar (147 kB at 150 kB/s)
#13 31.27 [INFO] Downloading from central: https://repo.maven.apache.org/maven2/org/eclipse/jetty/jetty-xml/9.4.46.v20220331/jetty-xml-9.4.46.v20220331.jar
#13 31.28 [INFO] Downloaded from central: https://repo.maven.apache.org/maven2/org/eclipse/jetty/jetty-util-ajax/9.4.46.v20220331/jetty-util-ajax-9.4.46.v20220331.jar (67 kB at 68 kB/s)
#13 31.28 [INFO] Downloaded from central: https://repo.maven.apache.org/maven2/org/eclipse/jetty/jetty-security/9.4.46.v20220331/jetty-security-9.4.46.v20220331.jar (119 kB at 121 kB/s)
#13 31.28 [INFO] Downloading from central: https://repo.maven.apache.org/maven2/org/eclipse/jetty/jetty-util/9.4.46.v20220331/jetty-util-9.4.46.v20220331.jar
#13 31.28 [INFO] Downloaded from central: https://repo.maven.apache.org/maven2/org/eclipse/jetty/jetty-webapp/9.4.46.v20220331/jetty-webapp-9.4.46.v20220331.jar (141 kB at 142 kB/s)
#13 31.35 [INFO] Downloaded from central: https://repo.maven.apache.org/maven2/org/eclipse/jetty/jetty-xml/9.4.46.v20220331/jetty-xml-9.4.46.v20220331.jar (69 kB at 65 kB/s)
#13 31.37 [INFO] Downloaded from central: https://repo.maven.apache.org/maven2/org/eclipse/jetty/jetty-util/9.4.46.v20220331/jetty-util-9.4.46.v20220331.jar (586 kB at 545 kB/s)
#13 31.46 [INFO] Downloaded from central: https://repo.maven.apache.org/maven2/com/google/guava/guava/16.0.1/guava-16.0.1.jar (2.2 MB at 1.9 MB/s)
#13 31.50 [INFO] Downloading from central: https://repo.maven.apache.org/maven2/org/codehaus/plexus/plexus-utils/4.0.1/plexus-utils-4.0.1.pom
#13 31.55 [INFO] Downloaded from central: https://repo.maven.apache.org/maven2/org/codehaus/plexus/plexus-utils/4.0.1/plexus-utils-4.0.1.pom (7.8 kB at 148 kB/s)
#13 31.56 [INFO] Downloading from central: https://repo.maven.apache.org/maven2/org/codehaus/plexus/plexus/17/plexus-17.pom
#13 31.62 [INFO] Downloaded from central: https://repo.maven.apache.org/maven2/org/codehaus/plexus/plexus/17/plexus-17.pom (28 kB at 421 kB/s)
#13 31.62 [INFO] Downloading from central: https://repo.maven.apache.org/maven2/org/codehaus/plexus/plexus-xml/3.0.1/plexus-xml-3.0.1.pom
#13 31.66 [INFO] Downloaded from central: https://repo.maven.apache.org/maven2/org/codehaus/plexus/plexus-xml/3.0.1/plexus-xml-3.0.1.pom (3.7 kB at 109 kB/s)
#13 31.66 [INFO] Downloading from central: https://repo.maven.apache.org/maven2/org/codehaus/plexus/plexus/18/plexus-18.pom
#13 31.71 [INFO] Downloaded from central: https://repo.maven.apache.org/maven2/org/codehaus/plexus/plexus/18/plexus-18.pom (29 kB at 562 kB/s)
#13 31.72 [INFO] Downloading from central: https://repo.maven.apache.org/maven2/org/apache/maven/resolver/maven-resolver-util/1.9.18/maven-resolver-util-1.9.18.pom
#13 31.76 [INFO] Downloaded from central: https://repo.maven.apache.org/maven2/org/apache/maven/resolver/maven-resolver-util/1.9.18/maven-resolver-util-1.9.18.pom (2.9 kB at 65 kB/s)
#13 31.76 [INFO] Downloading from central: https://repo.maven.apache.org/maven2/org/apache/maven/resolver/maven-resolver/1.9.18/maven-resolver-1.9.18.pom
#13 31.81 [INFO] Downloaded from central: https://repo.maven.apache.org/maven2/org/apache/maven/resolver/maven-resolver/1.9.18/maven-resolver-1.9.18.pom (22 kB at 496 kB/s)
#13 31.81 [INFO] Downloading from central: https://repo.maven.apache.org/maven2/org/apache/maven/resolver/maven-resolver-api/1.9.18/maven-resolver-api-1.9.18.pom
#13 31.85 [INFO] Downloaded from central: https://repo.maven.apache.org/maven2/org/apache/maven/resolver/maven-resolver-api/1.9.18/maven-resolver-api-1.9.18.pom (2.7 kB at 70 kB/s)
#13 31.86 [INFO] Downloading from central: https://repo.maven.apache.org/maven2/org/codehaus/plexus/plexus-utils/4.0.1/plexus-utils-4.0.1.jar
#13 31.94 [INFO] Downloaded from central: https://repo.maven.apache.org/maven2/org/codehaus/plexus/plexus-utils/4.0.1/plexus-utils-4.0.1.jar (193 kB at 2.2 MB/s)
#13 31.94 [INFO] Downloading from central: https://repo.maven.apache.org/maven2/org/codehaus/plexus/plexus-xml/3.0.1/plexus-xml-3.0.1.jar
#13 31.94 [INFO] Downloading from central: https://repo.maven.apache.org/maven2/org/apache/maven/resolver/maven-resolver-util/1.9.18/maven-resolver-util-1.9.18.jar
#13 31.94 [INFO] Downloading from central: https://repo.maven.apache.org/maven2/org/apache/maven/resolver/maven-resolver-api/1.9.18/maven-resolver-api-1.9.18.jar
#13 32.00 [INFO] Downloaded from central: https://repo.maven.apache.org/maven2/org/apache/maven/resolver/maven-resolver-api/1.9.18/maven-resolver-api-1.9.18.jar (157 kB at 3.1 MB/s)
#13 32.00 [INFO] Downloaded from central: https://repo.maven.apache.org/maven2/org/apache/maven/resolver/maven-resolver-util/1.9.18/maven-resolver-util-1.9.18.jar (196 kB at 3.6 MB/s)
#13 32.01 [INFO] Downloaded from central: https://repo.maven.apache.org/maven2/org/codehaus/plexus/plexus-xml/3.0.1/plexus-xml-3.0.1.jar (94 kB at 1.4 MB/s)
#13 32.02 [INFO] Downloading from central: https://repo.maven.apache.org/maven2/org/apache/maven/surefire/maven-surefire-common/3.2.5/maven-surefire-common-3.2.5.pom
#13 32.05 [INFO] Downloaded from central: https://repo.maven.apache.org/maven2/org/apache/maven/surefire/maven-surefire-common/3.2.5/maven-surefire-common-3.2.5.pom (6.2 kB at 169 kB/s)
#13 32.06 [INFO] Downloading from central: https://repo.maven.apache.org/maven2/org/apache/maven/surefire/surefire-api/3.2.5/surefire-api-3.2.5.pom
#13 32.09 [INFO] Downloaded from central: https://repo.maven.apache.org/maven2/org/apache/maven/surefire/surefire-api/3.2.5/surefire-api-3.2.5.pom (3.5 kB at 93 kB/s)
#13 32.10 [INFO] Downloading from central: https://repo.maven.apache.org/maven2/org/apache/maven/surefire/surefire-logger-api/3.2.5/surefire-logger-api-3.2.5.pom
#13 32.13 [INFO] Downloaded from central: https://repo.maven.apache.org/maven2/org/apache/maven/surefire/surefire-logger-api/3.2.5/surefire-logger-api-3.2.5.pom (3.3 kB at 109 kB/s)
#13 32.13 [INFO] Downloading from central: https://repo.maven.apache.org/maven2/org/apache/maven/surefire/surefire-shared-utils/3.2.5/surefire-shared-utils-3.2.5.pom
#13 32.17 [INFO] Downloaded from central: https://repo.maven.apache.org/maven2/org/apache/maven/surefire/surefire-shared-utils/3.2.5/surefire-shared-utils-3.2.5.pom (4.1 kB at 113 kB/s)
#13 32.17 [INFO] Downloading from central: https://repo.maven.apache.org/maven2/org/apache/maven/surefire/surefire-extensions-api/3.2.5/surefire-extensions-api-3.2.5.pom
#13 32.21 [INFO] Downloaded from central: https://repo.maven.apache.org/maven2/org/apache/maven/surefire/surefire-extensions-api/3.2.5/surefire-extensions-api-3.2.5.pom (3.3 kB at 73 kB/s)
#13 32.22 [INFO] Downloading from central: https://repo.maven.apache.org/maven2/org/apache/maven/surefire/surefire-booter/3.2.5/surefire-booter-3.2.5.pom
#13 32.25 [INFO] Downloaded from central: https://repo.maven.apache.org/maven2/org/apache/maven/surefire/surefire-booter/3.2.5/surefire-booter-3.2.5.pom (4.5 kB at 124 kB/s)
#13 32.26 [INFO] Downloading from central: https://repo.maven.apache.org/maven2/org/apache/maven/surefire/surefire-extensions-spi/3.2.5/surefire-extensions-spi-3.2.5.pom
#13 32.30 [INFO] Downloaded from central: https://repo.maven.apache.org/maven2/org/apache/maven/surefire/surefire-extensions-spi/3.2.5/surefire-extensions-spi-3.2.5.pom (1.8 kB at 37 kB/s)
#13 32.31 [INFO] Downloading from central: https://repo.maven.apache.org/maven2/org/apache/maven/shared/maven-common-artifact-filters/3.1.1/maven-common-artifact-filters-3.1.1.pom
#13 32.34 [INFO] Downloaded from central: https://repo.maven.apache.org/maven2/org/apache/maven/shared/maven-common-artifact-filters/3.1.1/maven-common-artifact-filters-3.1.1.pom (5.8 kB at 193 kB/s)
#13 32.34 [INFO] Downloading from central: https://repo.maven.apache.org/maven2/org/eclipse/sisu/org.eclipse.sisu.plexus/0.9.0.M2/org.eclipse.sisu.plexus-0.9.0.M2.pom
#13 32.38 [INFO] Downloaded from central: https://repo.maven.apache.org/maven2/org/eclipse/sisu/org.eclipse.sisu.plexus/0.9.0.M2/org.eclipse.sisu.plexus-0.9.0.M2.pom (15 kB at 374 kB/s)
#13 32.38 [INFO] Downloading from central: https://repo.maven.apache.org/maven2/org/eclipse/sisu/sisu-plexus/0.9.0.M2/sisu-plexus-0.9.0.M2.pom
#13 32.41 [INFO] Downloaded from central: https://repo.maven.apache.org/maven2/org/eclipse/sisu/sisu-plexus/0.9.0.M2/sisu-plexus-0.9.0.M2.pom (15 kB at 468 kB/s)
#13 32.42 [INFO] Downloading from central: https://repo.maven.apache.org/maven2/org/eclipse/sisu/org.eclipse.sisu.inject/0.9.0.M2/org.eclipse.sisu.inject-0.9.0.M2.pom
#13 32.46 [INFO] Downloaded from central: https://repo.maven.apache.org/maven2/org/eclipse/sisu/org.eclipse.sisu.inject/0.9.0.M2/org.eclipse.sisu.inject-0.9.0.M2.pom (17 kB at 394 kB/s)
#13 32.46 [INFO] Downloading from central: https://repo.maven.apache.org/maven2/org/eclipse/sisu/sisu-inject/0.9.0.M2/sisu-inject-0.9.0.M2.pom
#13 32.51 [INFO] Downloaded from central: https://repo.maven.apache.org/maven2/org/eclipse/sisu/sisu-inject/0.9.0.M2/sisu-inject-0.9.0.M2.pom (15 kB at 344 kB/s)
#13 32.51 [INFO] Downloading from central: https://repo.maven.apache.org/maven2/commons-io/commons-io/2.15.1/commons-io-2.15.1.pom
#13 32.54 [INFO] Downloaded from central: https://repo.maven.apache.org/maven2/commons-io/commons-io/2.15.1/commons-io-2.15.1.pom (20 kB at 624 kB/s)
#13 32.54 [INFO] Downloading from central: https://repo.maven.apache.org/maven2/org/apache/commons/commons-parent/65/commons-parent-65.pom
#13 32.59 [INFO] Downloaded from central: https://repo.maven.apache.org/maven2/org/apache/commons/commons-parent/65/commons-parent-65.pom (78 kB at 1.6 MB/s)
#13 32.60 [INFO] Downloading from central: https://repo.maven.apache.org/maven2/org/codehaus/plexus/plexus-java/1.2.0/plexus-java-1.2.0.pom
#13 32.64 [INFO] Downloaded from central: https://repo.maven.apache.org/maven2/org/codehaus/plexus/plexus-java/1.2.0/plexus-java-1.2.0.pom (4.3 kB at 115 kB/s)
#13 32.64 [INFO] Downloading from central: https://repo.maven.apache.org/maven2/org/codehaus/plexus/plexus-languages/1.2.0/plexus-languages-1.2.0.pom
#13 32.67 [INFO] Downloaded from central: https://repo.maven.apache.org/maven2/org/codehaus/plexus/plexus-languages/1.2.0/plexus-languages-1.2.0.pom (3.2 kB at 100 kB/s)
#13 32.68 [INFO] Downloading from central: https://repo.maven.apache.org/maven2/org/codehaus/plexus/plexus/15/plexus-15.pom
#13 32.71 [INFO] Downloaded from central: https://repo.maven.apache.org/maven2/org/codehaus/plexus/plexus/15/plexus-15.pom (28 kB at 731 kB/s)
#13 32.72 [INFO] Downloading from central: https://repo.maven.apache.org/maven2/org/ow2/asm/asm/9.6/asm-9.6.pom
#13 32.75 [INFO] Downloaded from central: https://repo.maven.apache.org/maven2/org/ow2/asm/asm/9.6/asm-9.6.pom (2.4 kB at 76 kB/s)
#13 32.76 [INFO] Downloading from central: https://repo.maven.apache.org/maven2/org/apache/maven/surefire/maven-surefire-common/3.2.5/maven-surefire-common-3.2.5.jar
#13 32.90 [INFO] Downloaded from central: https://repo.maven.apache.org/maven2/org/apache/maven/surefire/maven-surefire-common/3.2.5/maven-surefire-common-3.2.5.jar (308 kB at 2.2 MB/s)
#13 32.90 [INFO] Downloading from central: https://repo.maven.apache.org/maven2/org/apache/maven/surefire/surefire-api/3.2.5/surefire-api-3.2.5.jar
#13 32.90 [INFO] Downloading from central: https://repo.maven.apache.org/maven2/org/apache/maven/surefire/surefire-logger-api/3.2.5/surefire-logger-api-3.2.5.jar
#13 32.90 [INFO] Downloading from central: https://repo.maven.apache.org/maven2/org/apache/maven/surefire/surefire-extensions-api/3.2.5/surefire-extensions-api-3.2.5.jar
#13 32.90 [INFO] Downloading from central: https://repo.maven.apache.org/maven2/org/apache/maven/surefire/surefire-booter/3.2.5/surefire-booter-3.2.5.jar
#13 32.90 [INFO] Downloading from central: https://repo.maven.apache.org/maven2/org/apache/maven/surefire/surefire-extensions-spi/3.2.5/surefire-extensions-spi-3.2.5.jar
#13 32.94 [INFO] Downloaded from central: https://repo.maven.apache.org/maven2/org/apache/maven/surefire/surefire-extensions-api/3.2.5/surefire-extensions-api-3.2.5.jar (26 kB at 760 kB/s)
#13 32.94 [INFO] Downloading from central: https://repo.maven.apache.org/maven2/org/apache/maven/shared/maven-common-artifact-filters/3.1.1/maven-common-artifact-filters-3.1.1.jar
#13 32.94 [INFO] Downloaded from central: https://repo.maven.apache.org/maven2/org/apache/maven/surefire/surefire-booter/3.2.5/surefire-booter-3.2.5.jar (118 kB at 3.2 MB/s)
#13 32.94 [INFO] Downloading from central: https://repo.maven.apache.org/maven2/org/codehaus/plexus/plexus-utils/4.0.0/plexus-utils-4.0.0.jar
#13 32.94 [INFO] Downloaded from central: https://repo.maven.apache.org/maven2/org/apache/maven/surefire/surefire-logger-api/3.2.5/surefire-logger-api-3.2.5.jar (14 kB at 348 kB/s)
#13 32.94 [INFO] Downloading from central: https://repo.maven.apache.org/maven2/org/eclipse/sisu/org.eclipse.sisu.plexus/0.9.0.M2/org.eclipse.sisu.plexus-0.9.0.M2.jar
#13 32.94 [INFO] Downloaded from central: https://repo.maven.apache.org/maven2/org/apache/maven/surefire/surefire-extensions-spi/3.2.5/surefire-extensions-spi-3.2.5.jar (8.2 kB at 199 kB/s)
#13 32.94 [INFO] Downloading from central: https://repo.maven.apache.org/maven2/org/eclipse/sisu/org.eclipse.sisu.inject/0.9.0.M2/org.eclipse.sisu.inject-0.9.0.M2.jar
#13 32.95 [INFO] Downloaded from central: https://repo.maven.apache.org/maven2/org/apache/maven/surefire/surefire-api/3.2.5/surefire-api-3.2.5.jar (171 kB at 3.7 MB/s)
#13 32.95 [INFO] Downloading from central: https://repo.maven.apache.org/maven2/org/codehaus/plexus/plexus-interpolation/1.21/plexus-interpolation-1.21.jar
#13 32.98 [INFO] Downloaded from central: https://repo.maven.apache.org/maven2/org/apache/maven/shared/maven-common-artifact-filters/3.1.1/maven-common-artifact-filters-3.1.1.jar (61 kB at 822 kB/s)
#13 32.98 [INFO] Downloading from central: https://repo.maven.apache.org/maven2/commons-io/commons-io/2.15.1/commons-io-2.15.1.jar
#13 32.98 [INFO] Downloaded from central: https://repo.maven.apache.org/maven2/org/codehaus/plexus/plexus-interpolation/1.21/plexus-interpolation-1.21.jar (62 kB at 771 kB/s)
#13 32.98 [INFO] Downloading from central: https://repo.maven.apache.org/maven2/org/codehaus/plexus/plexus-java/1.2.0/plexus-java-1.2.0.jar
#13 33.00 [INFO] Downloaded from central: https://repo.maven.apache.org/maven2/org/codehaus/plexus/plexus-utils/4.0.0/plexus-utils-4.0.0.jar (192 kB at 2.0 MB/s)
#13 33.00 [INFO] Downloading from central: https://repo.maven.apache.org/maven2/org/ow2/asm/asm/9.6/asm-9.6.jar
#13 33.01 [INFO] Downloaded from central: https://repo.maven.apache.org/maven2/org/eclipse/sisu/org.eclipse.sisu.inject/0.9.0.M2/org.eclipse.sisu.inject-0.9.0.M2.jar (425 kB at 4.0 MB/s)
#13 33.01 [INFO] Downloading from central: https://repo.maven.apache.org/maven2/org/apache/maven/surefire/surefire-shared-utils/3.2.5/surefire-shared-utils-3.2.5.jar
#13 33.03 [INFO] Downloaded from central: https://repo.maven.apache.org/maven2/org/codehaus/plexus/plexus-java/1.2.0/plexus-java-1.2.0.jar (58 kB at 450 kB/s)
#13 33.03 [INFO] Downloaded from central: https://repo.maven.apache.org/maven2/commons-io/commons-io/2.15.1/commons-io-2.15.1.jar (501 kB at 3.8 MB/s)
#13 33.04 [INFO] Downloaded from central: https://repo.maven.apache.org/maven2/org/ow2/asm/asm/9.6/asm-9.6.jar (124 kB at 883 kB/s)
#13 33.07 [INFO] Downloaded from central: https://repo.maven.apache.org/maven2/org/eclipse/sisu/org.eclipse.sisu.plexus/0.9.0.M2/org.eclipse.sisu.plexus-0.9.0.M2.jar (210 kB at 1.3 MB/s)
#13 33.12 [INFO] Downloaded from central: https://repo.maven.apache.org/maven2/org/apache/maven/surefire/surefire-shared-utils/3.2.5/surefire-shared-utils-3.2.5.jar (2.4 MB at 11 MB/s)
#13 33.13 [INFO] Downloading from central: https://repo.maven.apache.org/maven2/org/apache/maven/shared/file-management/3.1.0/file-management-3.1.0.pom
#13 33.17 [INFO] Downloaded from central: https://repo.maven.apache.org/maven2/org/apache/maven/shared/file-management/3.1.0/file-management-3.1.0.pom (4.5 kB at 125 kB/s)
#13 33.17 [INFO] Downloading from central: https://repo.maven.apache.org/maven2/org/apache/maven/shared/maven-shared-components/36/maven-shared-components-36.pom
#13 33.21 [INFO] Downloaded from central: https://repo.maven.apache.org/maven2/org/apache/maven/shared/maven-shared-components/36/maven-shared-components-36.pom (4.9 kB at 125 kB/s)
#13 33.21 [INFO] Downloading from central: https://repo.maven.apache.org/maven2/commons-io/commons-io/2.16.1/commons-io-2.16.1.pom
#13 33.25 [INFO] Downloaded from central: https://repo.maven.apache.org/maven2/commons-io/commons-io/2.16.1/commons-io-2.16.1.pom (20 kB at 491 kB/s)
#13 33.25 [INFO] Downloading from central: https://repo.maven.apache.org/maven2/org/apache/commons/commons-parent/69/commons-parent-69.pom
#13 33.30 [INFO] Downloaded from central: https://repo.maven.apache.org/maven2/org/apache/commons/commons-parent/69/commons-parent-69.pom (77 kB at 1.6 MB/s)
#13 33.30 [INFO] Downloading from central: https://repo.maven.apache.org/maven2/org/apache/maven/maven-archiver/3.6.2/maven-archiver-3.6.2.pom
#13 33.33 [INFO] Downloaded from central: https://repo.maven.apache.org/maven2/org/apache/maven/maven-archiver/3.6.2/maven-archiver-3.6.2.pom (4.4 kB at 146 kB/s)
#13 33.33 [INFO] Downloading from central: https://repo.maven.apache.org/maven2/org/apache/maven/shared/maven-shared-components/41/maven-shared-components-41.pom
#13 33.37 [INFO] Downloaded from central: https://repo.maven.apache.org/maven2/org/apache/maven/shared/maven-shared-components/41/maven-shared-components-41.pom (3.2 kB at 99 kB/s)
#13 33.37 [INFO] Downloading from central: https://repo.maven.apache.org/maven2/org/codehaus/plexus/plexus-archiver/4.9.2/plexus-archiver-4.9.2.pom
#13 33.41 [INFO] Downloaded from central: https://repo.maven.apache.org/maven2/org/codehaus/plexus/plexus-archiver/4.9.2/plexus-archiver-4.9.2.pom (6.0 kB at 146 kB/s)
#13 33.41 [INFO] Downloading from central: https://repo.maven.apache.org/maven2/org/codehaus/plexus/plexus-io/3.4.2/plexus-io-3.4.2.pom
#13 33.45 [INFO] Downloaded from central: https://repo.maven.apache.org/maven2/org/codehaus/plexus/plexus-io/3.4.2/plexus-io-3.4.2.pom (3.9 kB at 104 kB/s)
#13 33.45 [INFO] Downloading from central: https://repo.maven.apache.org/maven2/org/codehaus/plexus/plexus/16/plexus-16.pom
#13 33.49 [INFO] Downloaded from central: https://repo.maven.apache.org/maven2/org/codehaus/plexus/plexus/16/plexus-16.pom (28 kB at 628 kB/s)
#13 33.50 [INFO] Downloading from central: https://repo.maven.apache.org/maven2/org/apache/commons/commons-compress/1.26.1/commons-compress-1.26.1.pom
#13 33.53 [INFO] Downloaded from central: https://repo.maven.apache.org/maven2/org/apache/commons/commons-compress/1.26.1/commons-compress-1.26.1.pom (22 kB at 639 kB/s)
#13 33.53 [INFO] Downloading from central: https://repo.maven.apache.org/maven2/org/apache/commons/commons-parent/66/commons-parent-66.pom
#13 33.58 [INFO] Downloaded from central: https://repo.maven.apache.org/maven2/org/apache/commons/commons-parent/66/commons-parent-66.pom (77 kB at 1.7 MB/s)
#13 33.58 [INFO] Downloading from central: https://repo.maven.apache.org/maven2/commons-codec/commons-codec/1.16.1/commons-codec-1.16.1.pom
#13 33.62 [INFO] Downloaded from central: https://repo.maven.apache.org/maven2/commons-codec/commons-codec/1.16.1/commons-codec-1.16.1.pom (16 kB at 402 kB/s)
#13 33.63 [INFO] Downloading from central: https://repo.maven.apache.org/maven2/org/apache/commons/commons-lang3/3.14.0/commons-lang3-3.14.0.pom
#13 33.67 [INFO] Downloaded from central: https://repo.maven.apache.org/maven2/org/apache/commons/commons-lang3/3.14.0/commons-lang3-3.14.0.pom (31 kB at 754 kB/s)
#13 33.67 [INFO] Downloading from central: https://repo.maven.apache.org/maven2/com/github/luben/zstd-jni/1.5.5-11/zstd-jni-1.5.5-11.pom
#13 33.71 [INFO] Downloaded from central: https://repo.maven.apache.org/maven2/com/github/luben/zstd-jni/1.5.5-11/zstd-jni-1.5.5-11.pom (2.0 kB at 59 kB/s)
#13 33.71 [INFO] Downloading from central: https://repo.maven.apache.org/maven2/org/codehaus/plexus/plexus-interpolation/1.27/plexus-interpolation-1.27.pom
#13 33.74 [INFO] Downloaded from central: https://repo.maven.apache.org/maven2/org/codehaus/plexus/plexus-interpolation/1.27/plexus-interpolation-1.27.pom (3.0 kB at 104 kB/s)
#13 33.74 [INFO] Downloading from central: https://repo.maven.apache.org/maven2/org/apache/maven/shared/file-management/3.1.0/file-management-3.1.0.jar
#13 33.79 [INFO] Downloaded from central: https://repo.maven.apache.org/maven2/org/apache/maven/shared/file-management/3.1.0/file-management-3.1.0.jar (36 kB at 773 kB/s)
#13 33.79 [INFO] Downloading from central: https://repo.maven.apache.org/maven2/commons-io/commons-io/2.16.1/commons-io-2.16.1.jar
#13 33.79 [INFO] Downloading from central: https://repo.maven.apache.org/maven2/org/apache/maven/maven-archiver/3.6.2/maven-archiver-3.6.2.jar
#13 33.79 [INFO] Downloading from central: https://repo.maven.apache.org/maven2/org/codehaus/plexus/plexus-interpolation/1.27/plexus-interpolation-1.27.jar
#13 33.79 [INFO] Downloading from central: https://repo.maven.apache.org/maven2/org/codehaus/plexus/plexus-archiver/4.9.2/plexus-archiver-4.9.2.jar
#13 33.80 [INFO] Downloading from central: https://repo.maven.apache.org/maven2/org/codehaus/plexus/plexus-io/3.4.2/plexus-io-3.4.2.jar
#13 33.84 [INFO] Downloaded from central: https://repo.maven.apache.org/maven2/org/codehaus/plexus/plexus-interpolation/1.27/plexus-interpolation-1.27.jar (86 kB at 2.0 MB/s)
#13 33.84 [INFO] Downloaded from central: https://repo.maven.apache.org/maven2/org/codehaus/plexus/plexus-io/3.4.2/plexus-io-3.4.2.jar (79 kB at 1.9 MB/s)
#13 33.84 [INFO] Downloading from central: https://repo.maven.apache.org/maven2/org/apache/commons/commons-compress/1.26.1/commons-compress-1.26.1.jar
#13 33.84 [INFO] Downloading from central: https://repo.maven.apache.org/maven2/org/apache/commons/commons-lang3/3.14.0/commons-lang3-3.14.0.jar
#13 33.85 [INFO] Downloaded from central: https://repo.maven.apache.org/maven2/org/apache/maven/maven-archiver/3.6.2/maven-archiver-3.6.2.jar (27 kB at 462 kB/s)
#13 33.85 [INFO] Downloading from central: https://repo.maven.apache.org/maven2/commons-codec/commons-codec/1.16.1/commons-codec-1.16.1.jar
#13 33.86 [INFO] Downloaded from central: https://repo.maven.apache.org/maven2/commons-io/commons-io/2.16.1/commons-io-2.16.1.jar (509 kB at 7.3 MB/s)
#13 33.86 [INFO] Downloading from central: https://repo.maven.apache.org/maven2/com/github/luben/zstd-jni/1.5.5-11/zstd-jni-1.5.5-11.jar
#13 33.86 [INFO] Downloaded from central: https://repo.maven.apache.org/maven2/org/codehaus/plexus/plexus-archiver/4.9.2/plexus-archiver-4.9.2.jar (225 kB at 3.3 MB/s)
#13 33.90 [INFO] Downloaded from central: https://repo.maven.apache.org/maven2/org/apache/commons/commons-compress/1.26.1/commons-compress-1.26.1.jar (1.1 MB at 10.0 MB/s)
#13 33.95 [INFO] Downloaded from central: https://repo.maven.apache.org/maven2/org/apache/commons/commons-lang3/3.14.0/commons-lang3-3.14.0.jar (658 kB at 4.3 MB/s)
#13 34.05 [INFO] Downloaded from central: https://repo.maven.apache.org/maven2/commons-codec/commons-codec/1.16.1/commons-codec-1.16.1.jar (365 kB at 1.4 MB/s)
#13 34.14 [INFO] Downloaded from central: https://repo.maven.apache.org/maven2/com/github/luben/zstd-jni/1.5.5-11/zstd-jni-1.5.5-11.jar (6.8 MB at 20 MB/s)
#13 34.15 [INFO] Downloading from central: https://repo.maven.apache.org/maven2/org/apache/maven/shared/maven-filtering/3.3.1/maven-filtering-3.3.1.pom
#13 34.18 [INFO] Downloaded from central: https://repo.maven.apache.org/maven2/org/apache/maven/shared/maven-filtering/3.3.1/maven-filtering-3.3.1.pom (6.0 kB at 163 kB/s)
#13 34.19 [INFO] Downloading from central: https://repo.maven.apache.org/maven2/org/apache/maven/shared/maven-filtering/3.3.1/maven-filtering-3.3.1.jar
#13 34.24 [INFO] Downloaded from central: https://repo.maven.apache.org/maven2/org/apache/maven/shared/maven-filtering/3.3.1/maven-filtering-3.3.1.jar (55 kB at 1.0 MB/s)
#13 34.24 [INFO] Downloading from central: https://repo.maven.apache.org/maven2/commons-io/commons-io/2.11.0/commons-io-2.11.0.jar
#13 34.24 [INFO] Downloading from central: https://repo.maven.apache.org/maven2/org/apache/commons/commons-lang3/3.12.0/commons-lang3-3.12.0.jar
#13 34.31 [INFO] Downloaded from central: https://repo.maven.apache.org/maven2/org/apache/commons/commons-lang3/3.12.0/commons-lang3-3.12.0.jar (587 kB at 9.3 MB/s)
#13 34.39 [INFO] Downloaded from central: https://repo.maven.apache.org/maven2/commons-io/commons-io/2.11.0/commons-io-2.11.0.jar (327 kB at 2.2 MB/s)
#13 34.39 [INFO] Downloading from central: https://repo.maven.apache.org/maven2/org/projectlombok/lombok/1.18.34/lombok-1.18.34.pom
#13 34.44 [INFO] Downloaded from central: https://repo.maven.apache.org/maven2/org/projectlombok/lombok/1.18.34/lombok-1.18.34.pom (1.5 kB at 35 kB/s)
#13 34.44 [INFO] Downloading from central: https://repo.maven.apache.org/maven2/org/projectlombok/lombok/1.18.34/lombok-1.18.34.jar
#13 35.20 [INFO] Downloaded from central: https://repo.maven.apache.org/maven2/org/projectlombok/lombok/1.18.34/lombok-1.18.34.jar (2.1 MB at 2.7 MB/s)
#13 35.20 [INFO] Downloading from central: https://repo.maven.apache.org/maven2/org/flywaydb/flyway-database-postgresql/10.10.0/flyway-database-postgresql-10.10.0.pom
#13 35.24 [INFO] Downloaded from central: https://repo.maven.apache.org/maven2/org/flywaydb/flyway-database-postgresql/10.10.0/flyway-database-postgresql-10.10.0.pom (3.4 kB at 91 kB/s)
#13 35.24 [INFO] Downloading from central: https://repo.maven.apache.org/maven2/org/flywaydb/flyway-core/10.10.0/flyway-core-10.10.0.pom
#13 35.27 [INFO] Downloaded from central: https://repo.maven.apache.org/maven2/org/flywaydb/flyway-core/10.10.0/flyway-core-10.10.0.pom (6.2 kB at 183 kB/s)
#13 35.28 [INFO] Downloading from central: https://repo.maven.apache.org/maven2/com/fasterxml/jackson/dataformat/jackson-dataformat-toml/2.15.2/jackson-dataformat-toml-2.15.2.pom
#13 35.32 [INFO] Downloaded from central: https://repo.maven.apache.org/maven2/com/fasterxml/jackson/dataformat/jackson-dataformat-toml/2.15.2/jackson-dataformat-toml-2.15.2.pom (3.5 kB at 76 kB/s)
#13 35.33 [INFO] Downloading from central: https://repo.maven.apache.org/maven2/com/fasterxml/jackson/dataformat/jackson-dataformats-text/2.15.2/jackson-dataformats-text-2.15.2.pom
#13 35.37 [INFO] Downloaded from central: https://repo.maven.apache.org/maven2/com/fasterxml/jackson/dataformat/jackson-dataformats-text/2.15.2/jackson-dataformats-text-2.15.2.pom (3.5 kB at 76 kB/s)
#13 35.37 [INFO] Downloading from central: https://repo.maven.apache.org/maven2/com/fasterxml/jackson/jackson-base/2.15.2/jackson-base-2.15.2.pom
#13 35.42 [INFO] Downloaded from central: https://repo.maven.apache.org/maven2/com/fasterxml/jackson/jackson-base/2.15.2/jackson-base-2.15.2.pom (11 kB at 256 kB/s)
#13 35.42 [INFO] Downloading from central: https://repo.maven.apache.org/maven2/com/fasterxml/jackson/jackson-bom/2.15.2/jackson-bom-2.15.2.pom
#13 35.45 [INFO] Downloaded from central: https://repo.maven.apache.org/maven2/com/fasterxml/jackson/jackson-bom/2.15.2/jackson-bom-2.15.2.pom (18 kB at 529 kB/s)
#13 35.45 [INFO] Downloading from central: https://repo.maven.apache.org/maven2/com/fasterxml/jackson/jackson-parent/2.15/jackson-parent-2.15.pom
#13 35.50 [INFO] Downloaded from central: https://repo.maven.apache.org/maven2/com/fasterxml/jackson/jackson-parent/2.15/jackson-parent-2.15.pom (6.5 kB at 133 kB/s)
#13 35.51 [INFO] Downloading from central: https://repo.maven.apache.org/maven2/com/fasterxml/oss-parent/50/oss-parent-50.pom
#13 35.55 [INFO] Downloaded from central: https://repo.maven.apache.org/maven2/com/fasterxml/oss-parent/50/oss-parent-50.pom (24 kB at 525 kB/s)
#13 35.55 [INFO] Downloading from central: https://repo.maven.apache.org/maven2/com/fasterxml/jackson/core/jackson-databind/2.15.2/jackson-databind-2.15.2.pom
#13 35.59 [INFO] Downloaded from central: https://repo.maven.apache.org/maven2/com/fasterxml/jackson/core/jackson-databind/2.15.2/jackson-databind-2.15.2.pom (19 kB at 460 kB/s)
#13 35.60 [INFO] Downloading from central: https://repo.maven.apache.org/maven2/org/junit/junit-bom/5.9.2/junit-bom-5.9.2.pom
#13 35.64 [INFO] Downloaded from central: https://repo.maven.apache.org/maven2/org/junit/junit-bom/5.9.2/junit-bom-5.9.2.pom (5.6 kB at 128 kB/s)
#13 35.64 [INFO] Downloading from central: https://repo.maven.apache.org/maven2/com/fasterxml/jackson/core/jackson-annotations/2.15.2/jackson-annotations-2.15.2.pom
#13 35.69 [INFO] Downloaded from central: https://repo.maven.apache.org/maven2/com/fasterxml/jackson/core/jackson-annotations/2.15.2/jackson-annotations-2.15.2.pom (7.1 kB at 150 kB/s)
#13 35.70 [INFO] Downloading from central: https://repo.maven.apache.org/maven2/com/fasterxml/jackson/core/jackson-core/2.15.2/jackson-core-2.15.2.pom
#13 35.74 [INFO] Downloaded from central: https://repo.maven.apache.org/maven2/com/fasterxml/jackson/core/jackson-core/2.15.2/jackson-core-2.15.2.pom (9.8 kB at 199 kB/s)
#13 35.75 [INFO] Downloading from central: https://repo.maven.apache.org/maven2/com/google/code/gson/gson/2.10.1/gson-2.10.1.pom
#13 35.81 [INFO] Downloaded from central: https://repo.maven.apache.org/maven2/com/google/code/gson/gson/2.10.1/gson-2.10.1.pom (9.4 kB at 161 kB/s)
#13 35.81 [INFO] Downloading from central: https://repo.maven.apache.org/maven2/com/google/code/gson/gson-parent/2.10.1/gson-parent-2.10.1.pom
#13 35.86 [INFO] Downloaded from central: https://repo.maven.apache.org/maven2/com/google/code/gson/gson-parent/2.10.1/gson-parent-2.10.1.pom (13 kB at 220 kB/s)
#13 35.87 [INFO] Downloading from central: https://repo.maven.apache.org/maven2/org/flywaydb/flyway-database-postgresql/10.10.0/flyway-database-postgresql-10.10.0.jar
#13 35.91 [INFO] Downloaded from central: https://repo.maven.apache.org/maven2/org/flywaydb/flyway-database-postgresql/10.10.0/flyway-database-postgresql-10.10.0.jar (47 kB at 978 kB/s)
#13 35.91 [INFO] Downloading from central: https://repo.maven.apache.org/maven2/org/flywaydb/flyway-core/10.10.0/flyway-core-10.10.0.jar
#13 35.92 [INFO] Downloading from central: https://repo.maven.apache.org/maven2/com/fasterxml/jackson/dataformat/jackson-dataformat-toml/2.15.2/jackson-dataformat-toml-2.15.2.jar
#13 35.92 [INFO] Downloading from central: https://repo.maven.apache.org/maven2/com/fasterxml/jackson/core/jackson-databind/2.15.2/jackson-databind-2.15.2.jar
#13 35.92 [INFO] Downloading from central: https://repo.maven.apache.org/maven2/com/fasterxml/jackson/core/jackson-annotations/2.15.2/jackson-annotations-2.15.2.jar
#13 35.92 [INFO] Downloading from central: https://repo.maven.apache.org/maven2/com/fasterxml/jackson/core/jackson-core/2.15.2/jackson-core-2.15.2.jar
#13 35.96 [INFO] Downloaded from central: https://repo.maven.apache.org/maven2/com/fasterxml/jackson/core/jackson-annotations/2.15.2/jackson-annotations-2.15.2.jar (76 kB at 1.5 MB/s)
#13 35.96 [INFO] Downloading from central: https://repo.maven.apache.org/maven2/com/google/code/gson/gson/2.10.1/gson-2.10.1.jar
#13 35.97 [INFO] Downloaded from central: https://repo.maven.apache.org/maven2/com/fasterxml/jackson/dataformat/jackson-dataformat-toml/2.15.2/jackson-dataformat-toml-2.15.2.jar (56 kB at 1.1 MB/s)
#13 35.99 [INFO] Downloaded from central: https://repo.maven.apache.org/maven2/com/fasterxml/jackson/core/jackson-core/2.15.2/jackson-core-2.15.2.jar (549 kB at 7.0 MB/s)
#13 36.02 [INFO] Downloaded from central: https://repo.maven.apache.org/maven2/com/google/code/gson/gson/2.10.1/gson-2.10.1.jar (283 kB at 2.7 MB/s)
#13 36.10 [INFO] Downloaded from central: https://repo.maven.apache.org/maven2/org/flywaydb/flyway-core/10.10.0/flyway-core-10.10.0.jar (810 kB at 4.5 MB/s)
#13 36.10 [INFO] Downloaded from central: https://repo.maven.apache.org/maven2/com/fasterxml/jackson/core/jackson-databind/2.15.2/jackson-databind-2.15.2.jar (1.6 MB at 8.8 MB/s)
#13 36.10 [INFO] Downloading from central: https://repo.maven.apache.org/maven2/org/springframework/security/spring-security-test/6.3.3/spring-security-test-6.3.3.pom
#13 36.16 [INFO] Downloaded from central: https://repo.maven.apache.org/maven2/org/springframework/security/spring-security-test/6.3.3/spring-security-test-6.3.3.pom (2.7 kB at 42 kB/s)
#13 36.17 [INFO] Downloading from central: https://repo.maven.apache.org/maven2/org/springframework/security/spring-security-core/6.3.3/spring-security-core-6.3.3.pom
#13 36.21 [INFO] Downloaded from central: https://repo.maven.apache.org/maven2/org/springframework/security/spring-security-core/6.3.3/spring-security-core-6.3.3.pom (3.2 kB at 80 kB/s)
#13 36.21 [INFO] Downloading from central: https://repo.maven.apache.org/maven2/org/springframework/security/spring-security-crypto/6.3.3/spring-security-crypto-6.3.3.pom
#13 36.24 [INFO] Downloaded from central: https://repo.maven.apache.org/maven2/org/springframework/security/spring-security-crypto/6.3.3/spring-security-crypto-6.3.3.pom (1.9 kB at 60 kB/s)
#13 36.24 [INFO] Downloading from central: https://repo.maven.apache.org/maven2/org/springframework/spring-aop/6.1.12/spring-aop-6.1.12.pom
#13 36.29 [INFO] Downloaded from central: https://repo.maven.apache.org/maven2/org/springframework/spring-aop/6.1.12/spring-aop-6.1.12.pom (2.2 kB at 53 kB/s)
#13 36.29 [INFO] Downloading from central: https://repo.maven.apache.org/maven2/org/springframework/spring-beans/6.1.12/spring-beans-6.1.12.pom
#13 36.33 [INFO] Downloaded from central: https://repo.maven.apache.org/maven2/org/springframework/spring-beans/6.1.12/spring-beans-6.1.12.pom (2.0 kB at 50 kB/s)
#13 36.33 [INFO] Downloading from central: https://repo.maven.apache.org/maven2/org/springframework/spring-core/6.1.12/spring-core-6.1.12.pom
#13 36.37 [INFO] Downloaded from central: https://repo.maven.apache.org/maven2/org/springframework/spring-core/6.1.12/spring-core-6.1.12.pom (2.0 kB at 52 kB/s)
#13 36.37 [INFO] Downloading from central: https://repo.maven.apache.org/maven2/org/springframework/spring-jcl/6.1.12/spring-jcl-6.1.12.pom
#13 36.41 [INFO] Downloaded from central: https://repo.maven.apache.org/maven2/org/springframework/spring-jcl/6.1.12/spring-jcl-6.1.12.pom (1.8 kB at 49 kB/s)
#13 36.41 [INFO] Downloading from central: https://repo.maven.apache.org/maven2/org/springframework/spring-context/6.1.12/spring-context-6.1.12.pom
#13 36.45 [INFO] Downloaded from central: https://repo.maven.apache.org/maven2/org/springframework/spring-context/6.1.12/spring-context-6.1.12.pom (2.8 kB at 70 kB/s)
#13 36.46 [INFO] Downloading from central: https://repo.maven.apache.org/maven2/org/springframework/spring-expression/6.1.12/spring-expression-6.1.12.pom
#13 36.50 [INFO] Downloaded from central: https://repo.maven.apache.org/maven2/org/springframework/spring-expression/6.1.12/spring-expression-6.1.12.pom (2.1 kB at 51 kB/s)
#13 36.50 [INFO] Downloading from central: https://repo.maven.apache.org/maven2/io/micrometer/micrometer-observation/1.12.9/micrometer-observation-1.12.9.pom
#13 36.54 [INFO] Downloaded from central: https://repo.maven.apache.org/maven2/io/micrometer/micrometer-observation/1.12.9/micrometer-observation-1.12.9.pom (3.8 kB at 96 kB/s)
#13 36.54 [INFO] Downloading from central: https://repo.maven.apache.org/maven2/io/micrometer/micrometer-commons/1.12.9/micrometer-commons-1.12.9.pom
#13 36.57 [INFO] Downloaded from central: https://repo.maven.apache.org/maven2/io/micrometer/micrometer-commons/1.12.9/micrometer-commons-1.12.9.pom (3.4 kB at 100 kB/s)
#13 36.58 [INFO] Downloading from central: https://repo.maven.apache.org/maven2/org/springframework/security/spring-security-web/6.3.3/spring-security-web-6.3.3.pom
#13 36.61 [INFO] Downloaded from central: https://repo.maven.apache.org/maven2/org/springframework/security/spring-security-web/6.3.3/spring-security-web-6.3.3.pom (3.2 kB at 115 kB/s)
#13 36.61 [INFO] Downloading from central: https://repo.maven.apache.org/maven2/org/springframework/spring-web/6.1.12/spring-web-6.1.12.pom
#13 36.64 [INFO] Downloaded from central: https://repo.maven.apache.org/maven2/org/springframework/spring-web/6.1.12/spring-web-6.1.12.pom (2.4 kB at 67 kB/s)
#13 36.65 [INFO] Downloading from central: https://repo.maven.apache.org/maven2/org/springframework/spring-test/6.1.12/spring-test-6.1.12.pom
#13 36.69 [INFO] Downloaded from central: https://repo.maven.apache.org/maven2/org/springframework/spring-test/6.1.12/spring-test-6.1.12.pom (2.1 kB at 52 kB/s)
#13 36.69 [INFO] Downloading from central: https://repo.maven.apache.org/maven2/org/springframework/security/spring-security-test/6.3.3/spring-security-test-6.3.3.jar
#13 36.73 [INFO] Downloaded from central: https://repo.maven.apache.org/maven2/org/springframework/security/spring-security-test/6.3.3/spring-security-test-6.3.3.jar (132 kB at 3.0 MB/s)
#13 36.74 [INFO] Downloading from central: https://repo.maven.apache.org/maven2/org/springframework/security/spring-security-core/6.3.3/spring-security-core-6.3.3.jar
#13 36.74 [INFO] Downloading from central: https://repo.maven.apache.org/maven2/org/springframework/security/spring-security-crypto/6.3.3/spring-security-crypto-6.3.3.jar
#13 36.74 [INFO] Downloading from central: https://repo.maven.apache.org/maven2/org/springframework/spring-beans/6.1.12/spring-beans-6.1.12.jar
#13 36.74 [INFO] Downloading from central: https://repo.maven.apache.org/maven2/org/springframework/spring-context/6.1.12/spring-context-6.1.12.jar
#13 36.74 [INFO] Downloading from central: https://repo.maven.apache.org/maven2/org/springframework/spring-aop/6.1.12/spring-aop-6.1.12.jar
#13 36.85 [INFO] Downloaded from central: https://repo.maven.apache.org/maven2/org/springframework/security/spring-security-crypto/6.3.3/spring-security-crypto-6.3.3.jar (100 kB at 856 kB/s)
#13 36.85 [INFO] Downloading from central: https://repo.maven.apache.org/maven2/org/springframework/spring-expression/6.1.12/spring-expression-6.1.12.jar
#13 36.86 [INFO] Downloaded from central: https://repo.maven.apache.org/maven2/org/springframework/security/spring-security-core/6.3.3/spring-security-core-6.3.3.jar (560 kB at 4.5 MB/s)
#13 36.86 [INFO] Downloading from central: https://repo.maven.apache.org/maven2/io/micrometer/micrometer-observation/1.12.9/micrometer-observation-1.12.9.jar
#13 36.86 [INFO] Downloaded from central: https://repo.maven.apache.org/maven2/org/springframework/spring-beans/6.1.12/spring-beans-6.1.12.jar (862 kB at 6.8 MB/s)
#13 36.86 [INFO] Downloading from central: https://repo.maven.apache.org/maven2/io/micrometer/micrometer-commons/1.12.9/micrometer-commons-1.12.9.jar
#13 36.89 [INFO] Downloaded from central: https://repo.maven.apache.org/maven2/org/springframework/spring-context/6.1.12/spring-context-6.1.12.jar (1.3 MB at 8.3 MB/s)
#13 36.89 [INFO] Downloading from central: https://repo.maven.apache.org/maven2/org/springframework/security/spring-security-web/6.3.3/spring-security-web-6.3.3.jar
#13 36.90 [INFO] Downloaded from central: https://repo.maven.apache.org/maven2/io/micrometer/micrometer-commons/1.12.9/micrometer-commons-1.12.9.jar (47 kB at 297 kB/s)
#13 36.90 [INFO] Downloading from central: https://repo.maven.apache.org/maven2/org/springframework/spring-web/6.1.12/spring-web-6.1.12.jar
#13 36.90 [INFO] Downloaded from central: https://repo.maven.apache.org/maven2/io/micrometer/micrometer-observation/1.12.9/micrometer-observation-1.12.9.jar (72 kB at 440 kB/s)
#13 36.90 [INFO] Downloading from central: https://repo.maven.apache.org/maven2/org/springframework/spring-core/6.1.12/spring-core-6.1.12.jar
#13 36.93 [INFO] Downloaded from central: https://repo.maven.apache.org/maven2/org/springframework/spring-expression/6.1.12/spring-expression-6.1.12.jar (304 kB at 1.6 MB/s)
#13 36.93 [INFO] Downloading from central: https://repo.maven.apache.org/maven2/org/springframework/spring-jcl/6.1.12/spring-jcl-6.1.12.jar
#13 36.97 [INFO] Downloaded from central: https://repo.maven.apache.org/maven2/org/springframework/spring-jcl/6.1.12/spring-jcl-6.1.12.jar (25 kB at 105 kB/s)
#13 36.97 [INFO] Downloading from central: https://repo.maven.apache.org/maven2/org/springframework/spring-test/6.1.12/spring-test-6.1.12.jar
#13 37.06 [INFO] Downloaded from central: https://repo.maven.apache.org/maven2/org/springframework/security/spring-security-web/6.3.3/spring-security-web-6.3.3.jar (804 kB at 2.5 MB/s)
#13 37.08 [INFO] Downloaded from central: https://repo.maven.apache.org/maven2/org/springframework/spring-web/6.1.12/spring-web-6.1.12.jar (1.9 MB at 5.5 MB/s)
#13 37.14 [INFO] Downloaded from central: https://repo.maven.apache.org/maven2/org/springframework/spring-aop/6.1.12/spring-aop-6.1.12.jar (417 kB at 1.0 MB/s)
#13 37.16 [INFO] Downloaded from central: https://repo.maven.apache.org/maven2/org/springframework/spring-core/6.1.12/spring-core-6.1.12.jar (1.9 MB at 4.5 MB/s)
#13 37.17 [INFO] Downloaded from central: https://repo.maven.apache.org/maven2/org/springframework/spring-test/6.1.12/spring-test-6.1.12.jar (856 kB at 2.0 MB/s)
#13 37.18 [INFO] Downloading from central: https://repo.maven.apache.org/maven2/org/springframework/boot/spring-boot-starter-data-redis/3.3.4/spring-boot-starter-data-redis-3.3.4.pom
#13 37.22 [INFO] Downloaded from central: https://repo.maven.apache.org/maven2/org/springframework/boot/spring-boot-starter-data-redis/3.3.4/spring-boot-starter-data-redis-3.3.4.pom (2.5 kB at 61 kB/s)
#13 37.22 [INFO] Downloading from central: https://repo.maven.apache.org/maven2/org/springframework/boot/spring-boot-starter/3.3.4/spring-boot-starter-3.3.4.pom
#13 37.30 [INFO] Downloaded from central: https://repo.maven.apache.org/maven2/org/springframework/boot/spring-boot-starter/3.3.4/spring-boot-starter-3.3.4.pom (3.0 kB at 43 kB/s)
#13 37.30 [INFO] Downloading from central: https://repo.maven.apache.org/maven2/org/springframework/boot/spring-boot/3.3.4/spring-boot-3.3.4.pom
#13 37.34 [INFO] Downloaded from central: https://repo.maven.apache.org/maven2/org/springframework/boot/spring-boot/3.3.4/spring-boot-3.3.4.pom (2.2 kB at 55 kB/s)
#13 37.34 [INFO] Downloading from central: https://repo.maven.apache.org/maven2/org/springframework/boot/spring-boot-autoconfigure/3.3.4/spring-boot-autoconfigure-3.3.4.pom
#13 37.37 [INFO] Downloaded from central: https://repo.maven.apache.org/maven2/org/springframework/boot/spring-boot-autoconfigure/3.3.4/spring-boot-autoconfigure-3.3.4.pom (2.1 kB at 59 kB/s)
#13 37.38 [INFO] Downloading from central: https://repo.maven.apache.org/maven2/org/springframework/boot/spring-boot-starter-logging/3.3.4/spring-boot-starter-logging-3.3.4.pom
#13 37.41 [INFO] Downloaded from central: https://repo.maven.apache.org/maven2/org/springframework/boot/spring-boot-starter-logging/3.3.4/spring-boot-starter-logging-3.3.4.pom (2.5 kB at 68 kB/s)
#13 37.42 [INFO] Downloading from central: https://repo.maven.apache.org/maven2/ch/qos/logback/logback-classic/1.5.8/logback-classic-1.5.8.pom
#13 37.47 [INFO] Downloaded from central: https://repo.maven.apache.org/maven2/ch/qos/logback/logback-classic/1.5.8/logback-classic-1.5.8.pom (13 kB at 245 kB/s)
#13 37.47 [INFO] Downloading from central: https://repo.maven.apache.org/maven2/ch/qos/logback/logback-parent/1.5.8/logback-parent-1.5.8.pom
#13 37.51 [INFO] Downloaded from central: https://repo.maven.apache.org/maven2/ch/qos/logback/logback-parent/1.5.8/logback-parent-1.5.8.pom (18 kB at 448 kB/s)
#13 37.51 [INFO] Downloading from central: https://repo.maven.apache.org/maven2/ch/qos/logback/logback-core/1.5.8/logback-core-1.5.8.pom
#13 37.56 [INFO] Downloaded from central: https://repo.maven.apache.org/maven2/ch/qos/logback/logback-core/1.5.8/logback-core-1.5.8.pom (7.9 kB at 165 kB/s)
#13 37.56 [INFO] Downloading from central: https://repo.maven.apache.org/maven2/org/slf4j/slf4j-api/2.0.15/slf4j-api-2.0.15.pom
#13 37.62 [INFO] Downloaded from central: https://repo.maven.apache.org/maven2/org/slf4j/slf4j-api/2.0.15/slf4j-api-2.0.15.pom (2.8 kB at 54 kB/s)
#13 37.62 [INFO] Downloading from central: https://repo.maven.apache.org/maven2/org/slf4j/slf4j-parent/2.0.15/slf4j-parent-2.0.15.pom
#13 37.65 [INFO] Downloaded from central: https://repo.maven.apache.org/maven2/org/slf4j/slf4j-parent/2.0.15/slf4j-parent-2.0.15.pom (13 kB at 405 kB/s)
#13 37.65 [INFO] Downloading from central: https://repo.maven.apache.org/maven2/org/slf4j/slf4j-bom/2.0.15/slf4j-bom-2.0.15.pom
#13 37.69 [INFO] Downloaded from central: https://repo.maven.apache.org/maven2/org/slf4j/slf4j-bom/2.0.15/slf4j-bom-2.0.15.pom (7.3 kB at 198 kB/s)
#13 37.69 [INFO] Downloading from central: https://repo.maven.apache.org/maven2/org/apache/logging/log4j/log4j-to-slf4j/2.23.1/log4j-to-slf4j-2.23.1.pom
#13 37.74 [INFO] Downloaded from central: https://repo.maven.apache.org/maven2/org/apache/logging/log4j/log4j-to-slf4j/2.23.1/log4j-to-slf4j-2.23.1.pom (4.4 kB at 85 kB/s)
#13 37.75 [INFO] Downloading from central: https://repo.maven.apache.org/maven2/org/apache/logging/log4j/log4j/2.23.1/log4j-2.23.1.pom
#13 37.81 [INFO] Downloaded from central: https://repo.maven.apache.org/maven2/org/apache/logging/log4j/log4j/2.23.1/log4j-2.23.1.pom (37 kB at 593 kB/s)
#13 37.81 [INFO] Downloading from central: https://repo.maven.apache.org/maven2/org/codehaus/groovy/groovy-bom/3.0.21/groovy-bom-3.0.21.pom
#13 37.84 [INFO] Downloaded from central: https://repo.maven.apache.org/maven2/org/codehaus/groovy/groovy-bom/3.0.21/groovy-bom-3.0.21.pom (26 kB at 826 kB/s)
#13 37.85 [INFO] Downloading from central: https://repo.maven.apache.org/maven2/com/fasterxml/jackson/jackson-bom/2.16.1/jackson-bom-2.16.1.pom
#13 37.88 [INFO] Downloaded from central: https://repo.maven.apache.org/maven2/com/fasterxml/jackson/jackson-bom/2.16.1/jackson-bom-2.16.1.pom (18 kB at 467 kB/s)
#13 37.89 [INFO] Downloading from central: https://repo.maven.apache.org/maven2/com/fasterxml/jackson/jackson-parent/2.16/jackson-parent-2.16.pom
#13 37.93 [INFO] Downloaded from central: https://repo.maven.apache.org/maven2/com/fasterxml/jackson/jackson-parent/2.16/jackson-parent-2.16.pom (6.5 kB at 152 kB/s)
#13 37.93 [INFO] Downloading from central: https://repo.maven.apache.org/maven2/com/fasterxml/oss-parent/56/oss-parent-56.pom
#13 37.97 [INFO] Downloaded from central: https://repo.maven.apache.org/maven2/com/fasterxml/oss-parent/56/oss-parent-56.pom (24 kB at 620 kB/s)
#13 37.97 [INFO] Downloading from central: https://repo.maven.apache.org/maven2/jakarta/platform/jakarta.jakartaee-bom/9.1.0/jakarta.jakartaee-bom-9.1.0.pom
#13 38.01 [INFO] Downloaded from central: https://repo.maven.apache.org/maven2/jakarta/platform/jakarta.jakartaee-bom/9.1.0/jakarta.jakartaee-bom-9.1.0.pom (9.6 kB at 239 kB/s)
#13 38.02 [INFO] Downloading from central: https://repo.maven.apache.org/maven2/jakarta/platform/jakartaee-api-parent/9.1.0/jakartaee-api-parent-9.1.0.pom
#13 38.06 [INFO] Downloaded from central: https://repo.maven.apache.org/maven2/jakarta/platform/jakartaee-api-parent/9.1.0/jakartaee-api-parent-9.1.0.pom (15 kB at 353 kB/s)
#13 38.06 [INFO] Downloading from central: https://repo.maven.apache.org/maven2/org/eclipse/ee4j/project/1.0.7/project-1.0.7.pom
#13 38.10 [INFO] Downloaded from central: https://repo.maven.apache.org/maven2/org/eclipse/ee4j/project/1.0.7/project-1.0.7.pom (14 kB at 330 kB/s)
#13 38.11 [INFO] Downloading from central: https://repo.maven.apache.org/maven2/org/eclipse/jetty/jetty-bom/9.4.54.v20240208/jetty-bom-9.4.54.v20240208.pom
#13 38.14 [INFO] Downloaded from central: https://repo.maven.apache.org/maven2/org/eclipse/jetty/jetty-bom/9.4.54.v20240208/jetty-bom-9.4.54.v20240208.pom (18 kB at 588 kB/s)
#13 38.14 [INFO] Downloading from central: https://repo.maven.apache.org/maven2/io/fabric8/kubernetes-client-bom/5.12.4/kubernetes-client-bom-5.12.4.pom
#13 38.20 [INFO] Downloaded from central: https://repo.maven.apache.org/maven2/io/fabric8/kubernetes-client-bom/5.12.4/kubernetes-client-bom-5.12.4.pom (26 kB at 450 kB/s)
#13 38.20 [INFO] Downloading from central: https://repo.maven.apache.org/maven2/org/mockito/mockito-bom/4.11.0/mockito-bom-4.11.0.pom
#13 38.24 [INFO] Downloaded from central: https://repo.maven.apache.org/maven2/org/mockito/mockito-bom/4.11.0/mockito-bom-4.11.0.pom (3.2 kB at 77 kB/s)
#13 38.24 [INFO] Downloading from central: https://repo.maven.apache.org/maven2/io/netty/netty-bom/4.1.107.Final/netty-bom-4.1.107.Final.pom
#13 38.28 [INFO] Downloaded from central: https://repo.maven.apache.org/maven2/io/netty/netty-bom/4.1.107.Final/netty-bom-4.1.107.Final.pom (14 kB at 382 kB/s)
#13 38.28 [INFO] Downloading from central: https://repo.maven.apache.org/maven2/org/springframework/spring-framework-bom/5.3.32/spring-framework-bom-5.3.32.pom
#13 38.32 [INFO] Downloaded from central: https://repo.maven.apache.org/maven2/org/springframework/spring-framework-bom/5.3.32/spring-framework-bom-5.3.32.pom (5.7 kB at 129 kB/s)
#13 38.33 [INFO] Downloading from central: https://repo.maven.apache.org/maven2/org/apache/logging/log4j/log4j-api/2.23.1/log4j-api-2.23.1.pom
#13 38.39 [INFO] Downloaded from central: https://repo.maven.apache.org/maven2/org/apache/logging/log4j/log4j-api/2.23.1/log4j-api-2.23.1.pom (3.8 kB at 66 kB/s)
#13 38.39 [INFO] Downloading from central: https://repo.maven.apache.org/maven2/org/slf4j/slf4j-api/2.0.9/slf4j-api-2.0.9.pom
#13 38.43 [INFO] Downloaded from central: https://repo.maven.apache.org/maven2/org/slf4j/slf4j-api/2.0.9/slf4j-api-2.0.9.pom (2.8 kB at 72 kB/s)
#13 38.43 [INFO] Downloading from central: https://repo.maven.apache.org/maven2/org/slf4j/slf4j-parent/2.0.9/slf4j-parent-2.0.9.pom
#13 38.47 [INFO] Downloaded from central: https://repo.maven.apache.org/maven2/org/slf4j/slf4j-parent/2.0.9/slf4j-parent-2.0.9.pom (16 kB at 378 kB/s)
#13 38.47 [INFO] Downloading from central: https://repo.maven.apache.org/maven2/org/slf4j/slf4j-bom/2.0.9/slf4j-bom-2.0.9.pom
#13 38.52 [INFO] Downloaded from central: https://repo.maven.apache.org/maven2/org/slf4j/slf4j-bom/2.0.9/slf4j-bom-2.0.9.pom (4.9 kB at 109 kB/s)
#13 38.52 [INFO] Downloading from central: https://repo.maven.apache.org/maven2/org/slf4j/jul-to-slf4j/2.0.16/jul-to-slf4j-2.0.16.pom
#13 38.57 [INFO] Downloaded from central: https://repo.maven.apache.org/maven2/org/slf4j/jul-to-slf4j/2.0.16/jul-to-slf4j-2.0.16.pom (1.1 kB at 26 kB/s)
#13 38.57 [INFO] Downloading from central: https://repo.maven.apache.org/maven2/org/slf4j/slf4j-parent/2.0.16/slf4j-parent-2.0.16.pom
#13 38.61 [INFO] Downloaded from central: https://repo.maven.apache.org/maven2/org/slf4j/slf4j-parent/2.0.16/slf4j-parent-2.0.16.pom (13 kB at 311 kB/s)
#13 38.61 [INFO] Downloading from central: https://repo.maven.apache.org/maven2/org/slf4j/slf4j-bom/2.0.16/slf4j-bom-2.0.16.pom
#13 38.65 [INFO] Downloaded from central: https://repo.maven.apache.org/maven2/org/slf4j/slf4j-bom/2.0.16/slf4j-bom-2.0.16.pom (7.3 kB at 198 kB/s)
#13 38.65 [INFO] Downloading from central: https://repo.maven.apache.org/maven2/org/slf4j/slf4j-api/2.0.16/slf4j-api-2.0.16.pom
#13 38.69 [INFO] Downloaded from central: https://repo.maven.apache.org/maven2/org/slf4j/slf4j-api/2.0.16/slf4j-api-2.0.16.pom (2.8 kB at 78 kB/s)
#13 38.69 [INFO] Downloading from central: https://repo.maven.apache.org/maven2/jakarta/annotation/jakarta.annotation-api/2.1.1/jakarta.annotation-api-2.1.1.pom
#13 38.73 [INFO] Downloaded from central: https://repo.maven.apache.org/maven2/jakarta/annotation/jakarta.annotation-api/2.1.1/jakarta.annotation-api-2.1.1.pom (16 kB at 395 kB/s)
#13 38.73 [INFO] Downloading from central: https://repo.maven.apache.org/maven2/org/yaml/snakeyaml/2.2/snakeyaml-2.2.pom
#13 38.78 [INFO] Downloaded from central: https://repo.maven.apache.org/maven2/org/yaml/snakeyaml/2.2/snakeyaml-2.2.pom (21 kB at 494 kB/s)
#13 38.78 [INFO] Downloading from central: https://repo.maven.apache.org/maven2/io/lettuce/lettuce-core/6.3.2.RELEASE/lettuce-core-6.3.2.RELEASE.pom
#13 38.81 [INFO] Downloaded from central: https://repo.maven.apache.org/maven2/io/lettuce/lettuce-core/6.3.2.RELEASE/lettuce-core-6.3.2.RELEASE.pom (7.4 kB at 217 kB/s)
#13 38.82 [INFO] Downloading from central: https://repo.maven.apache.org/maven2/io/netty/netty-common/4.1.107.Final/netty-common-4.1.107.Final.pom
#13 38.87 [INFO] Downloaded from central: https://repo.maven.apache.org/maven2/io/netty/netty-common/4.1.107.Final/netty-common-4.1.107.Final.pom (12 kB at 218 kB/s)
#13 38.87 [INFO] Downloading from central: https://repo.maven.apache.org/maven2/io/netty/netty-parent/4.1.107.Final/netty-parent-4.1.107.Final.pom
#13 38.92 [INFO] Downloaded from central: https://repo.maven.apache.org/maven2/io/netty/netty-parent/4.1.107.Final/netty-parent-4.1.107.Final.pom (85 kB at 1.9 MB/s)
#13 38.92 [INFO] Downloading from central: https://repo.maven.apache.org/maven2/io/netty/netty-handler/4.1.107.Final/netty-handler-4.1.107.Final.pom
#13 38.95 [INFO] Downloaded from central: https://repo.maven.apache.org/maven2/io/netty/netty-handler/4.1.107.Final/netty-handler-4.1.107.Final.pom (4.6 kB at 132 kB/s)
#13 38.96 [INFO] Downloading from central: https://repo.maven.apache.org/maven2/io/netty/netty-resolver/4.1.107.Final/netty-resolver-4.1.107.Final.pom
#13 39.00 [INFO] Downloaded from central: https://repo.maven.apache.org/maven2/io/netty/netty-resolver/4.1.107.Final/netty-resolver-4.1.107.Final.pom (1.6 kB at 37 kB/s)
#13 39.00 [INFO] Downloading from central: https://repo.maven.apache.org/maven2/io/netty/netty-buffer/4.1.107.Final/netty-buffer-4.1.107.Final.pom
#13 39.04 [INFO] Downloaded from central: https://repo.maven.apache.org/maven2/io/netty/netty-buffer/4.1.107.Final/netty-buffer-4.1.107.Final.pom (1.6 kB at 40 kB/s)
#13 39.05 [INFO] Downloading from central: https://repo.maven.apache.org/maven2/io/netty/netty-transport/4.1.107.Final/netty-transport-4.1.107.Final.pom
#13 39.08 [INFO] Downloaded from central: https://repo.maven.apache.org/maven2/io/netty/netty-transport/4.1.107.Final/netty-transport-4.1.107.Final.pom (2.2 kB at 62 kB/s)
#13 39.08 [INFO] Downloading from central: https://repo.maven.apache.org/maven2/io/netty/netty-transport-native-unix-common/4.1.107.Final/netty-transport-native-unix-common-4.1.107.Final.pom
#13 39.12 [INFO] Downloaded from central: https://repo.maven.apache.org/maven2/io/netty/netty-transport-native-unix-common/4.1.107.Final/netty-transport-native-unix-common-4.1.107.Final.pom (33 kB at 849 kB/s)
#13 39.13 [INFO] Downloading from central: https://repo.maven.apache.org/maven2/io/netty/netty-codec/4.1.107.Final/netty-codec-4.1.107.Final.pom
#13 39.17 [INFO] Downloaded from central: https://repo.maven.apache.org/maven2/io/netty/netty-codec/4.1.107.Final/netty-codec-4.1.107.Final.pom (5.5 kB at 124 kB/s)
#13 39.17 [INFO] Downloading from central: https://repo.maven.apache.org/maven2/io/projectreactor/reactor-core/3.6.4/reactor-core-3.6.4.pom
#13 39.21 [INFO] Downloaded from central: https://repo.maven.apache.org/maven2/io/projectreactor/reactor-core/3.6.4/reactor-core-3.6.4.pom (2.1 kB at 67 kB/s)
#13 39.21 [INFO] Downloading from central: https://repo.maven.apache.org/maven2/org/reactivestreams/reactive-streams/1.0.4/reactive-streams-1.0.4.pom
#13 39.25 [INFO] Downloaded from central: https://repo.maven.apache.org/maven2/org/reactivestreams/reactive-streams/1.0.4/reactive-streams-1.0.4.pom (1.1 kB at 28 kB/s)
#13 39.25 [INFO] Downloading from central: https://repo.maven.apache.org/maven2/org/springframework/data/spring-data-redis/3.3.4/spring-data-redis-3.3.4.pom
#13 39.31 [INFO] Downloaded from central: https://repo.maven.apache.org/maven2/org/springframework/data/spring-data-redis/3.3.4/spring-data-redis-3.3.4.pom (9.6 kB at 163 kB/s)
#13 39.32 [INFO] Downloading from central: https://repo.maven.apache.org/maven2/org/springframework/data/build/spring-data-parent/3.3.4/spring-data-parent-3.3.4.pom
#13 39.35 [INFO] Downloaded from central: https://repo.maven.apache.org/maven2/org/springframework/data/build/spring-data-parent/3.3.4/spring-data-parent-3.3.4.pom (41 kB at 1.1 MB/s)
#13 39.36 [INFO] Downloading from central: https://repo.maven.apache.org/maven2/org/springframework/data/build/spring-data-build/3.3.4/spring-data-build-3.3.4.pom
#13 39.39 [INFO] Downloaded from central: https://repo.maven.apache.org/maven2/org/springframework/data/build/spring-data-build/3.3.4/spring-data-build-3.3.4.pom (7.2 kB at 205 kB/s)
#13 39.40 [INFO] Downloading from central: https://repo.maven.apache.org/maven2/org/springframework/data/spring-data-keyvalue/3.3.4/spring-data-keyvalue-3.3.4.pom
#13 39.43 [INFO] Downloaded from central: https://repo.maven.apache.org/maven2/org/springframework/data/spring-data-keyvalue/3.3.4/spring-data-keyvalue-3.3.4.pom (2.7 kB at 77 kB/s)
#13 39.43 [INFO] Downloading from central: https://repo.maven.apache.org/maven2/org/springframework/data/spring-data-commons/3.3.4/spring-data-commons-3.3.4.pom
#13 39.47 [INFO] Downloaded from central: https://repo.maven.apache.org/maven2/org/springframework/data/spring-data-commons/3.3.4/spring-data-commons-3.3.4.pom (9.9 kB at 301 kB/s)
#13 39.47 [INFO] Downloading from central: https://repo.maven.apache.org/maven2/org/slf4j/slf4j-api/2.0.2/slf4j-api-2.0.2.pom
#13 39.51 [INFO] Downloaded from central: https://repo.maven.apache.org/maven2/org/slf4j/slf4j-api/2.0.2/slf4j-api-2.0.2.pom (1.6 kB at 39 kB/s)
#13 39.51 [INFO] Downloading from central: https://repo.maven.apache.org/maven2/org/slf4j/slf4j-parent/2.0.2/slf4j-parent-2.0.2.pom
#13 39.56 [INFO] Downloaded from central: https://repo.maven.apache.org/maven2/org/slf4j/slf4j-parent/2.0.2/slf4j-parent-2.0.2.pom (16 kB at 337 kB/s)
#13 39.56 [INFO] Downloading from central: https://repo.maven.apache.org/maven2/org/springframework/spring-tx/6.1.13/spring-tx-6.1.13.pom
#13 39.61 [INFO] Downloaded from central: https://repo.maven.apache.org/maven2/org/springframework/spring-tx/6.1.13/spring-tx-6.1.13.pom (2.2 kB at 47 kB/s)
#13 39.61 [INFO] Downloading from central: https://repo.maven.apache.org/maven2/org/springframework/spring-oxm/6.1.13/spring-oxm-6.1.13.pom
#13 39.68 [INFO] Downloaded from central: https://repo.maven.apache.org/maven2/org/springframework/spring-oxm/6.1.13/spring-oxm-6.1.13.pom (2.4 kB at 35 kB/s)
#13 39.68 [INFO] Downloading from central: https://repo.maven.apache.org/maven2/jakarta/xml/bind/jakarta.xml.bind-api/3.0.1/jakarta.xml.bind-api-3.0.1.pom
#13 39.74 [INFO] Downloaded from central: https://repo.maven.apache.org/maven2/jakarta/xml/bind/jakarta.xml.bind-api/3.0.1/jakarta.xml.bind-api-3.0.1.pom (13 kB at 241 kB/s)
#13 39.74 [INFO] Downloading from central: https://repo.maven.apache.org/maven2/jakarta/xml/bind/jakarta.xml.bind-api-parent/3.0.1/jakarta.xml.bind-api-parent-3.0.1.pom
#13 39.81 [INFO] Downloaded from central: https://repo.maven.apache.org/maven2/jakarta/xml/bind/jakarta.xml.bind-api-parent/3.0.1/jakarta.xml.bind-api-parent-3.0.1.pom (9.5 kB at 125 kB/s)
#13 39.82 [INFO] Downloading from central: https://repo.maven.apache.org/maven2/org/eclipse/ee4j/project/1.0.6/project-1.0.6.pom
#13 39.87 [INFO] Downloaded from central: https://repo.maven.apache.org/maven2/org/eclipse/ee4j/project/1.0.6/project-1.0.6.pom (13 kB at 238 kB/s)
#13 39.87 [INFO] Downloading from central: https://repo.maven.apache.org/maven2/com/sun/activation/jakarta.activation/2.0.1/jakarta.activation-2.0.1.pom
#13 39.93 [INFO] Downloaded from central: https://repo.maven.apache.org/maven2/com/sun/activation/jakarta.activation/2.0.1/jakarta.activation-2.0.1.pom (2.0 kB at 39 kB/s)
#13 39.93 [INFO] Downloading from central: https://repo.maven.apache.org/maven2/com/sun/activation/all/2.0.1/all-2.0.1.pom
#13 39.99 [INFO] Downloaded from central: https://repo.maven.apache.org/maven2/com/sun/activation/all/2.0.1/all-2.0.1.pom (23 kB at 351 kB/s)
#13 40.00 [INFO] Downloading from central: https://repo.maven.apache.org/maven2/org/springframework/spring-context-support/6.1.13/spring-context-support-6.1.13.pom
#13 40.10 [INFO] Downloaded from central: https://repo.maven.apache.org/maven2/org/springframework/spring-context-support/6.1.13/spring-context-support-6.1.13.pom (2.4 kB at 23 kB/s)
#13 40.11 [INFO] Downloading from central: https://repo.maven.apache.org/maven2/org/springframework/boot/spring-boot-starter-data-redis/3.3.4/spring-boot-starter-data-redis-3.3.4.jar
#13 40.17 [INFO] Downloaded from central: https://repo.maven.apache.org/maven2/org/springframework/boot/spring-boot-starter-data-redis/3.3.4/spring-boot-starter-data-redis-3.3.4.jar (4.8 kB at 84 kB/s)
#13 40.17 [INFO] Downloading from central: https://repo.maven.apache.org/maven2/org/springframework/boot/spring-boot-starter/3.3.4/spring-boot-starter-3.3.4.jar
#13 40.17 [INFO] Downloading from central: https://repo.maven.apache.org/maven2/org/springframework/boot/spring-boot/3.3.4/spring-boot-3.3.4.jar
#13 40.17 [INFO] Downloading from central: https://repo.maven.apache.org/maven2/org/springframework/boot/spring-boot-autoconfigure/3.3.4/spring-boot-autoconfigure-3.3.4.jar
#13 40.17 [INFO] Downloading from central: https://repo.maven.apache.org/maven2/org/springframework/boot/spring-boot-starter-logging/3.3.4/spring-boot-starter-logging-3.3.4.jar
#13 40.17 [INFO] Downloading from central: https://repo.maven.apache.org/maven2/ch/qos/logback/logback-classic/1.5.8/logback-classic-1.5.8.jar
#13 40.22 [INFO] Downloaded from central: https://repo.maven.apache.org/maven2/org/springframework/boot/spring-boot-starter/3.3.4/spring-boot-starter-3.3.4.jar (4.8 kB at 88 kB/s)
#13 40.22 [INFO] Downloading from central: https://repo.maven.apache.org/maven2/ch/qos/logback/logback-core/1.5.8/logback-core-1.5.8.jar
#13 40.24 [INFO] Downloaded from central: https://repo.maven.apache.org/maven2/org/springframework/boot/spring-boot-starter-logging/3.3.4/spring-boot-starter-logging-3.3.4.jar (4.8 kB at 64 kB/s)
#13 40.24 [INFO] Downloading from central: https://repo.maven.apache.org/maven2/org/apache/logging/log4j/log4j-to-slf4j/2.23.1/log4j-to-slf4j-2.23.1.jar
#13 40.38 [INFO] Downloaded from central: https://repo.maven.apache.org/maven2/org/apache/logging/log4j/log4j-to-slf4j/2.23.1/log4j-to-slf4j-2.23.1.jar (23 kB at 110 kB/s)
#13 40.38 [INFO] Downloading from central: https://repo.maven.apache.org/maven2/org/apache/logging/log4j/log4j-api/2.23.1/log4j-api-2.23.1.jar
#13 40.60 [INFO] Downloaded from central: https://repo.maven.apache.org/maven2/ch/qos/logback/logback-classic/1.5.8/logback-classic-1.5.8.jar (305 kB at 703 kB/s)
#13 40.60 [INFO] Downloading from central: https://repo.maven.apache.org/maven2/org/slf4j/jul-to-slf4j/2.0.16/jul-to-slf4j-2.0.16.jar
#13 40.64 [INFO] Downloaded from central: https://repo.maven.apache.org/maven2/org/apache/logging/log4j/log4j-api/2.23.1/log4j-api-2.23.1.jar (343 kB at 730 kB/s)
#13 40.64 [INFO] Downloading from central: https://repo.maven.apache.org/maven2/jakarta/annotation/jakarta.annotation-api/2.1.1/jakarta.annotation-api-2.1.1.jar
#13 40.64 [INFO] Downloaded from central: https://repo.maven.apache.org/maven2/ch/qos/logback/logback-core/1.5.8/logback-core-1.5.8.jar (619 kB at 1.3 MB/s)
#13 40.64 [INFO] Downloading from central: https://repo.maven.apache.org/maven2/org/yaml/snakeyaml/2.2/snakeyaml-2.2.jar
#13 40.66 [INFO] Downloaded from central: https://repo.maven.apache.org/maven2/org/slf4j/jul-to-slf4j/2.0.16/jul-to-slf4j-2.0.16.jar (6.4 kB at 13 kB/s)
#13 40.66 [INFO] Downloading from central: https://repo.maven.apache.org/maven2/io/lettuce/lettuce-core/6.3.2.RELEASE/lettuce-core-6.3.2.RELEASE.jar
#13 40.69 [INFO] Downloaded from central: https://repo.maven.apache.org/maven2/jakarta/annotation/jakarta.annotation-api/2.1.1/jakarta.annotation-api-2.1.1.jar (26 kB at 51 kB/s)
#13 40.69 [INFO] Downloading from central: https://repo.maven.apache.org/maven2/io/netty/netty-common/4.1.107.Final/netty-common-4.1.107.Final.jar
#13 40.71 [INFO] Downloaded from central: https://repo.maven.apache.org/maven2/org/springframework/boot/spring-boot/3.3.4/spring-boot-3.3.4.jar (1.6 MB at 3.0 MB/s)
#13 40.71 [INFO] Downloading from central: https://repo.maven.apache.org/maven2/io/netty/netty-handler/4.1.107.Final/netty-handler-4.1.107.Final.jar
#13 40.71 [INFO] Downloaded from central: https://repo.maven.apache.org/maven2/org/springframework/boot/spring-boot-autoconfigure/3.3.4/spring-boot-autoconfigure-3.3.4.jar (2.0 MB at 3.6 MB/s)
#13 40.71 [INFO] Downloading from central: https://repo.maven.apache.org/maven2/io/netty/netty-resolver/4.1.107.Final/netty-resolver-4.1.107.Final.jar
#13 40.75 [INFO] Downloaded from central: https://repo.maven.apache.org/maven2/io/netty/netty-common/4.1.107.Final/netty-common-4.1.107.Final.jar (661 kB at 1.1 MB/s)
#13 40.75 [INFO] Downloading from central: https://repo.maven.apache.org/maven2/io/netty/netty-buffer/4.1.107.Final/netty-buffer-4.1.107.Final.jar
#13 40.75 [INFO] Downloaded from central: https://repo.maven.apache.org/maven2/io/netty/netty-resolver/4.1.107.Final/netty-resolver-4.1.107.Final.jar (38 kB at 65 kB/s)
#13 40.75 [INFO] Downloading from central: https://repo.maven.apache.org/maven2/io/netty/netty-transport-native-unix-common/4.1.107.Final/netty-transport-native-unix-common-4.1.107.Final.jar
#13 40.79 [INFO] Downloaded from central: https://repo.maven.apache.org/maven2/io/netty/netty-handler/4.1.107.Final/netty-handler-4.1.107.Final.jar (563 kB at 912 kB/s)
#13 40.79 [INFO] Downloading from central: https://repo.maven.apache.org/maven2/io/netty/netty-codec/4.1.107.Final/netty-codec-4.1.107.Final.jar
#13 40.79 [INFO] Downloaded from central: https://repo.maven.apache.org/maven2/io/netty/netty-transport-native-unix-common/4.1.107.Final/netty-transport-native-unix-common-4.1.107.Final.jar (44 kB at 71 kB/s)
#13 40.79 [INFO] Downloading from central: https://repo.maven.apache.org/maven2/io/netty/netty-transport/4.1.107.Final/netty-transport-4.1.107.Final.jar
#13 40.81 [INFO] Downloaded from central: https://repo.maven.apache.org/maven2/io/netty/netty-buffer/4.1.107.Final/netty-buffer-4.1.107.Final.jar (308 kB at 481 kB/s)
#13 40.81 [INFO] Downloading from central: https://repo.maven.apache.org/maven2/io/projectreactor/reactor-core/3.6.4/reactor-core-3.6.4.jar
#13 40.84 [INFO] Downloaded from central: https://repo.maven.apache.org/maven2/org/yaml/snakeyaml/2.2/snakeyaml-2.2.jar (334 kB at 502 kB/s)
#13 40.84 [INFO] Downloading from central: https://repo.maven.apache.org/maven2/org/reactivestreams/reactive-streams/1.0.4/reactive-streams-1.0.4.jar
#13 40.85 [INFO] Downloaded from central: https://repo.maven.apache.org/maven2/io/lettuce/lettuce-core/6.3.2.RELEASE/lettuce-core-6.3.2.RELEASE.jar (2.0 MB at 2.9 MB/s)
#13 40.85 [INFO] Downloading from central: https://repo.maven.apache.org/maven2/org/springframework/data/spring-data-redis/3.3.4/spring-data-redis-3.3.4.jar
#13 40.86 [INFO] Downloaded from central: https://repo.maven.apache.org/maven2/io/netty/netty-codec/4.1.107.Final/netty-codec-4.1.107.Final.jar (346 kB at 502 kB/s)
#13 40.86 [INFO] Downloading from central: https://repo.maven.apache.org/maven2/org/springframework/data/spring-data-keyvalue/3.3.4/spring-data-keyvalue-3.3.4.jar
#13 40.86 [INFO] Downloaded from central: https://repo.maven.apache.org/maven2/io/netty/netty-transport/4.1.107.Final/netty-transport-4.1.107.Final.jar (497 kB at 720 kB/s)
#13 40.86 [INFO] Downloading from central: https://repo.maven.apache.org/maven2/org/springframework/data/spring-data-commons/3.3.4/spring-data-commons-3.3.4.jar
#13 40.91 [INFO] Downloaded from central: https://repo.maven.apache.org/maven2/org/reactivestreams/reactive-streams/1.0.4/reactive-streams-1.0.4.jar (12 kB at 16 kB/s)
#13 40.91 [INFO] Downloading from central: https://repo.maven.apache.org/maven2/org/springframework/spring-tx/6.1.13/spring-tx-6.1.13.jar
#13 40.92 [INFO] Downloaded from central: https://repo.maven.apache.org/maven2/io/projectreactor/reactor-core/3.6.4/reactor-core-3.6.4.jar (1.9 MB at 2.5 MB/s)
#13 40.92 [INFO] Downloading from central: https://repo.maven.apache.org/maven2/org/springframework/spring-oxm/6.1.13/spring-oxm-6.1.13.jar
#13 40.95 [INFO] Downloaded from central: https://repo.maven.apache.org/maven2/org/springframework/spring-oxm/6.1.13/spring-oxm-6.1.13.jar (60 kB at 76 kB/s)
#13 40.95 [INFO] Downloading from central: https://repo.maven.apache.org/maven2/jakarta/xml/bind/jakarta.xml.bind-api/3.0.1/jakarta.xml.bind-api-3.0.1.jar
#13 41.01 [INFO] Downloaded from central: https://repo.maven.apache.org/maven2/jakarta/xml/bind/jakarta.xml.bind-api/3.0.1/jakarta.xml.bind-api-3.0.1.jar (129 kB at 153 kB/s)
#13 41.01 [INFO] Downloading from central: https://repo.maven.apache.org/maven2/com/sun/activation/jakarta.activation/2.0.1/jakarta.activation-2.0.1.jar
#13 41.03 [INFO] Downloaded from central: https://repo.maven.apache.org/maven2/org/springframework/data/spring-data-commons/3.3.4/spring-data-commons-3.3.4.jar (1.5 MB at 1.7 MB/s)
#13 41.03 [INFO] Downloading from central: https://repo.maven.apache.org/maven2/org/springframework/spring-context-support/6.1.13/spring-context-support-6.1.13.jar
#13 41.04 [INFO] Downloaded from central: https://repo.maven.apache.org/maven2/org/springframework/spring-tx/6.1.13/spring-tx-6.1.13.jar (282 kB at 323 kB/s)
#13 41.04 [INFO] Downloading from central: https://repo.maven.apache.org/maven2/org/slf4j/slf4j-api/2.0.2/slf4j-api-2.0.2.jar
#13 41.05 [INFO] Downloaded from central: https://repo.maven.apache.org/maven2/org/springframework/data/spring-data-redis/3.3.4/spring-data-redis-3.3.4.jar (2.2 MB at 2.5 MB/s)
#13 41.07 [INFO] Downloaded from central: https://repo.maven.apache.org/maven2/com/sun/activation/jakarta.activation/2.0.1/jakarta.activation-2.0.1.jar (62 kB at 69 kB/s)
#13 41.08 [INFO] Downloaded from central: https://repo.maven.apache.org/maven2/org/springframework/spring-context-support/6.1.13/spring-context-support-6.1.13.jar (173 kB at 190 kB/s)
#13 41.11 [INFO] Downloaded from central: https://repo.maven.apache.org/maven2/org/slf4j/slf4j-api/2.0.2/slf4j-api-2.0.2.jar (61 kB at 66 kB/s)
#13 41.13 [INFO] Downloaded from central: https://repo.maven.apache.org/maven2/org/springframework/data/spring-data-keyvalue/3.3.4/spring-data-keyvalue-3.3.4.jar (136 kB at 142 kB/s)
#13 41.14 [INFO] Downloading from central: https://repo.maven.apache.org/maven2/org/postgresql/postgresql/42.7.4/postgresql-42.7.4.pom
#13 41.18 [INFO] Downloaded from central: https://repo.maven.apache.org/maven2/org/postgresql/postgresql/42.7.4/postgresql-42.7.4.pom (3.3 kB at 91 kB/s)
#13 41.18 [INFO] Downloading from central: https://repo.maven.apache.org/maven2/org/checkerframework/checker-qual/3.42.0/checker-qual-3.42.0.pom
#13 41.21 [INFO] Downloaded from central: https://repo.maven.apache.org/maven2/org/checkerframework/checker-qual/3.42.0/checker-qual-3.42.0.pom (2.1 kB at 64 kB/s)
#13 41.22 [INFO] Downloading from central: https://repo.maven.apache.org/maven2/junit/junit/4.13.2/junit-4.13.2.pom
#13 41.26 [INFO] Downloaded from central: https://repo.maven.apache.org/maven2/junit/junit/4.13.2/junit-4.13.2.pom (27 kB at 628 kB/s)
#13 41.26 [INFO] Downloading from central: https://repo.maven.apache.org/maven2/org/hamcrest/hamcrest-core/1.3/hamcrest-core-1.3.pom
#13 41.30 [INFO] Downloaded from central: https://repo.maven.apache.org/maven2/org/hamcrest/hamcrest-core/1.3/hamcrest-core-1.3.pom (766 B at 22 kB/s)
#13 41.30 [INFO] Downloading from central: https://repo.maven.apache.org/maven2/org/hamcrest/hamcrest-parent/1.3/hamcrest-parent-1.3.pom
#13 41.33 [INFO] Downloaded from central: https://repo.maven.apache.org/maven2/org/hamcrest/hamcrest-parent/1.3/hamcrest-parent-1.3.pom (2.0 kB at 64 kB/s)
#13 41.33 [INFO] Downloading from central: https://repo.maven.apache.org/maven2/org/junit/jupiter/junit-jupiter-api/5.10.2/junit-jupiter-api-5.10.2.pom
#13 41.38 [INFO] Downloaded from central: https://repo.maven.apache.org/maven2/org/junit/jupiter/junit-jupiter-api/5.10.2/junit-jupiter-api-5.10.2.pom (3.2 kB at 68 kB/s)
#13 41.38 [INFO] Downloading from central: https://repo.maven.apache.org/maven2/org/opentest4j/opentest4j/1.3.0/opentest4j-1.3.0.pom
#13 41.42 [INFO] Downloaded from central: https://repo.maven.apache.org/maven2/org/opentest4j/opentest4j/1.3.0/opentest4j-1.3.0.pom (2.0 kB at 57 kB/s)
#13 41.42 [INFO] Downloading from central: https://repo.maven.apache.org/maven2/org/junit/platform/junit-platform-commons/1.10.2/junit-platform-commons-1.10.2.pom
#13 41.45 [INFO] Downloaded from central: https://repo.maven.apache.org/maven2/org/junit/platform/junit-platform-commons/1.10.2/junit-platform-commons-1.10.2.pom (2.8 kB at 81 kB/s)
#13 41.45 [INFO] Downloading from central: https://repo.maven.apache.org/maven2/org/apiguardian/apiguardian-api/1.1.2/apiguardian-api-1.1.2.pom
#13 41.49 [INFO] Downloaded from central: https://repo.maven.apache.org/maven2/org/apiguardian/apiguardian-api/1.1.2/apiguardian-api-1.1.2.pom (1.5 kB at 37 kB/s)
#13 41.50 [INFO] Downloading from central: https://repo.maven.apache.org/maven2/org/junit/jupiter/junit-jupiter-engine/5.10.2/junit-jupiter-engine-5.10.2.pom
#13 41.55 [INFO] Downloaded from central: https://repo.maven.apache.org/maven2/org/junit/jupiter/junit-jupiter-engine/5.10.2/junit-jupiter-engine-5.10.2.pom (3.2 kB at 64 kB/s)
#13 41.55 [INFO] Downloading from central: https://repo.maven.apache.org/maven2/org/junit/platform/junit-platform-engine/1.10.2/junit-platform-engine-1.10.2.pom
#13 41.59 [INFO] Downloaded from central: https://repo.maven.apache.org/maven2/org/junit/platform/junit-platform-engine/1.10.2/junit-platform-engine-1.10.2.pom (3.2 kB at 87 kB/s)
#13 41.59 [INFO] Downloading from central: https://repo.maven.apache.org/maven2/com/github/waffle/waffle-jna/1.9.1/waffle-jna-1.9.1.pom
#13 41.66 [INFO] Downloaded from central: https://repo.maven.apache.org/maven2/com/github/waffle/waffle-jna/1.9.1/waffle-jna-1.9.1.pom (3.1 kB at 43 kB/s)
#13 41.66 [INFO] Downloading from central: https://repo.maven.apache.org/maven2/com/github/waffle/waffle-parent/1.9.1/waffle-parent-1.9.1.pom
#13 41.71 [INFO] Downloaded from central: https://repo.maven.apache.org/maven2/com/github/waffle/waffle-parent/1.9.1/waffle-parent-1.9.1.pom (67 kB at 1.3 MB/s)
#13 41.71 [INFO] Downloading from central: https://repo.maven.apache.org/maven2/net/java/dev/jna/jna/4.5.1/jna-4.5.1.pom
#13 41.76 [INFO] Downloaded from central: https://repo.maven.apache.org/maven2/net/java/dev/jna/jna/4.5.1/jna-4.5.1.pom (1.6 kB at 34 kB/s)
#13 41.76 [INFO] Downloading from central: https://repo.maven.apache.org/maven2/net/java/dev/jna/jna-platform/4.5.1/jna-platform-4.5.1.pom
#13 41.81 [INFO] Downloaded from central: https://repo.maven.apache.org/maven2/net/java/dev/jna/jna-platform/4.5.1/jna-platform-4.5.1.pom (1.8 kB at 41 kB/s)
#13 41.81 [INFO] Downloading from central: https://repo.maven.apache.org/maven2/org/slf4j/jcl-over-slf4j/1.7.25/jcl-over-slf4j-1.7.25.pom
#13 41.86 [INFO] Downloaded from central: https://repo.maven.apache.org/maven2/org/slf4j/jcl-over-slf4j/1.7.25/jcl-over-slf4j-1.7.25.pom (959 B at 22 kB/s)
#13 41.86 [INFO] Downloading from central: https://repo.maven.apache.org/maven2/org/slf4j/slf4j-parent/1.7.25/slf4j-parent-1.7.25.pom
#13 41.89 [INFO] Downloaded from central: https://repo.maven.apache.org/maven2/org/slf4j/slf4j-parent/1.7.25/slf4j-parent-1.7.25.pom (14 kB at 422 kB/s)
#13 41.89 [INFO] Downloading from central: https://repo.maven.apache.org/maven2/org/slf4j/slf4j-api/1.7.25/slf4j-api-1.7.25.pom
#13 41.93 [INFO] Downloaded from central: https://repo.maven.apache.org/maven2/org/slf4j/slf4j-api/1.7.25/slf4j-api-1.7.25.pom (3.8 kB at 110 kB/s)
#13 41.93 [INFO] Downloading from central: https://repo.maven.apache.org/maven2/com/github/ben-manes/caffeine/caffeine/2.6.2/caffeine-2.6.2.pom
#13 41.97 [INFO] Downloaded from central: https://repo.maven.apache.org/maven2/com/github/ben-manes/caffeine/caffeine/2.6.2/caffeine-2.6.2.pom (5.6 kB at 130 kB/s)
#13 41.98 [INFO] Downloading from central: https://repo.maven.apache.org/maven2/org/postgresql/postgresql/42.7.4/postgresql-42.7.4.jar
#13 42.08 [INFO] Downloaded from central: https://repo.maven.apache.org/maven2/org/postgresql/postgresql/42.7.4/postgresql-42.7.4.jar (1.1 MB at 10 MB/s)
#13 42.08 [INFO] Downloading from central: https://repo.maven.apache.org/maven2/org/checkerframework/checker-qual/3.42.0/checker-qual-3.42.0.jar
#13 42.08 [INFO] Downloading from central: https://repo.maven.apache.org/maven2/junit/junit/4.13.2/junit-4.13.2.jar
#13 42.09 [INFO] Downloading from central: https://repo.maven.apache.org/maven2/org/hamcrest/hamcrest-core/1.3/hamcrest-core-1.3.jar
#13 42.09 [INFO] Downloading from central: https://repo.maven.apache.org/maven2/org/junit/jupiter/junit-jupiter-api/5.10.2/junit-jupiter-api-5.10.2.jar
#13 42.09 [INFO] Downloading from central: https://repo.maven.apache.org/maven2/org/opentest4j/opentest4j/1.3.0/opentest4j-1.3.0.jar
#13 42.13 [INFO] Downloaded from central: https://repo.maven.apache.org/maven2/org/opentest4j/opentest4j/1.3.0/opentest4j-1.3.0.jar (14 kB at 311 kB/s)
#13 42.13 [INFO] Downloading from central: https://repo.maven.apache.org/maven2/org/junit/platform/junit-platform-commons/1.10.2/junit-platform-commons-1.10.2.jar
#13 42.14 [INFO] Downloaded from central: https://repo.maven.apache.org/maven2/org/hamcrest/hamcrest-core/1.3/hamcrest-core-1.3.jar (45 kB at 804 kB/s)
#13 42.14 [INFO] Downloading from central: https://repo.maven.apache.org/maven2/org/apiguardian/apiguardian-api/1.1.2/apiguardian-api-1.1.2.jar
#13 42.15 [INFO] Downloaded from central: https://repo.maven.apache.org/maven2/org/checkerframework/checker-qual/3.42.0/checker-qual-3.42.0.jar (231 kB at 3.7 MB/s)
#13 42.15 [INFO] Downloading from central: https://repo.maven.apache.org/maven2/org/junit/jupiter/junit-jupiter-engine/5.10.2/junit-jupiter-engine-5.10.2.jar
#13 42.16 [INFO] Downloaded from central: https://repo.maven.apache.org/maven2/org/junit/jupiter/junit-jupiter-api/5.10.2/junit-jupiter-api-5.10.2.jar (211 kB at 2.9 MB/s)
#13 42.16 [INFO] Downloading from central: https://repo.maven.apache.org/maven2/org/junit/platform/junit-platform-engine/1.10.2/junit-platform-engine-1.10.2.jar
#13 42.18 [INFO] Downloaded from central: https://repo.maven.apache.org/maven2/org/apiguardian/apiguardian-api/1.1.2/apiguardian-api-1.1.2.jar (6.8 kB at 74 kB/s)
#13 42.18 [INFO] Downloading from central: https://repo.maven.apache.org/maven2/com/github/waffle/waffle-jna/1.9.1/waffle-jna-1.9.1.jar
#13 42.19 [INFO] Downloaded from central: https://repo.maven.apache.org/maven2/org/junit/platform/junit-platform-commons/1.10.2/junit-platform-commons-1.10.2.jar (106 kB at 1.0 MB/s)
#13 42.19 [INFO] Downloading from central: https://repo.maven.apache.org/maven2/net/java/dev/jna/jna/4.5.1/jna-4.5.1.jar
#13 42.21 [INFO] Downloaded from central: https://repo.maven.apache.org/maven2/org/junit/jupiter/junit-jupiter-engine/5.10.2/junit-jupiter-engine-5.10.2.jar (245 kB at 2.1 MB/s)
#13 42.21 [INFO] Downloading from central: https://repo.maven.apache.org/maven2/net/java/dev/jna/jna-platform/4.5.1/jna-platform-4.5.1.jar
#13 42.23 [INFO] Downloaded from central: https://repo.maven.apache.org/maven2/org/junit/platform/junit-platform-engine/1.10.2/junit-platform-engine-1.10.2.jar (205 kB at 1.5 MB/s)
#13 42.23 [INFO] Downloading from central: https://repo.maven.apache.org/maven2/org/slf4j/jcl-over-slf4j/1.7.25/jcl-over-slf4j-1.7.25.jar
#13 42.24 [INFO] Downloaded from central: https://repo.maven.apache.org/maven2/com/github/waffle/waffle-jna/1.9.1/waffle-jna-1.9.1.jar (68 kB at 457 kB/s)
#13 42.24 [INFO] Downloading from central: https://repo.maven.apache.org/maven2/org/slf4j/slf4j-api/1.7.25/slf4j-api-1.7.25.jar
#13 42.30 [INFO] Downloaded from central: https://repo.maven.apache.org/maven2/org/slf4j/slf4j-api/1.7.25/slf4j-api-1.7.25.jar (41 kB at 195 kB/s)
#13 42.30 [INFO] Downloading from central: https://repo.maven.apache.org/maven2/com/github/ben-manes/caffeine/caffeine/2.6.2/caffeine-2.6.2.jar
#13 42.30 [INFO] Downloaded from central: https://repo.maven.apache.org/maven2/org/slf4j/jcl-over-slf4j/1.7.25/jcl-over-slf4j-1.7.25.jar (17 kB at 78 kB/s)
#13 42.34 [INFO] Downloaded from central: https://repo.maven.apache.org/maven2/junit/junit/4.13.2/junit-4.13.2.jar (385 kB at 1.5 MB/s)
#13 42.44 [INFO] Downloaded from central: https://repo.maven.apache.org/maven2/com/github/ben-manes/caffeine/caffeine/2.6.2/caffeine-2.6.2.jar (660 kB at 1.9 MB/s)
#13 42.46 [INFO] Downloaded from central: https://repo.maven.apache.org/maven2/net/java/dev/jna/jna/4.5.1/jna-4.5.1.jar (1.4 MB at 3.8 MB/s)
#13 42.47 [INFO] Downloaded from central: https://repo.maven.apache.org/maven2/net/java/dev/jna/jna-platform/4.5.1/jna-platform-4.5.1.jar (2.3 MB at 6.1 MB/s)
#13 42.49 [INFO] Downloading from central: https://repo.maven.apache.org/maven2/com/razorpay/razorpay-java/1.4.8/razorpay-java-1.4.8.pom
#13 42.53 [INFO] Downloaded from central: https://repo.maven.apache.org/maven2/com/razorpay/razorpay-java/1.4.8/razorpay-java-1.4.8.pom (6.1 kB at 149 kB/s)
#13 42.53 [INFO] Downloading from central: https://repo.maven.apache.org/maven2/org/json/json/20231013/json-20231013.pom
#13 42.57 [INFO] Downloaded from central: https://repo.maven.apache.org/maven2/org/json/json/20231013/json-20231013.pom (6.6 kB at 173 kB/s)
#13 42.57 [INFO] Downloading from central: https://repo.maven.apache.org/maven2/com/squareup/okhttp3/okhttp/3.10.0/okhttp-3.10.0.pom
#13 42.61 [INFO] Downloaded from central: https://repo.maven.apache.org/maven2/com/squareup/okhttp3/okhttp/3.10.0/okhttp-3.10.0.pom (2.3 kB at 61 kB/s)
#13 42.61 [INFO] Downloading from central: https://repo.maven.apache.org/maven2/com/squareup/okhttp3/parent/3.10.0/parent-3.10.0.pom
#13 42.65 [INFO] Downloaded from central: https://repo.maven.apache.org/maven2/com/squareup/okhttp3/parent/3.10.0/parent-3.10.0.pom (19 kB at 396 kB/s)
#13 42.66 [INFO] Downloading from central: https://repo.maven.apache.org/maven2/com/squareup/okio/okio/1.14.0/okio-1.14.0.pom
#13 42.72 [INFO] Downloaded from central: https://repo.maven.apache.org/maven2/com/squareup/okio/okio/1.14.0/okio-1.14.0.pom (2.0 kB at 33 kB/s)
#13 42.72 [INFO] Downloading from central: https://repo.maven.apache.org/maven2/com/squareup/okio/okio-parent/1.14.0/okio-parent-1.14.0.pom
#13 42.77 [INFO] Downloaded from central: https://repo.maven.apache.org/maven2/com/squareup/okio/okio-parent/1.14.0/okio-parent-1.14.0.pom (4.9 kB at 103 kB/s)
#13 42.77 [INFO] Downloading from central: https://repo.maven.apache.org/maven2/com/squareup/okhttp3/logging-interceptor/3.10.0/logging-interceptor-3.10.0.pom
#13 42.81 [INFO] Downloaded from central: https://repo.maven.apache.org/maven2/com/squareup/okhttp3/logging-interceptor/3.10.0/logging-interceptor-3.10.0.pom (1.8 kB at 45 kB/s)
#13 42.81 [INFO] Downloading from central: https://repo.maven.apache.org/maven2/com/razorpay/razorpay-java/1.4.8/razorpay-java-1.4.8.jar
#13 42.85 [INFO] Downloaded from central: https://repo.maven.apache.org/maven2/com/razorpay/razorpay-java/1.4.8/razorpay-java-1.4.8.jar (72 kB at 1.8 MB/s)
#13 42.85 [INFO] Downloading from central: https://repo.maven.apache.org/maven2/org/json/json/20231013/json-20231013.jar
#13 42.85 [INFO] Downloading from central: https://repo.maven.apache.org/maven2/com/squareup/okhttp3/okhttp/3.10.0/okhttp-3.10.0.jar
#13 42.85 [INFO] Downloading from central: https://repo.maven.apache.org/maven2/com/squareup/okio/okio/1.14.0/okio-1.14.0.jar
#13 42.85 [INFO] Downloading from central: https://repo.maven.apache.org/maven2/com/squareup/okhttp3/logging-interceptor/3.10.0/logging-interceptor-3.10.0.jar
#13 42.85 [INFO] Downloading from central: https://repo.maven.apache.org/maven2/org/apache/commons/commons-lang3/3.7/commons-lang3-3.7.jar
#13 42.90 [INFO] Downloaded from central: https://repo.maven.apache.org/maven2/com/squareup/okhttp3/logging-interceptor/3.10.0/logging-interceptor-3.10.0.jar (8.9 kB at 211 kB/s)
#13 42.91 [INFO] Downloaded from central: https://repo.maven.apache.org/maven2/com/squareup/okio/okio/1.14.0/okio-1.14.0.jar (86 kB at 1.5 MB/s)
#13 42.91 [INFO] Downloaded from central: https://repo.maven.apache.org/maven2/org/json/json/20231013/json-20231013.jar (75 kB at 1.2 MB/s)
#13 42.93 [INFO] Downloaded from central: https://repo.maven.apache.org/maven2/com/squareup/okhttp3/okhttp/3.10.0/okhttp-3.10.0.jar (412 kB at 5.2 MB/s)
#13 42.94 [INFO] Downloaded from central: https://repo.maven.apache.org/maven2/org/apache/commons/commons-lang3/3.7/commons-lang3-3.7.jar (500 kB at 5.8 MB/s)
#13 42.94 [INFO] Downloading from central: https://repo.maven.apache.org/maven2/org/springframework/boot/spring-boot-starter-security/3.3.4/spring-boot-starter-security-3.3.4.pom
#13 42.98 [INFO] Downloaded from central: https://repo.maven.apache.org/maven2/org/springframework/boot/spring-boot-starter-security/3.3.4/spring-boot-starter-security-3.3.4.pom (2.7 kB at 65 kB/s)
#13 42.99 [INFO] Downloading from central: https://repo.maven.apache.org/maven2/org/springframework/security/spring-security-config/6.3.3/spring-security-config-6.3.3.pom
#13 43.03 [INFO] Downloaded from central: https://repo.maven.apache.org/maven2/org/springframework/security/spring-security-config/6.3.3/spring-security-config-6.3.3.pom (2.8 kB at 71 kB/s)
#13 43.03 [INFO] Downloading from central: https://repo.maven.apache.org/maven2/org/springframework/boot/spring-boot-starter-security/3.3.4/spring-boot-starter-security-3.3.4.jar
#13 43.08 [INFO] Downloaded from central: https://repo.maven.apache.org/maven2/org/springframework/boot/spring-boot-starter-security/3.3.4/spring-boot-starter-security-3.3.4.jar (4.7 kB at 101 kB/s)
#13 43.08 [INFO] Downloading from central: https://repo.maven.apache.org/maven2/org/slf4j/slf4j-api/2.0.15/slf4j-api-2.0.15.jar
#13 43.08 [INFO] Downloading from central: https://repo.maven.apache.org/maven2/org/springframework/security/spring-security-config/6.3.3/spring-security-config-6.3.3.jar
#13 43.14 [INFO] Downloaded from central: https://repo.maven.apache.org/maven2/org/slf4j/slf4j-api/2.0.15/slf4j-api-2.0.15.jar (70 kB at 1.1 MB/s)
#13 43.68 [INFO] Downloaded from central: https://repo.maven.apache.org/maven2/org/springframework/security/spring-security-config/6.3.3/spring-security-config-6.3.3.jar (1.9 MB at 3.2 MB/s)
#13 43.68 [INFO] Downloading from central: https://repo.maven.apache.org/maven2/com/cloudinary/cloudinary-http44/1.38.0/cloudinary-http44-1.38.0.pom
#13 43.73 [INFO] Downloaded from central: https://repo.maven.apache.org/maven2/com/cloudinary/cloudinary-http44/1.38.0/cloudinary-http44-1.38.0.pom (2.4 kB at 54 kB/s)
#13 43.74 [INFO] Downloading from central: https://repo.maven.apache.org/maven2/com/cloudinary/cloudinary-core/1.38.0/cloudinary-core-1.38.0.pom
#13 43.79 [INFO] Downloaded from central: https://repo.maven.apache.org/maven2/com/cloudinary/cloudinary-core/1.38.0/cloudinary-core-1.38.0.pom (1.6 kB at 35 kB/s)
#13 43.79 [INFO] Downloading from central: https://repo.maven.apache.org/maven2/org/apache/commons/commons-lang3/3.1/commons-lang3-3.1.pom
#13 43.83 [INFO] Downloaded from central: https://repo.maven.apache.org/maven2/org/apache/commons/commons-lang3/3.1/commons-lang3-3.1.pom (17 kB at 363 kB/s)
#13 43.83 [INFO] Downloading from central: https://repo.maven.apache.org/maven2/org/apache/commons/commons-parent/22/commons-parent-22.pom
#13 43.88 [INFO] Downloaded from central: https://repo.maven.apache.org/maven2/org/apache/commons/commons-parent/22/commons-parent-22.pom (42 kB at 998 kB/s)
#13 43.88 [INFO] Downloading from central: https://repo.maven.apache.org/maven2/org/apache/apache/9/apache-9.pom
#13 43.94 [INFO] Downloaded from central: https://repo.maven.apache.org/maven2/org/apache/apache/9/apache-9.pom (15 kB at 266 kB/s)
#13 43.94 [INFO] Downloading from central: https://repo.maven.apache.org/maven2/org/apache/httpcomponents/httpclient/4.4/httpclient-4.4.pom
#13 43.99 [INFO] Downloaded from central: https://repo.maven.apache.org/maven2/org/apache/httpcomponents/httpclient/4.4/httpclient-4.4.pom (6.4 kB at 139 kB/s)
#13 43.99 [INFO] Downloading from central: https://repo.maven.apache.org/maven2/org/apache/httpcomponents/httpcomponents-client/4.4/httpcomponents-client-4.4.pom
#13 44.03 [INFO] Downloaded from central: https://repo.maven.apache.org/maven2/org/apache/httpcomponents/httpcomponents-client/4.4/httpcomponents-client-4.4.pom (16 kB at 373 kB/s)
#13 44.03 [INFO] Downloading from central: https://repo.maven.apache.org/maven2/org/apache/httpcomponents/project/7/project-7.pom
#13 44.07 [INFO] Downloaded from central: https://repo.maven.apache.org/maven2/org/apache/httpcomponents/project/7/project-7.pom (27 kB at 736 kB/s)
#13 44.07 [INFO] Downloading from central: https://repo.maven.apache.org/maven2/org/apache/httpcomponents/httpcore/4.4/httpcore-4.4.pom
#13 44.11 [INFO] Downloaded from central: https://repo.maven.apache.org/maven2/org/apache/httpcomponents/httpcore/4.4/httpcore-4.4.pom (4.6 kB at 107 kB/s)
#13 44.12 [INFO] Downloading from central: https://repo.maven.apache.org/maven2/org/apache/httpcomponents/httpcomponents-core/4.4/httpcomponents-core-4.4.pom
#13 44.17 [INFO] Downloaded from central: https://repo.maven.apache.org/maven2/org/apache/httpcomponents/httpcomponents-core/4.4/httpcomponents-core-4.4.pom (13 kB at 274 kB/s)
#13 44.17 [INFO] Downloading from central: https://repo.maven.apache.org/maven2/commons-codec/commons-codec/1.9/commons-codec-1.9.pom
#13 44.20 [INFO] Downloaded from central: https://repo.maven.apache.org/maven2/commons-codec/commons-codec/1.9/commons-codec-1.9.pom (12 kB at 361 kB/s)
#13 44.20 [INFO] Downloading from central: https://repo.maven.apache.org/maven2/org/apache/commons/commons-parent/32/commons-parent-32.pom
#13 44.26 [INFO] Downloaded from central: https://repo.maven.apache.org/maven2/org/apache/commons/commons-parent/32/commons-parent-32.pom (53 kB at 865 kB/s)
#13 44.26 [INFO] Downloading from central: https://repo.maven.apache.org/maven2/org/apache/httpcomponents/httpmime/4.4/httpmime-4.4.pom
#13 44.32 [INFO] Downloaded from central: https://repo.maven.apache.org/maven2/org/apache/httpcomponents/httpmime/4.4/httpmime-4.4.pom (4.8 kB at 83 kB/s)
#13 44.33 [INFO] Downloading from central: https://repo.maven.apache.org/maven2/com/cloudinary/cloudinary-http44/1.38.0/cloudinary-http44-1.38.0.jar
#13 44.37 [INFO] Downloaded from central: https://repo.maven.apache.org/maven2/com/cloudinary/cloudinary-http44/1.38.0/cloudinary-http44-1.38.0.jar (14 kB at 297 kB/s)
#13 44.37 [INFO] Downloading from central: https://repo.maven.apache.org/maven2/com/cloudinary/cloudinary-core/1.38.0/cloudinary-core-1.38.0.jar
#13 44.38 [INFO] Downloading from central: https://repo.maven.apache.org/maven2/org/apache/commons/commons-lang3/3.1/commons-lang3-3.1.jar
#13 44.38 [INFO] Downloading from central: https://repo.maven.apache.org/maven2/org/apache/httpcomponents/httpclient/4.4/httpclient-4.4.jar
#13 44.38 [INFO] Downloading from central: https://repo.maven.apache.org/maven2/org/apache/httpcomponents/httpcore/4.4/httpcore-4.4.jar
#13 44.38 [INFO] Downloading from central: https://repo.maven.apache.org/maven2/commons-codec/commons-codec/1.9/commons-codec-1.9.jar
#13 44.57 [INFO] Downloaded from central: https://repo.maven.apache.org/maven2/com/cloudinary/cloudinary-core/1.38.0/cloudinary-core-1.38.0.jar (171 kB at 888 kB/s)
#13 44.57 [INFO] Downloading from central: https://repo.maven.apache.org/maven2/org/apache/httpcomponents/httpmime/4.4/httpmime-4.4.jar
#13 44.60 [INFO] Downloaded from central: https://repo.maven.apache.org/maven2/commons-codec/commons-codec/1.9/commons-codec-1.9.jar (264 kB at 1.2 MB/s)
#13 44.61 [INFO] Downloaded from central: https://repo.maven.apache.org/maven2/org/apache/commons/commons-lang3/3.1/commons-lang3-3.1.jar (316 kB at 1.4 MB/s)
#13 44.65 [INFO] Downloaded from central: https://repo.maven.apache.org/maven2/org/apache/httpcomponents/httpmime/4.4/httpmime-4.4.jar (41 kB at 148 kB/s)
#13 44.67 [INFO] Downloaded from central: https://repo.maven.apache.org/maven2/org/apache/httpcomponents/httpcore/4.4/httpcore-4.4.jar (322 kB at 1.1 MB/s)
#13 44.76 [INFO] Downloaded from central: https://repo.maven.apache.org/maven2/org/apache/httpcomponents/httpclient/4.4/httpclient-4.4.jar (719 kB at 1.9 MB/s)
#13 44.76 [INFO] Downloading from central: https://repo.maven.apache.org/maven2/org/testcontainers/rabbitmq/1.19.8/rabbitmq-1.19.8.pom
#13 44.81 [INFO] Downloaded from central: https://repo.maven.apache.org/maven2/org/testcontainers/rabbitmq/1.19.8/rabbitmq-1.19.8.pom (1.5 kB at 34 kB/s)
#13 44.81 [INFO] Downloading from central: https://repo.maven.apache.org/maven2/org/testcontainers/testcontainers/1.19.8/testcontainers-1.19.8.pom
#13 44.85 [INFO] Downloaded from central: https://repo.maven.apache.org/maven2/org/testcontainers/testcontainers/1.19.8/testcontainers-1.19.8.pom (2.6 kB at 64 kB/s)
#13 44.85 [INFO] Downloading from central: https://repo.maven.apache.org/maven2/org/apache/commons/commons-compress/1.24.0/commons-compress-1.24.0.pom
#13 44.90 [INFO] Downloaded from central: https://repo.maven.apache.org/maven2/org/apache/commons/commons-compress/1.24.0/commons-compress-1.24.0.pom (22 kB at 419 kB/s)
#13 44.91 [INFO] Downloading from central: https://repo.maven.apache.org/maven2/org/apache/commons/commons-parent/61/commons-parent-61.pom
#13 44.96 [INFO] Downloaded from central: https://repo.maven.apache.org/maven2/org/apache/commons/commons-parent/61/commons-parent-61.pom (81 kB at 1.4 MB/s)
#13 44.96 [INFO] Downloading from central: https://repo.maven.apache.org/maven2/org/rnorth/duct-tape/duct-tape/1.0.8/duct-tape-1.0.8.pom
#13 45.07 [INFO] Downloaded from central: https://repo.maven.apache.org/maven2/org/rnorth/duct-tape/duct-tape/1.0.8/duct-tape-1.0.8.pom (6.2 kB at 61 kB/s)
#13 45.07 [INFO] Downloading from central: https://repo.maven.apache.org/maven2/org/jetbrains/annotations/17.0.0/annotations-17.0.0.pom
#13 45.11 [INFO] Downloaded from central: https://repo.maven.apache.org/maven2/org/jetbrains/annotations/17.0.0/annotations-17.0.0.pom (1.4 kB at 29 kB/s)
#13 45.12 [INFO] Downloading from central: https://repo.maven.apache.org/maven2/com/github/docker-java/docker-java-api/3.3.6/docker-java-api-3.3.6.pom
#13 45.19 [INFO] Downloaded from central: https://repo.maven.apache.org/maven2/com/github/docker-java/docker-java-api/3.3.6/docker-java-api-3.3.6.pom (2.4 kB at 33 kB/s)
#13 45.19 [INFO] Downloading from central: https://repo.maven.apache.org/maven2/com/github/docker-java/docker-java-parent/3.3.6/docker-java-parent-3.3.6.pom
#13 45.23 [INFO] Downloaded from central: https://repo.maven.apache.org/maven2/com/github/docker-java/docker-java-parent/3.3.6/docker-java-parent-3.3.6.pom (12 kB at 293 kB/s)
#13 45.23 [INFO] Downloading from central: https://repo.maven.apache.org/maven2/com/fasterxml/jackson/core/jackson-annotations/2.10.3/jackson-annotations-2.10.3.pom
#13 45.29 [INFO] Downloaded from central: https://repo.maven.apache.org/maven2/com/fasterxml/jackson/core/jackson-annotations/2.10.3/jackson-annotations-2.10.3.pom (3.4 kB at 61 kB/s)
#13 45.29 [INFO] Downloading from central: https://repo.maven.apache.org/maven2/com/fasterxml/jackson/jackson-parent/2.10/jackson-parent-2.10.pom
#13 45.35 [INFO] Downloaded from central: https://repo.maven.apache.org/maven2/com/fasterxml/jackson/jackson-parent/2.10/jackson-parent-2.10.pom (8.3 kB at 147 kB/s)
#13 45.35 [INFO] Downloading from central: https://repo.maven.apache.org/maven2/com/fasterxml/oss-parent/38/oss-parent-38.pom
#13 45.43 [INFO] Downloaded from central: https://repo.maven.apache.org/maven2/com/fasterxml/oss-parent/38/oss-parent-38.pom (23 kB at 281 kB/s)
#13 45.43 [INFO] Downloading from central: https://repo.maven.apache.org/maven2/org/slf4j/slf4j-api/1.7.30/slf4j-api-1.7.30.pom
#13 45.47 [INFO] Downloaded from central: https://repo.maven.apache.org/maven2/org/slf4j/slf4j-api/1.7.30/slf4j-api-1.7.30.pom (3.8 kB at 101 kB/s)
#13 45.47 [INFO] Downloading from central: https://repo.maven.apache.org/maven2/org/slf4j/slf4j-parent/1.7.30/slf4j-parent-1.7.30.pom
#13 45.51 [INFO] Downloaded from central: https://repo.maven.apache.org/maven2/org/slf4j/slf4j-parent/1.7.30/slf4j-parent-1.7.30.pom (14 kB at 373 kB/s)
#13 45.51 [INFO] Downloading from central: https://repo.maven.apache.org/maven2/com/github/docker-java/docker-java-transport-zerodep/3.3.6/docker-java-transport-zerodep-3.3.6.pom
#13 45.57 [INFO] Downloaded from central: https://repo.maven.apache.org/maven2/com/github/docker-java/docker-java-transport-zerodep/3.3.6/docker-java-transport-zerodep-3.3.6.pom (4.1 kB at 74 kB/s)
#13 45.57 [INFO] Downloading from central: https://repo.maven.apache.org/maven2/com/github/docker-java/docker-java-transport/3.3.6/docker-java-transport-3.3.6.pom
#13 45.60 [INFO] Downloaded from central: https://repo.maven.apache.org/maven2/com/github/docker-java/docker-java-transport/3.3.6/docker-java-transport-3.3.6.pom (1.6 kB at 47 kB/s)
#13 45.61 [INFO] Downloading from central: https://repo.maven.apache.org/maven2/org/testcontainers/rabbitmq/1.19.8/rabbitmq-1.19.8.jar
#13 45.66 [INFO] Downloaded from central: https://repo.maven.apache.org/maven2/org/testcontainers/rabbitmq/1.19.8/rabbitmq-1.19.8.jar (7.8 kB at 154 kB/s)
#13 45.67 [INFO] Downloading from central: https://repo.maven.apache.org/maven2/org/testcontainers/testcontainers/1.19.8/testcontainers-1.19.8.jar
#13 45.67 [INFO] Downloading from central: https://repo.maven.apache.org/maven2/org/apache/commons/commons-compress/1.24.0/commons-compress-1.24.0.jar
#13 45.67 [INFO] Downloading from central: https://repo.maven.apache.org/maven2/org/rnorth/duct-tape/duct-tape/1.0.8/duct-tape-1.0.8.jar
#13 45.67 [INFO] Downloading from central: https://repo.maven.apache.org/maven2/org/jetbrains/annotations/17.0.0/annotations-17.0.0.jar
#13 45.67 [INFO] Downloading from central: https://repo.maven.apache.org/maven2/com/github/docker-java/docker-java-api/3.3.6/docker-java-api-3.3.6.jar
#13 45.71 [INFO] Downloaded from central: https://repo.maven.apache.org/maven2/org/rnorth/duct-tape/duct-tape/1.0.8/duct-tape-1.0.8.jar (25 kB at 635 kB/s)
#13 45.71 [INFO] Downloading from central: https://repo.maven.apache.org/maven2/com/fasterxml/jackson/core/jackson-annotations/2.10.3/jackson-annotations-2.10.3.jar
#13 45.71 [INFO] Downloaded from central: https://repo.maven.apache.org/maven2/org/jetbrains/annotations/17.0.0/annotations-17.0.0.jar (19 kB at 453 kB/s)
#13 45.71 [INFO] Downloading from central: https://repo.maven.apache.org/maven2/com/github/docker-java/docker-java-transport-zerodep/3.3.6/docker-java-transport-zerodep-3.3.6.jar
#13 45.75 [INFO] Downloaded from central: https://repo.maven.apache.org/maven2/com/fasterxml/jackson/core/jackson-annotations/2.10.3/jackson-annotations-2.10.3.jar (68 kB at 820 kB/s)
#13 45.75 [INFO] Downloading from central: https://repo.maven.apache.org/maven2/com/github/docker-java/docker-java-transport/3.3.6/docker-java-transport-3.3.6.jar
#13 45.81 [INFO] Downloaded from central: https://repo.maven.apache.org/maven2/com/github/docker-java/docker-java-transport/3.3.6/docker-java-transport-3.3.6.jar (38 kB at 274 kB/s)
#13 45.86 [INFO] Downloaded from central: https://repo.maven.apache.org/maven2/com/github/docker-java/docker-java-api/3.3.6/docker-java-api-3.3.6.jar (473 kB at 2.4 MB/s)
#13 45.87 [INFO] Downloaded from central: https://repo.maven.apache.org/maven2/com/github/docker-java/docker-java-transport-zerodep/3.3.6/docker-java-transport-zerodep-3.3.6.jar (2.3 MB at 11 MB/s)
#13 46.01 [INFO] Downloaded from central: https://repo.maven.apache.org/maven2/org/apache/commons/commons-compress/1.24.0/commons-compress-1.24.0.jar (1.1 MB at 3.1 MB/s)
#13 46.96 [INFO] Downloaded from central: https://repo.maven.apache.org/maven2/org/testcontainers/testcontainers/1.19.8/testcontainers-1.19.8.jar (18 MB at 14 MB/s)
#13 46.96 [INFO] Downloading from central: https://repo.maven.apache.org/maven2/io/jsonwebtoken/jjwt-impl/0.12.6/jjwt-impl-0.12.6.pom
#13 47.00 [INFO] Downloaded from central: https://repo.maven.apache.org/maven2/io/jsonwebtoken/jjwt-impl/0.12.6/jjwt-impl-0.12.6.pom (2.5 kB at 82 kB/s)
#13 47.00 [INFO] Downloading from central: https://repo.maven.apache.org/maven2/io/jsonwebtoken/jjwt-root/0.12.6/jjwt-root-0.12.6.pom
#13 47.04 [INFO] Downloaded from central: https://repo.maven.apache.org/maven2/io/jsonwebtoken/jjwt-root/0.12.6/jjwt-root-0.12.6.pom (37 kB at 920 kB/s)
#13 47.04 [INFO] Downloading from central: https://repo.maven.apache.org/maven2/io/jsonwebtoken/jjwt-api/0.12.6/jjwt-api-0.12.6.pom
#13 47.08 [INFO] Downloaded from central: https://repo.maven.apache.org/maven2/io/jsonwebtoken/jjwt-api/0.12.6/jjwt-api-0.12.6.pom (1.8 kB at 43 kB/s)
#13 47.09 [INFO] Downloading from central: https://repo.maven.apache.org/maven2/io/jsonwebtoken/jjwt-impl/0.12.6/jjwt-impl-0.12.6.jar
#13 47.17 [INFO] Downloaded from central: https://repo.maven.apache.org/maven2/io/jsonwebtoken/jjwt-impl/0.12.6/jjwt-impl-0.12.6.jar (473 kB at 5.6 MB/s)
#13 47.17 [INFO] Downloading from central: https://repo.maven.apache.org/maven2/io/jsonwebtoken/jjwt-api/0.12.6/jjwt-api-0.12.6.jar
#13 47.23 [INFO] Downloaded from central: https://repo.maven.apache.org/maven2/io/jsonwebtoken/jjwt-api/0.12.6/jjwt-api-0.12.6.jar (140 kB at 2.6 MB/s)
#13 47.23 [INFO] Downloading from central: https://repo.maven.apache.org/maven2/org/springframework/boot/spring-boot-starter-data-jpa/3.3.4/spring-boot-starter-data-jpa-3.3.4.pom
#13 47.27 [INFO] Downloaded from central: https://repo.maven.apache.org/maven2/org/springframework/boot/spring-boot-starter-data-jpa/3.3.4/spring-boot-starter-data-jpa-3.3.4.pom (2.9 kB at 76 kB/s)
#13 47.27 [INFO] Downloading from central: https://repo.maven.apache.org/maven2/org/springframework/boot/spring-boot-starter-aop/3.3.4/spring-boot-starter-aop-3.3.4.pom
#13 47.30 [INFO] Downloaded from central: https://repo.maven.apache.org/maven2/org/springframework/boot/spring-boot-starter-aop/3.3.4/spring-boot-starter-aop-3.3.4.pom (2.5 kB at 82 kB/s)
#13 47.30 [INFO] Downloading from central: https://repo.maven.apache.org/maven2/org/aspectj/aspectjweaver/1.9.22.1/aspectjweaver-1.9.22.1.pom
#13 47.34 [INFO] Downloaded from central: https://repo.maven.apache.org/maven2/org/aspectj/aspectjweaver/1.9.22.1/aspectjweaver-1.9.22.1.pom (2.2 kB at 56 kB/s)
#13 47.34 [INFO] Downloading from central: https://repo.maven.apache.org/maven2/org/springframework/boot/spring-boot-starter-jdbc/3.3.4/spring-boot-starter-jdbc-3.3.4.pom
#13 47.39 [INFO] Downloaded from central: https://repo.maven.apache.org/maven2/org/springframework/boot/spring-boot-starter-jdbc/3.3.4/spring-boot-starter-jdbc-3.3.4.pom (2.5 kB at 50 kB/s)
#13 47.39 [INFO] Downloading from central: https://repo.maven.apache.org/maven2/com/zaxxer/HikariCP/5.1.0/HikariCP-5.1.0.pom
#13 47.42 [INFO] Downloaded from central: https://repo.maven.apache.org/maven2/com/zaxxer/HikariCP/5.1.0/HikariCP-5.1.0.pom (26 kB at 841 kB/s)
#13 47.43 [INFO] Downloading from central: https://repo.maven.apache.org/maven2/org/springframework/spring-jdbc/6.1.13/spring-jdbc-6.1.13.pom
#13 47.46 [INFO] Downloaded from central: https://repo.maven.apache.org/maven2/org/springframework/spring-jdbc/6.1.13/spring-jdbc-6.1.13.pom (2.4 kB at 61 kB/s)
#13 47.47 [INFO] Downloading from central: https://repo.maven.apache.org/maven2/org/hibernate/orm/hibernate-core/6.5.3.Final/hibernate-core-6.5.3.Final.pom
#13 47.51 [INFO] Downloaded from central: https://repo.maven.apache.org/maven2/org/hibernate/orm/hibernate-core/6.5.3.Final/hibernate-core-6.5.3.Final.pom (5.8 kB at 134 kB/s)
#13 47.51 [INFO] Downloading from central: https://repo.maven.apache.org/maven2/jakarta/persistence/jakarta.persistence-api/3.1.0/jakarta.persistence-api-3.1.0.pom
#13 47.55 [INFO] Downloaded from central: https://repo.maven.apache.org/maven2/jakarta/persistence/jakarta.persistence-api/3.1.0/jakarta.persistence-api-3.1.0.pom (16 kB at 471 kB/s)
#13 47.55 [INFO] Downloading from central: https://repo.maven.apache.org/maven2/jakarta/transaction/jakarta.transaction-api/2.0.1/jakarta.transaction-api-2.0.1.pom
#13 47.59 [INFO] Downloaded from central: https://repo.maven.apache.org/maven2/jakarta/transaction/jakarta.transaction-api/2.0.1/jakarta.transaction-api-2.0.1.pom (14 kB at 325 kB/s)
#13 47.59 [INFO] Downloading from central: https://repo.maven.apache.org/maven2/org/jboss/logging/jboss-logging/3.5.0.Final/jboss-logging-3.5.0.Final.pom
#13 47.64 [INFO] Downloaded from central: https://repo.maven.apache.org/maven2/org/jboss/logging/jboss-logging/3.5.0.Final/jboss-logging-3.5.0.Final.pom (18 kB at 374 kB/s)
#13 47.64 [INFO] Downloading from central: https://repo.maven.apache.org/maven2/org/jboss/jboss-parent/39/jboss-parent-39.pom
#13 47.68 [INFO] Downloaded from central: https://repo.maven.apache.org/maven2/org/jboss/jboss-parent/39/jboss-parent-39.pom (68 kB at 1.5 MB/s)
#13 47.69 [INFO] Downloading from central: https://repo.maven.apache.org/maven2/org/hibernate/common/hibernate-commons-annotations/6.0.6.Final/hibernate-commons-annotations-6.0.6.Final.pom
#13 47.73 [INFO] Downloaded from central: https://repo.maven.apache.org/maven2/org/hibernate/common/hibernate-commons-annotations/6.0.6.Final/hibernate-commons-annotations-6.0.6.Final.pom (2.1 kB at 47 kB/s)
#13 47.73 [INFO] Downloading from central: https://repo.maven.apache.org/maven2/io/smallrye/jandex/3.1.2/jandex-3.1.2.pom
#13 47.77 [INFO] Downloaded from central: https://repo.maven.apache.org/maven2/io/smallrye/jandex/3.1.2/jandex-3.1.2.pom (7.0 kB at 162 kB/s)
#13 47.78 [INFO] Downloading from central: https://repo.maven.apache.org/maven2/io/smallrye/jandex-parent/3.1.2/jandex-parent-3.1.2.pom
#13 47.82 [INFO] Downloaded from central: https://repo.maven.apache.org/maven2/io/smallrye/jandex-parent/3.1.2/jandex-parent-3.1.2.pom (7.2 kB at 152 kB/s)
#13 47.82 [INFO] Downloading from central: https://repo.maven.apache.org/maven2/io/smallrye/smallrye-build-parent/39/smallrye-build-parent-39.pom
#13 47.87 [INFO] Downloaded from central: https://repo.maven.apache.org/maven2/io/smallrye/smallrye-build-parent/39/smallrye-build-parent-39.pom (28 kB at 674 kB/s)
#13 47.87 [INFO] Downloading from central: https://repo.maven.apache.org/maven2/com/fasterxml/classmate/1.5.1/classmate-1.5.1.pom
#13 47.92 [INFO] Downloaded from central: https://repo.maven.apache.org/maven2/com/fasterxml/classmate/1.5.1/classmate-1.5.1.pom (7.3 kB at 148 kB/s)
#13 47.92 [INFO] Downloading from central: https://repo.maven.apache.org/maven2/com/fasterxml/oss-parent/35/oss-parent-35.pom
#13 47.96 [INFO] Downloaded from central: https://repo.maven.apache.org/maven2/com/fasterxml/oss-parent/35/oss-parent-35.pom (23 kB at 518 kB/s)
#13 47.97 [INFO] Downloading from central: https://repo.maven.apache.org/maven2/net/bytebuddy/byte-buddy/1.14.15/byte-buddy-1.14.15.pom
#13 48.00 [INFO] Downloaded from central: https://repo.maven.apache.org/maven2/net/bytebuddy/byte-buddy/1.14.15/byte-buddy-1.14.15.pom (16 kB at 408 kB/s)
#13 48.01 [INFO] Downloading from central: https://repo.maven.apache.org/maven2/net/bytebuddy/byte-buddy-parent/1.14.15/byte-buddy-parent-1.14.15.pom
#13 48.08 [INFO] Downloaded from central: https://repo.maven.apache.org/maven2/net/bytebuddy/byte-buddy-parent/1.14.15/byte-buddy-parent-1.14.15.pom (62 kB at 807 kB/s)
#13 48.09 [INFO] Downloading from central: https://repo.maven.apache.org/maven2/jakarta/xml/bind/jakarta.xml.bind-api/4.0.0/jakarta.xml.bind-api-4.0.0.pom
#13 48.13 [INFO] Downloaded from central: https://repo.maven.apache.org/maven2/jakarta/xml/bind/jakarta.xml.bind-api/4.0.0/jakarta.xml.bind-api-4.0.0.pom (12 kB at 260 kB/s)
#13 48.13 [INFO] Downloading from central: https://repo.maven.apache.org/maven2/jakarta/xml/bind/jakarta.xml.bind-api-parent/4.0.0/jakarta.xml.bind-api-parent-4.0.0.pom
#13 48.18 [INFO] Downloaded from central: https://repo.maven.apache.org/maven2/jakarta/xml/bind/jakarta.xml.bind-api-parent/4.0.0/jakarta.xml.bind-api-parent-4.0.0.pom (9.2 kB at 180 kB/s)
#13 48.18 [INFO] Downloading from central: https://repo.maven.apache.org/maven2/jakarta/activation/jakarta.activation-api/2.1.0/jakarta.activation-api-2.1.0.pom
#13 48.23 [INFO] Downloaded from central: https://repo.maven.apache.org/maven2/jakarta/activation/jakarta.activation-api/2.1.0/jakarta.activation-api-2.1.0.pom (18 kB at 417 kB/s)
#13 48.23 [INFO] Downloading from central: https://repo.maven.apache.org/maven2/org/glassfish/jaxb/jaxb-runtime/4.0.2/jaxb-runtime-4.0.2.pom
#13 48.27 [INFO] Downloaded from central: https://repo.maven.apache.org/maven2/org/glassfish/jaxb/jaxb-runtime/4.0.2/jaxb-runtime-4.0.2.pom (4.8 kB at 127 kB/s)
#13 48.27 [INFO] Downloading from central: https://repo.maven.apache.org/maven2/com/sun/xml/bind/mvn/jaxb-runtime-parent/4.0.2/jaxb-runtime-parent-4.0.2.pom
#13 48.31 [INFO] Downloaded from central: https://repo.maven.apache.org/maven2/com/sun/xml/bind/mvn/jaxb-runtime-parent/4.0.2/jaxb-runtime-parent-4.0.2.pom (1.2 kB at 30 kB/s)
#13 48.31 [INFO] Downloading from central: https://repo.maven.apache.org/maven2/com/sun/xml/bind/mvn/jaxb-parent/4.0.2/jaxb-parent-4.0.2.pom
#13 48.37 [INFO] Downloaded from central: https://repo.maven.apache.org/maven2/com/sun/xml/bind/mvn/jaxb-parent/4.0.2/jaxb-parent-4.0.2.pom (33 kB at 599 kB/s)
#13 48.37 [INFO] Downloading from central: https://repo.maven.apache.org/maven2/com/sun/xml/bind/jaxb-bom-ext/4.0.2/jaxb-bom-ext-4.0.2.pom
#13 48.41 [INFO] Downloaded from central: https://repo.maven.apache.org/maven2/com/sun/xml/bind/jaxb-bom-ext/4.0.2/jaxb-bom-ext-4.0.2.pom (3.5 kB at 94 kB/s)
#13 48.41 [INFO] Downloading from central: https://repo.maven.apache.org/maven2/org/glassfish/jaxb/jaxb-bom/4.0.2/jaxb-bom-4.0.2.pom
#13 48.46 [INFO] Downloaded from central: https://repo.maven.apache.org/maven2/org/glassfish/jaxb/jaxb-bom/4.0.2/jaxb-bom-4.0.2.pom (11 kB at 212 kB/s)
#13 48.46 [INFO] Downloading from central: https://repo.maven.apache.org/maven2/org/eclipse/ee4j/project/1.0.8/project-1.0.8.pom
#13 48.52 [INFO] Downloaded from central: https://repo.maven.apache.org/maven2/org/eclipse/ee4j/project/1.0.8/project-1.0.8.pom (15 kB at 251 kB/s)
#13 48.52 [INFO] Downloading from central: https://repo.maven.apache.org/maven2/org/glassfish/jaxb/jaxb-core/4.0.2/jaxb-core-4.0.2.pom
#13 48.58 [INFO] Downloaded from central: https://repo.maven.apache.org/maven2/org/glassfish/jaxb/jaxb-core/4.0.2/jaxb-core-4.0.2.pom (3.7 kB at 68 kB/s)
#13 48.58 [INFO] Downloading from central: https://repo.maven.apache.org/maven2/jakarta/activation/jakarta.activation-api/2.1.1/jakarta.activation-api-2.1.1.pom
#13 48.63 [INFO] Downloaded from central: https://repo.maven.apache.org/maven2/jakarta/activation/jakarta.activation-api/2.1.1/jakarta.activation-api-2.1.1.pom (18 kB at 391 kB/s)
#13 48.63 [INFO] Downloading from central: https://repo.maven.apache.org/maven2/org/eclipse/angus/angus-activation/2.0.0/angus-activation-2.0.0.pom
#13 48.68 [INFO] Downloaded from central: https://repo.maven.apache.org/maven2/org/eclipse/angus/angus-activation/2.0.0/angus-activation-2.0.0.pom (4.1 kB at 79 kB/s)
#13 48.68 [INFO] Downloading from central: https://repo.maven.apache.org/maven2/org/eclipse/angus/angus-activation-project/2.0.0/angus-activation-project-2.0.0.pom
#13 48.73 [INFO] Downloaded from central: https://repo.maven.apache.org/maven2/org/eclipse/angus/angus-activation-project/2.0.0/angus-activation-project-2.0.0.pom (20 kB at 437 kB/s)
#13 48.73 [INFO] Downloading from central: https://repo.maven.apache.org/maven2/org/glassfish/jaxb/txw2/4.0.2/txw2-4.0.2.pom
#13 48.77 [INFO] Downloaded from central: https://repo.maven.apache.org/maven2/org/glassfish/jaxb/txw2/4.0.2/txw2-4.0.2.pom (1.8 kB at 43 kB/s)
#13 48.77 [INFO] Downloading from central: https://repo.maven.apache.org/maven2/com/sun/xml/bind/mvn/jaxb-txw-parent/4.0.2/jaxb-txw-parent-4.0.2.pom
#13 48.82 [INFO] Downloaded from central: https://repo.maven.apache.org/maven2/com/sun/xml/bind/mvn/jaxb-txw-parent/4.0.2/jaxb-txw-parent-4.0.2.pom (1.2 kB at 26 kB/s)
#13 48.82 [INFO] Downloading from central: https://repo.maven.apache.org/maven2/com/sun/istack/istack-commons-runtime/4.1.1/istack-commons-runtime-4.1.1.pom
#13 48.86 [INFO] Downloaded from central: https://repo.maven.apache.org/maven2/com/sun/istack/istack-commons-runtime/4.1.1/istack-commons-runtime-4.1.1.pom (2.3 kB at 60 kB/s)
#13 48.86 [INFO] Downloading from central: https://repo.maven.apache.org/maven2/com/sun/istack/istack-commons/4.1.1/istack-commons-4.1.1.pom
#13 48.91 [INFO] Downloaded from central: https://repo.maven.apache.org/maven2/com/sun/istack/istack-commons/4.1.1/istack-commons-4.1.1.pom (24 kB at 527 kB/s)
#13 48.91 [INFO] Downloading from central: https://repo.maven.apache.org/maven2/jakarta/inject/jakarta.inject-api/2.0.1/jakarta.inject-api-2.0.1.pom
#13 48.95 [INFO] Downloaded from central: https://repo.maven.apache.org/maven2/jakarta/inject/jakarta.inject-api/2.0.1/jakarta.inject-api-2.0.1.pom (5.9 kB at 144 kB/s)
#13 48.96 [INFO] Downloading from central: https://repo.maven.apache.org/maven2/org/antlr/antlr4-runtime/4.13.0/antlr4-runtime-4.13.0.pom
#13 49.02 [INFO] Downloaded from central: https://repo.maven.apache.org/maven2/org/antlr/antlr4-runtime/4.13.0/antlr4-runtime-4.13.0.pom (3.6 kB at 59 kB/s)
#13 49.02 [INFO] Downloading from central: https://repo.maven.apache.org/maven2/org/antlr/antlr4-master/4.13.0/antlr4-master-4.13.0.pom
#13 49.09 [INFO] Downloaded from central: https://repo.maven.apache.org/maven2/org/antlr/antlr4-master/4.13.0/antlr4-master-4.13.0.pom (4.8 kB at 67 kB/s)
#13 49.09 [INFO] Downloading from central: https://repo.maven.apache.org/maven2/org/springframework/data/spring-data-jpa/3.3.4/spring-data-jpa-3.3.4.pom
#13 49.14 [INFO] Downloaded from central: https://repo.maven.apache.org/maven2/org/springframework/data/spring-data-jpa/3.3.4/spring-data-jpa-3.3.4.pom (11 kB at 209 kB/s)
#13 49.15 [INFO] Downloading from central: https://repo.maven.apache.org/maven2/org/springframework/data/spring-data-jpa-parent/3.3.4/spring-data-jpa-parent-3.3.4.pom
#13 49.19 [INFO] Downloaded from central: https://repo.maven.apache.org/maven2/org/springframework/data/spring-data-jpa-parent/3.3.4/spring-data-jpa-parent-3.3.4.pom (8.2 kB at 183 kB/s)
#13 49.20 [INFO] Downloading from central: https://repo.maven.apache.org/maven2/org/springframework/spring-orm/6.1.13/spring-orm-6.1.13.pom
#13 49.24 [INFO] Downloaded from central: https://repo.maven.apache.org/maven2/org/springframework/spring-orm/6.1.13/spring-orm-6.1.13.pom (2.6 kB at 61 kB/s)
#13 49.25 [INFO] Downloading from central: https://repo.maven.apache.org/maven2/jakarta/annotation/jakarta.annotation-api/2.0.0/jakarta.annotation-api-2.0.0.pom
#13 49.29 [INFO] Downloaded from central: https://repo.maven.apache.org/maven2/jakarta/annotation/jakarta.annotation-api/2.0.0/jakarta.annotation-api-2.0.0.pom (16 kB at 364 kB/s)
#13 49.29 [INFO] Downloading from central: https://repo.maven.apache.org/maven2/org/springframework/spring-aspects/6.1.13/spring-aspects-6.1.13.pom
#13 49.32 [INFO] Downloaded from central: https://repo.maven.apache.org/maven2/org/springframework/spring-aspects/6.1.13/spring-aspects-6.1.13.pom (2.0 kB at 73 kB/s)
#13 49.33 [INFO] Downloading from central: https://repo.maven.apache.org/maven2/org/springframework/boot/spring-boot-starter-data-jpa/3.3.4/spring-boot-starter-data-jpa-3.3.4.jar
#13 49.37 [INFO] Downloaded from central: https://repo.maven.apache.org/maven2/org/springframework/boot/spring-boot-starter-data-jpa/3.3.4/spring-boot-starter-data-jpa-3.3.4.jar (4.8 kB at 113 kB/s)
#13 49.37 [INFO] Downloading from central: https://repo.maven.apache.org/maven2/org/springframework/boot/spring-boot-starter-aop/3.3.4/spring-boot-starter-aop-3.3.4.jar
#13 49.37 [INFO] Downloading from central: https://repo.maven.apache.org/maven2/org/aspectj/aspectjweaver/1.9.22.1/aspectjweaver-1.9.22.1.jar
#13 49.37 [INFO] Downloading from central: https://repo.maven.apache.org/maven2/org/springframework/boot/spring-boot-starter-jdbc/3.3.4/spring-boot-starter-jdbc-3.3.4.jar
#13 49.37 [INFO] Downloading from central: https://repo.maven.apache.org/maven2/com/zaxxer/HikariCP/5.1.0/HikariCP-5.1.0.jar
#13 49.37 [INFO] Downloading from central: https://repo.maven.apache.org/maven2/org/springframework/spring-jdbc/6.1.13/spring-jdbc-6.1.13.jar
#13 49.41 [INFO] Downloaded from central: https://repo.maven.apache.org/maven2/org/springframework/boot/spring-boot-starter-aop/3.3.4/spring-boot-starter-aop-3.3.4.jar (4.8 kB at 108 kB/s)
#13 49.42 [INFO] Downloading from central: https://repo.maven.apache.org/maven2/org/hibernate/orm/hibernate-core/6.5.3.Final/hibernate-core-6.5.3.Final.jar
#13 49.42 [INFO] Downloaded from central: https://repo.maven.apache.org/maven2/org/springframework/boot/spring-boot-starter-jdbc/3.3.4/spring-boot-starter-jdbc-3.3.4.jar (4.8 kB at 108 kB/s)
#13 49.42 [INFO] Downloading from central: https://repo.maven.apache.org/maven2/jakarta/persistence/jakarta.persistence-api/3.1.0/jakarta.persistence-api-3.1.0.jar
#13 49.43 [INFO] Downloaded from central: https://repo.maven.apache.org/maven2/org/springframework/spring-jdbc/6.1.13/spring-jdbc-6.1.13.jar (467 kB at 7.5 MB/s)
#13 49.43 [INFO] Downloading from central: https://repo.maven.apache.org/maven2/jakarta/transaction/jakarta.transaction-api/2.0.1/jakarta.transaction-api-2.0.1.jar
#13 49.46 [INFO] Downloaded from central: https://repo.maven.apache.org/maven2/com/zaxxer/HikariCP/5.1.0/HikariCP-5.1.0.jar (162 kB at 1.8 MB/s)
#13 49.46 [INFO] Downloading from central: https://repo.maven.apache.org/maven2/org/jboss/logging/jboss-logging/3.5.0.Final/jboss-logging-3.5.0.Final.jar
#13 49.47 [INFO] Downloaded from central: https://repo.maven.apache.org/maven2/jakarta/persistence/jakarta.persistence-api/3.1.0/jakarta.persistence-api-3.1.0.jar (165 kB at 1.7 MB/s)
#13 49.47 [INFO] Downloading from central: https://repo.maven.apache.org/maven2/org/hibernate/common/hibernate-commons-annotations/6.0.6.Final/hibernate-commons-annotations-6.0.6.Final.jar
#13 49.49 [INFO] Downloaded from central: https://repo.maven.apache.org/maven2/jakarta/transaction/jakarta.transaction-api/2.0.1/jakarta.transaction-api-2.0.1.jar (29 kB at 249 kB/s)
#13 49.49 [INFO] Downloading from central: https://repo.maven.apache.org/maven2/io/smallrye/jandex/3.1.2/jandex-3.1.2.jar
#13 49.52 [INFO] Downloaded from central: https://repo.maven.apache.org/maven2/org/jboss/logging/jboss-logging/3.5.0.Final/jboss-logging-3.5.0.Final.jar (63 kB at 434 kB/s)
#13 49.52 [INFO] Downloading from central: https://repo.maven.apache.org/maven2/com/fasterxml/classmate/1.5.1/classmate-1.5.1.jar
#13 49.54 [INFO] Downloaded from central: https://repo.maven.apache.org/maven2/org/hibernate/common/hibernate-commons-annotations/6.0.6.Final/hibernate-commons-annotations-6.0.6.Final.jar (68 kB at 401 kB/s)
#13 49.54 [INFO] Downloading from central: https://repo.maven.apache.org/maven2/net/bytebuddy/byte-buddy/1.14.15/byte-buddy-1.14.15.jar
#13 49.56 [INFO] Downloaded from central: https://repo.maven.apache.org/maven2/io/smallrye/jandex/3.1.2/jandex-3.1.2.jar (327 kB at 1.8 MB/s)
#13 49.56 [INFO] Downloading from central: https://repo.maven.apache.org/maven2/jakarta/xml/bind/jakarta.xml.bind-api/4.0.0/jakarta.xml.bind-api-4.0.0.jar
#13 49.62 [INFO] Downloaded from central: https://repo.maven.apache.org/maven2/com/fasterxml/classmate/1.5.1/classmate-1.5.1.jar (68 kB at 269 kB/s)
#13 49.62 [INFO] Downloading from central: https://repo.maven.apache.org/maven2/jakarta/activation/jakarta.activation-api/2.1.0/jakarta.activation-api-2.1.0.jar
#13 49.68 [INFO] Downloaded from central: https://repo.maven.apache.org/maven2/jakarta/xml/bind/jakarta.xml.bind-api/4.0.0/jakarta.xml.bind-api-4.0.0.jar (127 kB at 420 kB/s)
#13 49.68 [INFO] Downloading from central: https://repo.maven.apache.org/maven2/org/glassfish/jaxb/jaxb-runtime/4.0.2/jaxb-runtime-4.0.2.jar
#13 49.74 [INFO] Downloaded from central: https://repo.maven.apache.org/maven2/jakarta/activation/jakarta.activation-api/2.1.0/jakarta.activation-api-2.1.0.jar (63 kB at 172 kB/s)
#13 49.74 [INFO] Downloading from central: https://repo.maven.apache.org/maven2/org/glassfish/jaxb/jaxb-core/4.0.2/jaxb-core-4.0.2.jar
#13 49.90 [INFO] Downloaded from central: https://repo.maven.apache.org/maven2/org/glassfish/jaxb/jaxb-runtime/4.0.2/jaxb-runtime-4.0.2.jar (908 kB at 1.7 MB/s)
#13 49.90 [INFO] Downloading from central: https://repo.maven.apache.org/maven2/org/eclipse/angus/angus-activation/2.0.0/angus-activation-2.0.0.jar
#13 49.96 [INFO] Downloaded from central: https://repo.maven.apache.org/maven2/org/glassfish/jaxb/jaxb-core/4.0.2/jaxb-core-4.0.2.jar (139 kB at 235 kB/s)
#13 49.96 [INFO] Downloading from central: https://repo.maven.apache.org/maven2/org/glassfish/jaxb/txw2/4.0.2/txw2-4.0.2.jar
#13 49.97 [INFO] Downloaded from central: https://repo.maven.apache.org/maven2/org/eclipse/angus/angus-activation/2.0.0/angus-activation-2.0.0.jar (27 kB at 46 kB/s)
#13 49.97 [INFO] Downloading from central: https://repo.maven.apache.org/maven2/com/sun/istack/istack-commons-runtime/4.1.1/istack-commons-runtime-4.1.1.jar
#13 49.98 [INFO] Downloaded from central: https://repo.maven.apache.org/maven2/org/aspectj/aspectjweaver/1.9.22.1/aspectjweaver-1.9.22.1.jar (2.2 MB at 3.6 MB/s)
#13 49.98 [INFO] Downloading from central: https://repo.maven.apache.org/maven2/jakarta/inject/jakarta.inject-api/2.0.1/jakarta.inject-api-2.0.1.jar
#13 50.00 [INFO] Downloaded from central: https://repo.maven.apache.org/maven2/net/bytebuddy/byte-buddy/1.14.15/byte-buddy-1.14.15.jar (4.2 MB at 6.7 MB/s)
#13 50.00 [INFO] Downloading from central: https://repo.maven.apache.org/maven2/org/antlr/antlr4-runtime/4.13.0/antlr4-runtime-4.13.0.jar
#13 50.04 [INFO] Downloaded from central: https://repo.maven.apache.org/maven2/org/hibernate/orm/hibernate-core/6.5.3.Final/hibernate-core-6.5.3.Final.jar (12 MB at 18 MB/s)
#13 50.04 [INFO] Downloading from central: https://repo.maven.apache.org/maven2/org/springframework/data/spring-data-jpa/3.3.4/spring-data-jpa-3.3.4.jar
#13 50.05 [INFO] Downloaded from central: https://repo.maven.apache.org/maven2/jakarta/inject/jakarta.inject-api/2.0.1/jakarta.inject-api-2.0.1.jar (11 kB at 16 kB/s)
#13 50.05 [INFO] Downloading from central: https://repo.maven.apache.org/maven2/org/springframework/spring-orm/6.1.13/spring-orm-6.1.13.jar
#13 50.05 [INFO] Downloaded from central: https://repo.maven.apache.org/maven2/com/sun/istack/istack-commons-runtime/4.1.1/istack-commons-runtime-4.1.1.jar (26 kB at 38 kB/s)
#13 50.05 [INFO] Downloading from central: https://repo.maven.apache.org/maven2/jakarta/annotation/jakarta.annotation-api/2.0.0/jakarta.annotation-api-2.0.0.jar
#13 50.07 [INFO] Downloaded from central: https://repo.maven.apache.org/maven2/org/antlr/antlr4-runtime/4.13.0/antlr4-runtime-4.13.0.jar (326 kB at 470 kB/s)
#13 50.07 [INFO] Downloading from central: https://repo.maven.apache.org/maven2/org/springframework/spring-aspects/6.1.13/spring-aspects-6.1.13.jar
#13 50.09 [INFO] Downloaded from central: https://repo.maven.apache.org/maven2/jakarta/annotation/jakarta.annotation-api/2.0.0/jakarta.annotation-api-2.0.0.jar (25 kB at 35 kB/s)
#13 50.12 [INFO] Downloaded from central: https://repo.maven.apache.org/maven2/org/springframework/spring-aspects/6.1.13/spring-aspects-6.1.13.jar (50 kB at 66 kB/s)
#13 50.13 [INFO] Downloaded from central: https://repo.maven.apache.org/maven2/org/springframework/spring-orm/6.1.13/spring-orm-6.1.13.jar (238 kB at 313 kB/s)
#13 50.13 [INFO] Downloaded from central: https://repo.maven.apache.org/maven2/org/springframework/data/spring-data-jpa/3.3.4/spring-data-jpa-3.3.4.jar (1.5 MB at 2.0 MB/s)
#13 50.23 [INFO] Downloaded from central: https://repo.maven.apache.org/maven2/org/glassfish/jaxb/txw2/4.0.2/txw2-4.0.2.jar (73 kB at 85 kB/s)
#13 50.25 [INFO] Downloading from central: https://repo.maven.apache.org/maven2/org/mapstruct/mapstruct/1.5.5.Final/mapstruct-1.5.5.Final.pom
#13 50.29 [INFO] Downloaded from central: https://repo.maven.apache.org/maven2/org/mapstruct/mapstruct/1.5.5.Final/mapstruct-1.5.5.Final.pom (1.8 kB at 41 kB/s)
#13 50.29 [INFO] Downloading from central: https://repo.maven.apache.org/maven2/org/mapstruct/mapstruct-parent/1.5.5.Final/mapstruct-parent-1.5.5.Final.pom
#13 50.33 [INFO] Downloaded from central: https://repo.maven.apache.org/maven2/org/mapstruct/mapstruct-parent/1.5.5.Final/mapstruct-parent-1.5.5.Final.pom (1.6 kB at 37 kB/s)
#13 50.34 [INFO] Downloading from central: https://repo.maven.apache.org/maven2/org/mapstruct/mapstruct/1.5.5.Final/mapstruct-1.5.5.Final.jar
#13 50.38 [INFO] Downloaded from central: https://repo.maven.apache.org/maven2/org/mapstruct/mapstruct/1.5.5.Final/mapstruct-1.5.5.Final.jar (29 kB at 651 kB/s)
#13 50.38 [INFO] Downloading from central: https://repo.maven.apache.org/maven2/org/springframework/boot/spring-boot-starter-actuator/3.3.4/spring-boot-starter-actuator-3.3.4.pom
#13 50.43 [INFO] Downloaded from central: https://repo.maven.apache.org/maven2/org/springframework/boot/spring-boot-starter-actuator/3.3.4/spring-boot-starter-actuator-3.3.4.pom (2.8 kB at 64 kB/s)
#13 50.43 [INFO] Downloading from central: https://repo.maven.apache.org/maven2/org/springframework/boot/spring-boot-actuator-autoconfigure/3.3.4/spring-boot-actuator-autoconfigure-3.3.4.pom
#13 50.46 [INFO] Downloaded from central: https://repo.maven.apache.org/maven2/org/springframework/boot/spring-boot-actuator-autoconfigure/3.3.4/spring-boot-actuator-autoconfigure-3.3.4.pom (2.9 kB at 85 kB/s)
#13 50.46 [INFO] Downloading from central: https://repo.maven.apache.org/maven2/org/springframework/boot/spring-boot-actuator/3.3.4/spring-boot-actuator-3.3.4.pom
#13 50.51 [INFO] Downloaded from central: https://repo.maven.apache.org/maven2/org/springframework/boot/spring-boot-actuator/3.3.4/spring-boot-actuator-3.3.4.pom (2.0 kB at 46 kB/s)
#13 50.51 [INFO] Downloading from central: https://repo.maven.apache.org/maven2/com/fasterxml/jackson/core/jackson-databind/2.17.2/jackson-databind-2.17.2.pom
#13 50.55 [INFO] Downloaded from central: https://repo.maven.apache.org/maven2/com/fasterxml/jackson/core/jackson-databind/2.17.2/jackson-databind-2.17.2.pom (21 kB at 506 kB/s)
#13 50.55 [INFO] Downloading from central: https://repo.maven.apache.org/maven2/com/fasterxml/jackson/jackson-base/2.17.2/jackson-base-2.17.2.pom
#13 50.58 [INFO] Downloaded from central: https://repo.maven.apache.org/maven2/com/fasterxml/jackson/jackson-base/2.17.2/jackson-base-2.17.2.pom (12 kB at 380 kB/s)
#13 50.59 [INFO] Downloading from central: https://repo.maven.apache.org/maven2/com/fasterxml/jackson/core/jackson-annotations/2.17.2/jackson-annotations-2.17.2.pom
#13 50.64 [INFO] Downloaded from central: https://repo.maven.apache.org/maven2/com/fasterxml/jackson/core/jackson-annotations/2.17.2/jackson-annotations-2.17.2.pom (7.1 kB at 138 kB/s)
#13 50.64 [INFO] Downloading from central: https://repo.maven.apache.org/maven2/com/fasterxml/jackson/core/jackson-core/2.17.2/jackson-core-2.17.2.pom
#13 50.68 [INFO] Downloaded from central: https://repo.maven.apache.org/maven2/com/fasterxml/jackson/core/jackson-core/2.17.2/jackson-core-2.17.2.pom (9.6 kB at 247 kB/s)
#13 50.68 [INFO] Downloading from central: https://repo.maven.apache.org/maven2/com/fasterxml/jackson/datatype/jackson-datatype-jsr310/2.17.2/jackson-datatype-jsr310-2.17.2.pom
#13 50.73 [INFO] Downloaded from central: https://repo.maven.apache.org/maven2/com/fasterxml/jackson/datatype/jackson-datatype-jsr310/2.17.2/jackson-datatype-jsr310-2.17.2.pom (4.9 kB at 112 kB/s)
#13 50.73 [INFO] Downloading from central: https://repo.maven.apache.org/maven2/com/fasterxml/jackson/module/jackson-modules-java8/2.17.2/jackson-modules-java8-2.17.2.pom
#13 50.76 [INFO] Downloaded from central: https://repo.maven.apache.org/maven2/com/fasterxml/jackson/module/jackson-modules-java8/2.17.2/jackson-modules-java8-2.17.2.pom (3.1 kB at 111 kB/s)
#13 50.76 [INFO] Downloading from central: https://repo.maven.apache.org/maven2/io/micrometer/micrometer-observation/1.13.4/micrometer-observation-1.13.4.pom
#13 50.80 [INFO] Downloaded from central: https://repo.maven.apache.org/maven2/io/micrometer/micrometer-observation/1.13.4/micrometer-observation-1.13.4.pom (3.8 kB at 89 kB/s)
#13 50.81 [INFO] Downloading from central: https://repo.maven.apache.org/maven2/io/micrometer/micrometer-commons/1.13.4/micrometer-commons-1.13.4.pom
#13 50.85 [INFO] Downloaded from central: https://repo.maven.apache.org/maven2/io/micrometer/micrometer-commons/1.13.4/micrometer-commons-1.13.4.pom (3.4 kB at 83 kB/s)
#13 50.85 [INFO] Downloading from central: https://repo.maven.apache.org/maven2/io/micrometer/micrometer-jakarta9/1.13.4/micrometer-jakarta9-1.13.4.pom
#13 50.89 [INFO] Downloaded from central: https://repo.maven.apache.org/maven2/io/micrometer/micrometer-jakarta9/1.13.4/micrometer-jakarta9-1.13.4.pom (3.8 kB at 84 kB/s)
#13 50.90 [INFO] Downloading from central: https://repo.maven.apache.org/maven2/io/micrometer/micrometer-core/1.13.4/micrometer-core-1.13.4.pom
#13 50.94 [INFO] Downloaded from central: https://repo.maven.apache.org/maven2/io/micrometer/micrometer-core/1.13.4/micrometer-core-1.13.4.pom (11 kB at 242 kB/s)
#13 50.94 [INFO] Downloading from central: https://repo.maven.apache.org/maven2/org/hdrhistogram/HdrHistogram/2.2.2/HdrHistogram-2.2.2.pom
#13 50.98 [INFO] Downloaded from central: https://repo.maven.apache.org/maven2/org/hdrhistogram/HdrHistogram/2.2.2/HdrHistogram-2.2.2.pom (13 kB at 362 kB/s)
#13 50.98 [INFO] Downloading from central: https://repo.maven.apache.org/maven2/org/latencyutils/LatencyUtils/2.0.3/LatencyUtils-2.0.3.pom
#13 51.03 [INFO] Downloaded from central: https://repo.maven.apache.org/maven2/org/latencyutils/LatencyUtils/2.0.3/LatencyUtils-2.0.3.pom (7.2 kB at 148 kB/s)
#13 51.03 [INFO] Downloading from central: https://repo.maven.apache.org/maven2/org/springframework/boot/spring-boot-starter-actuator/3.3.4/spring-boot-starter-actuator-3.3.4.jar
#13 51.08 [INFO] Downloaded from central: https://repo.maven.apache.org/maven2/org/springframework/boot/spring-boot-starter-actuator/3.3.4/spring-boot-starter-actuator-3.3.4.jar (4.8 kB at 92 kB/s)
#13 51.09 [INFO] Downloading from central: https://repo.maven.apache.org/maven2/org/springframework/boot/spring-boot-actuator-autoconfigure/3.3.4/spring-boot-actuator-autoconfigure-3.3.4.jar
#13 51.09 [INFO] Downloading from central: https://repo.maven.apache.org/maven2/org/springframework/boot/spring-boot-actuator/3.3.4/spring-boot-actuator-3.3.4.jar
#13 51.09 [INFO] Downloading from central: https://repo.maven.apache.org/maven2/com/fasterxml/jackson/core/jackson-databind/2.17.2/jackson-databind-2.17.2.jar
#13 51.09 [INFO] Downloading from central: https://repo.maven.apache.org/maven2/com/fasterxml/jackson/core/jackson-annotations/2.17.2/jackson-annotations-2.17.2.jar
#13 51.09 [INFO] Downloading from central: https://repo.maven.apache.org/maven2/com/fasterxml/jackson/core/jackson-core/2.17.2/jackson-core-2.17.2.jar
#13 51.26 [INFO] Downloaded from central: https://repo.maven.apache.org/maven2/com/fasterxml/jackson/core/jackson-annotations/2.17.2/jackson-annotations-2.17.2.jar (78 kB at 462 kB/s)
#13 51.26 [INFO] Downloading from central: https://repo.maven.apache.org/maven2/com/fasterxml/jackson/datatype/jackson-datatype-jsr310/2.17.2/jackson-datatype-jsr310-2.17.2.jar
#13 51.30 [INFO] Downloaded from central: https://repo.maven.apache.org/maven2/com/fasterxml/jackson/core/jackson-core/2.17.2/jackson-core-2.17.2.jar (582 kB at 2.7 MB/s)
#13 51.30 [INFO] Downloading from central: https://repo.maven.apache.org/maven2/io/micrometer/micrometer-observation/1.13.4/micrometer-observation-1.13.4.jar
#13 51.32 [INFO] Downloaded from central: https://repo.maven.apache.org/maven2/com/fasterxml/jackson/datatype/jackson-datatype-jsr310/2.17.2/jackson-datatype-jsr310-2.17.2.jar (132 kB at 565 kB/s)
#13 51.32 [INFO] Downloading from central: https://repo.maven.apache.org/maven2/io/micrometer/micrometer-commons/1.13.4/micrometer-commons-1.13.4.jar
#13 51.34 [INFO] Downloaded from central: https://repo.maven.apache.org/maven2/org/springframework/boot/spring-boot-actuator/3.3.4/spring-boot-actuator-3.3.4.jar (676 kB at 2.7 MB/s)
#13 51.34 [INFO] Downloading from central: https://repo.maven.apache.org/maven2/io/micrometer/micrometer-jakarta9/1.13.4/micrometer-jakarta9-1.13.4.jar
#13 51.35 [INFO] Downloaded from central: https://repo.maven.apache.org/maven2/org/springframework/boot/spring-boot-actuator-autoconfigure/3.3.4/spring-boot-actuator-autoconfigure-3.3.4.jar (778 kB at 2.9 MB/s)
#13 51.35 [INFO] Downloading from central: https://repo.maven.apache.org/maven2/io/micrometer/micrometer-core/1.13.4/micrometer-core-1.13.4.jar
#13 51.35 [INFO] Downloaded from central: https://repo.maven.apache.org/maven2/io/micrometer/micrometer-observation/1.13.4/micrometer-observation-1.13.4.jar (72 kB at 271 kB/s)
#13 51.35 [INFO] Downloading from central: https://repo.maven.apache.org/maven2/org/hdrhistogram/HdrHistogram/2.2.2/HdrHistogram-2.2.2.jar
#13 51.37 [INFO] Downloaded from central: https://repo.maven.apache.org/maven2/io/micrometer/micrometer-jakarta9/1.13.4/micrometer-jakarta9-1.13.4.jar (32 kB at 114 kB/s)
#13 51.37 [INFO] Downloading from central: https://repo.maven.apache.org/maven2/org/latencyutils/LatencyUtils/2.0.3/LatencyUtils-2.0.3.jar
#13 51.37 [INFO] Downloaded from central: https://repo.maven.apache.org/maven2/io/micrometer/micrometer-commons/1.13.4/micrometer-commons-1.13.4.jar (48 kB at 166 kB/s)
#13 51.41 [INFO] Downloaded from central: https://repo.maven.apache.org/maven2/org/hdrhistogram/HdrHistogram/2.2.2/HdrHistogram-2.2.2.jar (177 kB at 552 kB/s)
#13 51.41 [INFO] Downloaded from central: https://repo.maven.apache.org/maven2/com/fasterxml/jackson/core/jackson-databind/2.17.2/jackson-databind-2.17.2.jar (1.6 MB at 5.1 MB/s)
#13 51.41 [INFO] Downloaded from central: https://repo.maven.apache.org/maven2/org/latencyutils/LatencyUtils/2.0.3/LatencyUtils-2.0.3.jar (30 kB at 91 kB/s)
#13 51.45 [INFO] Downloaded from central: https://repo.maven.apache.org/maven2/io/micrometer/micrometer-core/1.13.4/micrometer-core-1.13.4.jar (862 kB at 2.4 MB/s)
#13 51.45 [INFO] Downloading from central: https://repo.maven.apache.org/maven2/org/testcontainers/postgresql/1.19.8/postgresql-1.19.8.pom
#13 51.49 [INFO] Downloaded from central: https://repo.maven.apache.org/maven2/org/testcontainers/postgresql/1.19.8/postgresql-1.19.8.pom (1.5 kB at 45 kB/s)
#13 51.49 [INFO] Downloading from central: https://repo.maven.apache.org/maven2/org/testcontainers/jdbc/1.19.8/jdbc-1.19.8.pom
#13 51.53 [INFO] Downloaded from central: https://repo.maven.apache.org/maven2/org/testcontainers/jdbc/1.19.8/jdbc-1.19.8.pom (1.5 kB at 40 kB/s)
#13 51.53 [INFO] Downloading from central: https://repo.maven.apache.org/maven2/org/testcontainers/database-commons/1.19.8/database-commons-1.19.8.pom
#13 51.56 [INFO] Downloaded from central: https://repo.maven.apache.org/maven2/org/testcontainers/database-commons/1.19.8/database-commons-1.19.8.pom (1.5 kB at 46 kB/s)
#13 51.57 [INFO] Downloading from central: https://repo.maven.apache.org/maven2/org/testcontainers/postgresql/1.19.8/postgresql-1.19.8.jar
#13 51.60 [INFO] Downloaded from central: https://repo.maven.apache.org/maven2/org/testcontainers/postgresql/1.19.8/postgresql-1.19.8.jar (9.8 kB at 326 kB/s)
#13 51.60 [INFO] Downloading from central: https://repo.maven.apache.org/maven2/org/testcontainers/jdbc/1.19.8/jdbc-1.19.8.jar
#13 51.60 [INFO] Downloading from central: https://repo.maven.apache.org/maven2/org/testcontainers/database-commons/1.19.8/database-commons-1.19.8.jar
#13 51.64 [INFO] Downloaded from central: https://repo.maven.apache.org/maven2/org/testcontainers/database-commons/1.19.8/database-commons-1.19.8.jar (15 kB at 343 kB/s)
#13 51.64 [INFO] Downloaded from central: https://repo.maven.apache.org/maven2/org/testcontainers/jdbc/1.19.8/jdbc-1.19.8.jar (29 kB at 665 kB/s)
#13 51.65 [INFO] Downloading from central: https://repo.maven.apache.org/maven2/org/springframework/boot/spring-boot-starter-amqp/3.3.4/spring-boot-starter-amqp-3.3.4.pom
#13 51.69 [INFO] Downloaded from central: https://repo.maven.apache.org/maven2/org/springframework/boot/spring-boot-starter-amqp/3.3.4/spring-boot-starter-amqp-3.3.4.pom (2.5 kB at 54 kB/s)
#13 51.69 [INFO] Downloading from central: https://repo.maven.apache.org/maven2/org/springframework/spring-messaging/6.1.13/spring-messaging-6.1.13.pom
#13 51.73 [INFO] Downloaded from central: https://repo.maven.apache.org/maven2/org/springframework/spring-messaging/6.1.13/spring-messaging-6.1.13.pom (2.2 kB at 57 kB/s)
#13 51.74 [INFO] Downloading from central: https://repo.maven.apache.org/maven2/org/springframework/amqp/spring-rabbit/3.1.7/spring-rabbit-3.1.7.pom
#13 51.78 [INFO] Downloaded from central: https://repo.maven.apache.org/maven2/org/springframework/amqp/spring-rabbit/3.1.7/spring-rabbit-3.1.7.pom (7.0 kB at 167 kB/s)
#13 51.78 [INFO] Downloading from central: https://repo.maven.apache.org/maven2/org/springframework/amqp/spring-amqp/3.1.7/spring-amqp-3.1.7.pom
#13 51.82 [INFO] Downloaded from central: https://repo.maven.apache.org/maven2/org/springframework/amqp/spring-amqp/3.1.7/spring-amqp-3.1.7.pom (7.1 kB at 186 kB/s)
#13 51.82 [INFO] Downloading from central: https://repo.maven.apache.org/maven2/org/springframework/retry/spring-retry/2.0.8/spring-retry-2.0.8.pom
#13 51.86 [INFO] Downloaded from central: https://repo.maven.apache.org/maven2/org/springframework/retry/spring-retry/2.0.8/spring-retry-2.0.8.pom (9.1 kB at 233 kB/s)
#13 51.86 [INFO] Downloading from central: https://repo.maven.apache.org/maven2/org/springframework/spring-framework-bom/6.0.23/spring-framework-bom-6.0.23.pom
#13 51.89 [INFO] Downloaded from central: https://repo.maven.apache.org/maven2/org/springframework/spring-framework-bom/6.0.23/spring-framework-bom-6.0.23.pom (5.8 kB at 171 kB/s)
#13 51.90 [INFO] Downloading from central: https://repo.maven.apache.org/maven2/com/rabbitmq/amqp-client/5.19.0/amqp-client-5.19.0.pom
#13 51.94 [INFO] Downloaded from central: https://repo.maven.apache.org/maven2/com/rabbitmq/amqp-client/5.19.0/amqp-client-5.19.0.pom (41 kB at 1.0 MB/s)
#13 51.94 [INFO] Downloading from central: https://repo.maven.apache.org/maven2/org/springframework/spring-messaging/6.1.12/spring-messaging-6.1.12.pom
#13 51.98 [INFO] Downloaded from central: https://repo.maven.apache.org/maven2/org/springframework/spring-messaging/6.1.12/spring-messaging-6.1.12.pom (2.2 kB at 62 kB/s)
#13 51.98 [INFO] Downloading from central: https://repo.maven.apache.org/maven2/org/springframework/spring-tx/6.1.12/spring-tx-6.1.12.pom
#13 52.02 [INFO] Downloaded from central: https://repo.maven.apache.org/maven2/org/springframework/spring-tx/6.1.12/spring-tx-6.1.12.pom (2.2 kB at 60 kB/s)
#13 52.02 [INFO] Downloading from central: https://repo.maven.apache.org/maven2/org/springframework/boot/spring-boot-starter-amqp/3.3.4/spring-boot-starter-amqp-3.3.4.jar
#13 52.06 [INFO] Downloaded from central: https://repo.maven.apache.org/maven2/org/springframework/boot/spring-boot-starter-amqp/3.3.4/spring-boot-starter-amqp-3.3.4.jar (4.8 kB at 116 kB/s)
#13 52.06 [INFO] Downloading from central: https://repo.maven.apache.org/maven2/org/springframework/spring-messaging/6.1.13/spring-messaging-6.1.13.jar
#13 52.06 [INFO] Downloading from central: https://repo.maven.apache.org/maven2/org/springframework/amqp/spring-rabbit/3.1.7/spring-rabbit-3.1.7.jar
#13 52.06 [INFO] Downloading from central: https://repo.maven.apache.org/maven2/org/springframework/amqp/spring-amqp/3.1.7/spring-amqp-3.1.7.jar
#13 52.07 [INFO] Downloading from central: https://repo.maven.apache.org/maven2/org/springframework/retry/spring-retry/2.0.8/spring-retry-2.0.8.jar
#13 52.07 [INFO] Downloading from central: https://repo.maven.apache.org/maven2/com/rabbitmq/amqp-client/5.19.0/amqp-client-5.19.0.jar
#13 52.12 [INFO] Downloaded from central: https://repo.maven.apache.org/maven2/org/springframework/retry/spring-retry/2.0.8/spring-retry-2.0.8.jar (156 kB at 2.7 MB/s)
#13 52.12 [INFO] Downloading from central: https://repo.maven.apache.org/maven2/org/springframework/spring-tx/6.1.12/spring-tx-6.1.12.jar
#13 52.13 [INFO] Downloaded from central: https://repo.maven.apache.org/maven2/org/springframework/amqp/spring-amqp/3.1.7/spring-amqp-3.1.7.jar (159 kB at 2.6 MB/s)
#13 52.15 [INFO] Downloaded from central: https://repo.maven.apache.org/maven2/com/rabbitmq/amqp-client/5.19.0/amqp-client-5.19.0.jar (697 kB at 7.7 MB/s)
#13 52.18 [INFO] Downloaded from central: https://repo.maven.apache.org/maven2/org/springframework/amqp/spring-rabbit/3.1.7/spring-rabbit-3.1.7.jar (620 kB at 5.4 MB/s)
#13 52.19 [INFO] Downloaded from central: https://repo.maven.apache.org/maven2/org/springframework/spring-tx/6.1.12/spring-tx-6.1.12.jar (282 kB at 2.2 MB/s)
#13 52.22 [INFO] Downloaded from central: https://repo.maven.apache.org/maven2/org/springframework/spring-messaging/6.1.13/spring-messaging-6.1.13.jar (615 kB at 3.8 MB/s)
#13 52.23 [INFO] Downloading from central: https://repo.maven.apache.org/maven2/io/jsonwebtoken/jjwt-jackson/0.12.6/jjwt-jackson-0.12.6.pom
#13 52.27 [INFO] Downloaded from central: https://repo.maven.apache.org/maven2/io/jsonwebtoken/jjwt-jackson/0.12.6/jjwt-jackson-0.12.6.pom (2.9 kB at 78 kB/s)
#13 52.27 [INFO] Downloading from central: https://repo.maven.apache.org/maven2/com/fasterxml/jackson/core/jackson-databind/2.12.7.1/jackson-databind-2.12.7.1.pom
#13 52.31 [INFO] Downloaded from central: https://repo.maven.apache.org/maven2/com/fasterxml/jackson/core/jackson-databind/2.12.7.1/jackson-databind-2.12.7.1.pom (15 kB at 343 kB/s)
#13 52.31 [INFO] Downloading from central: https://repo.maven.apache.org/maven2/com/fasterxml/jackson/jackson-base/2.12.7/jackson-base-2.12.7.pom
#13 52.35 [INFO] Downloaded from central: https://repo.maven.apache.org/maven2/com/fasterxml/jackson/jackson-base/2.12.7/jackson-base-2.12.7.pom (9.3 kB at 265 kB/s)
#13 52.35 [INFO] Downloading from central: https://repo.maven.apache.org/maven2/com/fasterxml/jackson/jackson-bom/2.12.7/jackson-bom-2.12.7.pom
#13 52.39 [INFO] Downloaded from central: https://repo.maven.apache.org/maven2/com/fasterxml/jackson/jackson-bom/2.12.7/jackson-bom-2.12.7.pom (17 kB at 492 kB/s)
#13 52.39 [INFO] Downloading from central: https://repo.maven.apache.org/maven2/com/fasterxml/jackson/jackson-parent/2.12/jackson-parent-2.12.pom
#13 52.43 [INFO] Downloaded from central: https://repo.maven.apache.org/maven2/com/fasterxml/jackson/jackson-parent/2.12/jackson-parent-2.12.pom (7.5 kB at 193 kB/s)
#13 52.43 [INFO] Downloading from central: https://repo.maven.apache.org/maven2/com/fasterxml/oss-parent/41/oss-parent-41.pom
#13 52.48 [INFO] Downloaded from central: https://repo.maven.apache.org/maven2/com/fasterxml/oss-parent/41/oss-parent-41.pom (23 kB at 487 kB/s)
#13 52.48 [INFO] Downloading from central: https://repo.maven.apache.org/maven2/com/fasterxml/jackson/core/jackson-annotations/2.12.7/jackson-annotations-2.12.7.pom
#13 52.53 [INFO] Downloaded from central: https://repo.maven.apache.org/maven2/com/fasterxml/jackson/core/jackson-annotations/2.12.7/jackson-annotations-2.12.7.pom (6.0 kB at 116 kB/s)
#13 52.53 [INFO] Downloading from central: https://repo.maven.apache.org/maven2/com/fasterxml/jackson/core/jackson-core/2.12.7/jackson-core-2.12.7.pom
#13 52.57 [INFO] Downloaded from central: https://repo.maven.apache.org/maven2/com/fasterxml/jackson/core/jackson-core/2.12.7/jackson-core-2.12.7.pom (5.5 kB at 135 kB/s)
#13 52.58 [INFO] Downloading from central: https://repo.maven.apache.org/maven2/io/jsonwebtoken/jjwt-jackson/0.12.6/jjwt-jackson-0.12.6.jar
#13 52.62 [INFO] Downloaded from central: https://repo.maven.apache.org/maven2/io/jsonwebtoken/jjwt-jackson/0.12.6/jjwt-jackson-0.12.6.jar (9.4 kB at 225 kB/s)
#13 52.62 [INFO] Downloading from central: https://repo.maven.apache.org/maven2/com/fasterxml/jackson/core/jackson-databind/2.12.7.1/jackson-databind-2.12.7.1.jar
#13 52.62 [INFO] Downloading from central: https://repo.maven.apache.org/maven2/com/fasterxml/jackson/core/jackson-annotations/2.12.7/jackson-annotations-2.12.7.jar
#13 52.62 [INFO] Downloading from central: https://repo.maven.apache.org/maven2/com/fasterxml/jackson/core/jackson-core/2.12.7/jackson-core-2.12.7.jar
#13 52.76 [INFO] Downloaded from central: https://repo.maven.apache.org/maven2/com/fasterxml/jackson/core/jackson-annotations/2.12.7/jackson-annotations-2.12.7.jar (76 kB at 529 kB/s)
#13 52.85 [INFO] Downloaded from central: https://repo.maven.apache.org/maven2/com/fasterxml/jackson/core/jackson-core/2.12.7/jackson-core-2.12.7.jar (366 kB at 1.6 MB/s)
#13 52.93 [INFO] Downloaded from central: https://repo.maven.apache.org/maven2/com/fasterxml/jackson/core/jackson-databind/2.12.7.1/jackson-databind-2.12.7.1.jar (1.5 MB at 4.8 MB/s)
#13 52.94 [INFO] Downloading from central: https://repo.maven.apache.org/maven2/org/springdoc/springdoc-openapi-starter-webmvc-ui/2.6.0/springdoc-openapi-starter-webmvc-ui-2.6.0.pom
#13 52.97 [INFO] Downloaded from central: https://repo.maven.apache.org/maven2/org/springdoc/springdoc-openapi-starter-webmvc-ui/2.6.0/springdoc-openapi-starter-webmvc-ui-2.6.0.pom (1.8 kB at 48 kB/s)
#13 52.98 [INFO] Downloading from central: https://repo.maven.apache.org/maven2/org/springdoc/springdoc-openapi/2.6.0/springdoc-openapi-2.6.0.pom
#13 53.01 [INFO] Downloaded from central: https://repo.maven.apache.org/maven2/org/springdoc/springdoc-openapi/2.6.0/springdoc-openapi-2.6.0.pom (10 kB at 271 kB/s)
#13 53.01 [INFO] Downloading from central: https://repo.maven.apache.org/maven2/org/springframework/boot/spring-boot-starter-parent/3.3.0/spring-boot-starter-parent-3.3.0.pom
#13 53.05 [INFO] Downloaded from central: https://repo.maven.apache.org/maven2/org/springframework/boot/spring-boot-starter-parent/3.3.0/spring-boot-starter-parent-3.3.0.pom (13 kB at 391 kB/s)
#13 53.05 [INFO] Downloading from central: https://repo.maven.apache.org/maven2/org/springframework/boot/spring-boot-dependencies/3.3.0/spring-boot-dependencies-3.3.0.pom
#13 53.11 [INFO] Downloaded from central: https://repo.maven.apache.org/maven2/org/springframework/boot/spring-boot-dependencies/3.3.0/spring-boot-dependencies-3.3.0.pom (103 kB at 1.8 MB/s)
#13 53.11 [INFO] Downloading from central: https://repo.maven.apache.org/maven2/io/zipkin/reporter2/zipkin-reporter-bom/3.4.0/zipkin-reporter-bom-3.4.0.pom
#13 53.17 [INFO] Downloaded from central: https://repo.maven.apache.org/maven2/io/zipkin/reporter2/zipkin-reporter-bom/3.4.0/zipkin-reporter-bom-3.4.0.pom (6.4 kB at 119 kB/s)
#13 53.17 [INFO] Downloading from central: https://repo.maven.apache.org/maven2/org/apache/groovy/groovy-bom/4.0.21/groovy-bom-4.0.21.pom
#13 53.21 [INFO] Downloaded from central: https://repo.maven.apache.org/maven2/org/apache/groovy/groovy-bom/4.0.21/groovy-bom-4.0.21.pom (27 kB at 699 kB/s)
#13 53.21 [INFO] Downloading from central: https://repo.maven.apache.org/maven2/org/infinispan/infinispan-bom/15.0.4.Final/infinispan-bom-15.0.4.Final.pom
#13 53.25 [INFO] Downloaded from central: https://repo.maven.apache.org/maven2/org/infinispan/infinispan-bom/15.0.4.Final/infinispan-bom-15.0.4.Final.pom (18 kB at 433 kB/s)
#13 53.25 [INFO] Downloading from central: https://repo.maven.apache.org/maven2/org/infinispan/infinispan-build-configuration-parent/15.0.4.Final/infinispan-build-configuration-parent-15.0.4.Final.pom
#13 53.31 [INFO] Downloaded from central: https://repo.maven.apache.org/maven2/org/infinispan/infinispan-build-configuration-parent/15.0.4.Final/infinispan-build-configuration-parent-15.0.4.Final.pom (19 kB at 358 kB/s)
#13 53.31 [INFO] Downloading from central: https://repo.maven.apache.org/maven2/com/fasterxml/jackson/jackson-bom/2.17.1/jackson-bom-2.17.1.pom
#13 53.36 [INFO] Downloaded from central: https://repo.maven.apache.org/maven2/com/fasterxml/jackson/jackson-bom/2.17.1/jackson-bom-2.17.1.pom (19 kB at 406 kB/s)
#13 53.36 [INFO] Downloading from central: https://repo.maven.apache.org/maven2/org/glassfish/jersey/jersey-bom/3.1.6/jersey-bom-3.1.6.pom
#13 53.40 [INFO] Downloaded from central: https://repo.maven.apache.org/maven2/org/glassfish/jersey/jersey-bom/3.1.6/jersey-bom-3.1.6.pom (21 kB at 545 kB/s)
#13 53.40 [INFO] Downloading from central: https://repo.maven.apache.org/maven2/org/eclipse/jetty/ee10/jetty-ee10-bom/12.0.9/jetty-ee10-bom-12.0.9.pom
#13 53.44 [INFO] Downloaded from central: https://repo.maven.apache.org/maven2/org/eclipse/jetty/ee10/jetty-ee10-bom/12.0.9/jetty-ee10-bom-12.0.9.pom (9.2 kB at 197 kB/s)
#13 53.45 [INFO] Downloading from central: https://repo.maven.apache.org/maven2/org/eclipse/jetty/jetty-bom/12.0.9/jetty-bom-12.0.9.pom
#13 53.49 [INFO] Downloaded from central: https://repo.maven.apache.org/maven2/org/eclipse/jetty/jetty-bom/12.0.9/jetty-bom-12.0.9.pom (14 kB at 320 kB/s)
#13 53.49 [INFO] Downloading from central: https://repo.maven.apache.org/maven2/org/jetbrains/kotlin/kotlin-bom/1.9.24/kotlin-bom-1.9.24.pom
#13 53.54 [INFO] Downloaded from central: https://repo.maven.apache.org/maven2/org/jetbrains/kotlin/kotlin-bom/1.9.24/kotlin-bom-1.9.24.pom (9.1 kB at 203 kB/s)
#13 53.54 [INFO] Downloading from central: https://repo.maven.apache.org/maven2/io/micrometer/micrometer-bom/1.13.0/micrometer-bom-1.13.0.pom
#13 53.58 [INFO] Downloaded from central: https://repo.maven.apache.org/maven2/io/micrometer/micrometer-bom/1.13.0/micrometer-bom-1.13.0.pom (8.6 kB at 199 kB/s)
#13 53.58 [INFO] Downloading from central: https://repo.maven.apache.org/maven2/io/micrometer/micrometer-tracing-bom/1.3.0/micrometer-tracing-bom-1.3.0.pom
#13 53.62 [INFO] Downloaded from central: https://repo.maven.apache.org/maven2/io/micrometer/micrometer-tracing-bom/1.3.0/micrometer-tracing-bom-1.3.0.pom (4.5 kB at 110 kB/s)
#13 53.63 [INFO] Downloading from central: https://repo.maven.apache.org/maven2/io/netty/netty-bom/4.1.110.Final/netty-bom-4.1.110.Final.pom
#13 53.67 [INFO] Downloaded from central: https://repo.maven.apache.org/maven2/io/netty/netty-bom/4.1.110.Final/netty-bom-4.1.110.Final.pom (14 kB at 280 kB/s)
#13 53.68 [INFO] Downloading from central: https://repo.maven.apache.org/maven2/org/apache/pulsar/pulsar-bom/3.2.3/pulsar-bom-3.2.3.pom
#13 53.72 [INFO] Downloaded from central: https://repo.maven.apache.org/maven2/org/apache/pulsar/pulsar-bom/3.2.3/pulsar-bom-3.2.3.pom (26 kB at 590 kB/s)
#13 53.72 [INFO] Downloading from central: https://repo.maven.apache.org/maven2/io/projectreactor/reactor-bom/2023.0.6/reactor-bom-2023.0.6.pom
#13 53.77 [INFO] Downloaded from central: https://repo.maven.apache.org/maven2/io/projectreactor/reactor-bom/2023.0.6/reactor-bom-2023.0.6.pom (4.8 kB at 102 kB/s)
#13 53.77 [INFO] Downloading from central: https://repo.maven.apache.org/maven2/org/springframework/amqp/spring-amqp-bom/3.1.5/spring-amqp-bom-3.1.5.pom
#13 53.82 [INFO] Downloaded from central: https://repo.maven.apache.org/maven2/org/springframework/amqp/spring-amqp-bom/3.1.5/spring-amqp-bom-3.1.5.pom (3.9 kB at 82 kB/s)
#13 53.82 [INFO] Downloading from central: https://repo.maven.apache.org/maven2/org/springframework/data/spring-data-bom/2024.0.0/spring-data-bom-2024.0.0.pom
#13 53.86 [INFO] Downloaded from central: https://repo.maven.apache.org/maven2/org/springframework/data/spring-data-bom/2024.0.0/spring-data-bom-2024.0.0.pom (5.5 kB at 128 kB/s)
#13 53.86 [INFO] Downloading from central: https://repo.maven.apache.org/maven2/org/springframework/spring-framework-bom/6.1.8/spring-framework-bom-6.1.8.pom
#13 53.91 [INFO] Downloaded from central: https://repo.maven.apache.org/maven2/org/springframework/spring-framework-bom/6.1.8/spring-framework-bom-6.1.8.pom (5.8 kB at 124 kB/s)
#13 53.91 [INFO] Downloading from central: https://repo.maven.apache.org/maven2/org/springframework/integration/spring-integration-bom/6.3.0/spring-integration-bom-6.3.0.pom
#13 53.96 [INFO] Downloaded from central: https://repo.maven.apache.org/maven2/org/springframework/integration/spring-integration-bom/6.3.0/spring-integration-bom-6.3.0.pom (10 kB at 201 kB/s)
#13 53.96 [INFO] Downloading from central: https://repo.maven.apache.org/maven2/org/springframework/pulsar/spring-pulsar-bom/1.1.0/spring-pulsar-bom-1.1.0.pom
#13 54.01 [INFO] Downloaded from central: https://repo.maven.apache.org/maven2/org/springframework/pulsar/spring-pulsar-bom/1.1.0/spring-pulsar-bom-1.1.0.pom (2.9 kB at 65 kB/s)
#13 54.02 [INFO] Downloading from central: https://repo.maven.apache.org/maven2/org/springframework/security/spring-security-bom/6.3.0/spring-security-bom-6.3.0.pom
#13 54.07 [INFO] Downloaded from central: https://repo.maven.apache.org/maven2/org/springframework/security/spring-security-bom/6.3.0/spring-security-bom-6.3.0.pom (5.3 kB at 92 kB/s)
#13 54.08 [INFO] Downloading from central: https://repo.maven.apache.org/maven2/org/springframework/session/spring-session-bom/3.3.0/spring-session-bom-3.3.0.pom
#13 54.12 [INFO] Downloaded from central: https://repo.maven.apache.org/maven2/org/springframework/session/spring-session-bom/3.3.0/spring-session-bom-3.3.0.pom (2.9 kB at 63 kB/s)
#13 54.13 [INFO] Downloading from central: https://repo.maven.apache.org/maven2/org/springdoc/springdoc-openapi-starter-webmvc-api/2.6.0/springdoc-openapi-starter-webmvc-api-2.6.0.pom
#13 54.16 [INFO] Downloaded from central: https://repo.maven.apache.org/maven2/org/springdoc/springdoc-openapi-starter-webmvc-api/2.6.0/springdoc-openapi-starter-webmvc-api-2.6.0.pom (1.8 kB at 48 kB/s)
#13 54.17 [INFO] Downloading from central: https://repo.maven.apache.org/maven2/org/springdoc/springdoc-openapi-starter-common/2.6.0/springdoc-openapi-starter-common-2.6.0.pom
#13 54.21 [INFO] Downloaded from central: https://repo.maven.apache.org/maven2/org/springdoc/springdoc-openapi-starter-common/2.6.0/springdoc-openapi-starter-common-2.6.0.pom (4.7 kB at 106 kB/s)
#13 54.22 [INFO] Downloading from central: https://repo.maven.apache.org/maven2/org/springframework/boot/spring-boot-autoconfigure/3.3.0/spring-boot-autoconfigure-3.3.0.pom
#13 54.26 [INFO] Downloaded from central: https://repo.maven.apache.org/maven2/org/springframework/boot/spring-boot-autoconfigure/3.3.0/spring-boot-autoconfigure-3.3.0.pom (2.1 kB at 48 kB/s)
#13 54.26 [INFO] Downloading from central: https://repo.maven.apache.org/maven2/org/springframework/boot/spring-boot/3.3.0/spring-boot-3.3.0.pom
#13 54.30 [INFO] Downloaded from central: https://repo.maven.apache.org/maven2/org/springframework/boot/spring-boot/3.3.0/spring-boot-3.3.0.pom (2.2 kB at 55 kB/s)
#13 54.30 [INFO] Downloading from central: https://repo.maven.apache.org/maven2/org/springframework/spring-core/6.1.8/spring-core-6.1.8.pom
#13 54.35 [INFO] Downloaded from central: https://repo.maven.apache.org/maven2/org/springframework/spring-core/6.1.8/spring-core-6.1.8.pom (2.0 kB at 40 kB/s)
#13 54.35 [INFO] Downloading from central: https://repo.maven.apache.org/maven2/org/springframework/spring-jcl/6.1.8/spring-jcl-6.1.8.pom
#13 54.40 [INFO] Downloaded from central: https://repo.maven.apache.org/maven2/org/springframework/spring-jcl/6.1.8/spring-jcl-6.1.8.pom (1.8 kB at 38 kB/s)
#13 54.40 [INFO] Downloading from central: https://repo.maven.apache.org/maven2/org/springframework/spring-context/6.1.8/spring-context-6.1.8.pom
#13 54.45 [INFO] Downloaded from central: https://repo.maven.apache.org/maven2/org/springframework/spring-context/6.1.8/spring-context-6.1.8.pom (2.8 kB at 66 kB/s)
#13 54.45 [INFO] Downloading from central: https://repo.maven.apache.org/maven2/org/springframework/spring-aop/6.1.8/spring-aop-6.1.8.pom
#13 54.50 [INFO] Downloaded from central: https://repo.maven.apache.org/maven2/org/springframework/spring-aop/6.1.8/spring-aop-6.1.8.pom (2.2 kB at 45 kB/s)
#13 54.50 [INFO] Downloading from central: https://repo.maven.apache.org/maven2/org/springframework/spring-beans/6.1.8/spring-beans-6.1.8.pom
#13 54.53 [INFO] Downloaded from central: https://repo.maven.apache.org/maven2/org/springframework/spring-beans/6.1.8/spring-beans-6.1.8.pom (2.0 kB at 56 kB/s)
#13 54.54 [INFO] Downloading from central: https://repo.maven.apache.org/maven2/org/springframework/spring-expression/6.1.8/spring-expression-6.1.8.pom
#13 54.58 [INFO] Downloaded from central: https://repo.maven.apache.org/maven2/org/springframework/spring-expression/6.1.8/spring-expression-6.1.8.pom (2.1 kB at 43 kB/s)
#13 54.59 [INFO] Downloading from central: https://repo.maven.apache.org/maven2/io/micrometer/micrometer-observation/1.13.0/micrometer-observation-1.13.0.pom
#13 54.63 [INFO] Downloaded from central: https://repo.maven.apache.org/maven2/io/micrometer/micrometer-observation/1.13.0/micrometer-observation-1.13.0.pom (3.8 kB at 99 kB/s)
#13 54.63 [INFO] Downloading from central: https://repo.maven.apache.org/maven2/io/micrometer/micrometer-commons/1.13.0/micrometer-commons-1.13.0.pom
#13 54.67 [INFO] Downloaded from central: https://repo.maven.apache.org/maven2/io/micrometer/micrometer-commons/1.13.0/micrometer-commons-1.13.0.pom (3.4 kB at 81 kB/s)
#13 54.67 [INFO] Downloading from central: https://repo.maven.apache.org/maven2/io/swagger/core/v3/swagger-core-jakarta/2.2.22/swagger-core-jakarta-2.2.22.pom
#13 54.74 [INFO] Downloaded from central: https://repo.maven.apache.org/maven2/io/swagger/core/v3/swagger-core-jakarta/2.2.22/swagger-core-jakarta-2.2.22.pom (5.6 kB at 81 kB/s)
#13 54.74 [INFO] Downloading from central: https://repo.maven.apache.org/maven2/io/swagger/core/v3/swagger-project-jakarta/2.2.22/swagger-project-jakarta-2.2.22.pom
#13 54.81 [INFO] Downloaded from central: https://repo.maven.apache.org/maven2/io/swagger/core/v3/swagger-project-jakarta/2.2.22/swagger-project-jakarta-2.2.22.pom (23 kB at 351 kB/s)
#13 54.81 [INFO] Downloading from central: https://repo.maven.apache.org/maven2/org/slf4j/slf4j-api/2.0.13/slf4j-api-2.0.13.pom
#13 54.85 [INFO] Downloaded from central: https://repo.maven.apache.org/maven2/org/slf4j/slf4j-api/2.0.13/slf4j-api-2.0.13.pom (2.8 kB at 66 kB/s)
#13 54.85 [INFO] Downloading from central: https://repo.maven.apache.org/maven2/org/slf4j/slf4j-parent/2.0.13/slf4j-parent-2.0.13.pom
#13 54.90 [INFO] Downloaded from central: https://repo.maven.apache.org/maven2/org/slf4j/slf4j-parent/2.0.13/slf4j-parent-2.0.13.pom (13 kB at 311 kB/s)
#13 54.90 [INFO] Downloading from central: https://repo.maven.apache.org/maven2/org/slf4j/slf4j-bom/2.0.13/slf4j-bom-2.0.13.pom
#13 54.93 [INFO] Downloaded from central: https://repo.maven.apache.org/maven2/org/slf4j/slf4j-bom/2.0.13/slf4j-bom-2.0.13.pom (7.3 kB at 209 kB/s)
#13 54.93 [INFO] Downloading from central: https://repo.maven.apache.org/maven2/io/swagger/core/v3/swagger-annotations-jakarta/2.2.22/swagger-annotations-jakarta-2.2.22.pom
#13 54.99 [INFO] Downloaded from central: https://repo.maven.apache.org/maven2/io/swagger/core/v3/swagger-annotations-jakarta/2.2.22/swagger-annotations-jakarta-2.2.22.pom (3.3 kB at 61 kB/s)
#13 54.99 [INFO] Downloading from central: https://repo.maven.apache.org/maven2/io/swagger/core/v3/swagger-models-jakarta/2.2.22/swagger-models-jakarta-2.2.22.pom
#13 55.04 [INFO] Downloaded from central: https://repo.maven.apache.org/maven2/io/swagger/core/v3/swagger-models-jakarta/2.2.22/swagger-models-jakarta-2.2.22.pom (3.4 kB at 76 kB/s)
#13 55.04 [INFO] Downloading from central: https://repo.maven.apache.org/maven2/com/fasterxml/jackson/core/jackson-annotations/2.17.1/jackson-annotations-2.17.1.pom
#13 55.09 [INFO] Downloaded from central: https://repo.maven.apache.org/maven2/com/fasterxml/jackson/core/jackson-annotations/2.17.1/jackson-annotations-2.17.1.pom (7.1 kB at 147 kB/s)
#13 55.09 [INFO] Downloading from central: https://repo.maven.apache.org/maven2/jakarta/xml/bind/jakarta.xml.bind-api/4.0.2/jakarta.xml.bind-api-4.0.2.pom
#13 55.13 [INFO] Downloaded from central: https://repo.maven.apache.org/maven2/jakarta/xml/bind/jakarta.xml.bind-api/4.0.2/jakarta.xml.bind-api-4.0.2.pom (13 kB at 326 kB/s)
#13 55.13 [INFO] Downloading from central: https://repo.maven.apache.org/maven2/jakarta/xml/bind/jakarta.xml.bind-api-parent/4.0.2/jakarta.xml.bind-api-parent-4.0.2.pom
#13 55.18 [INFO] Downloaded from central: https://repo.maven.apache.org/maven2/jakarta/xml/bind/jakarta.xml.bind-api-parent/4.0.2/jakarta.xml.bind-api-parent-4.0.2.pom (9.1 kB at 179 kB/s)
#13 55.18 [INFO] Downloading from central: https://repo.maven.apache.org/maven2/jakarta/activation/jakarta.activation-api/2.1.3/jakarta.activation-api-2.1.3.pom
#13 55.22 [INFO] Downloaded from central: https://repo.maven.apache.org/maven2/jakarta/activation/jakarta.activation-api/2.1.3/jakarta.activation-api-2.1.3.pom (19 kB at 475 kB/s)
#13 55.22 [INFO] Downloading from central: https://repo.maven.apache.org/maven2/jakarta/validation/jakarta.validation-api/3.0.2/jakarta.validation-api-3.0.2.pom
#13 55.28 [INFO] Downloaded from central: https://repo.maven.apache.org/maven2/jakarta/validation/jakarta.validation-api/3.0.2/jakarta.validation-api-3.0.2.pom (11 kB at 186 kB/s)
#13 55.28 [INFO] Downloading from central: https://repo.maven.apache.org/maven2/com/fasterxml/jackson/core/jackson-databind/2.17.1/jackson-databind-2.17.1.pom
#13 55.36 [INFO] Downloaded from central: https://repo.maven.apache.org/maven2/com/fasterxml/jackson/core/jackson-databind/2.17.1/jackson-databind-2.17.1.pom (21 kB at 269 kB/s)
#13 55.36 [INFO] Downloading from central: https://repo.maven.apache.org/maven2/com/fasterxml/jackson/jackson-base/2.17.1/jackson-base-2.17.1.pom
#13 55.41 [INFO] Downloaded from central: https://repo.maven.apache.org/maven2/com/fasterxml/jackson/jackson-base/2.17.1/jackson-base-2.17.1.pom (12 kB at 231 kB/s)
#13 55.42 [INFO] Downloading from central: https://repo.maven.apache.org/maven2/com/fasterxml/jackson/core/jackson-core/2.17.1/jackson-core-2.17.1.pom
#13 55.47 [INFO] Downloaded from central: https://repo.maven.apache.org/maven2/com/fasterxml/jackson/core/jackson-core/2.17.1/jackson-core-2.17.1.pom (9.6 kB at 193 kB/s)
#13 55.47 [INFO] Downloading from central: https://repo.maven.apache.org/maven2/com/fasterxml/jackson/dataformat/jackson-dataformat-yaml/2.17.1/jackson-dataformat-yaml-2.17.1.pom
#13 55.50 [INFO] Downloaded from central: https://repo.maven.apache.org/maven2/com/fasterxml/jackson/dataformat/jackson-dataformat-yaml/2.17.1/jackson-dataformat-yaml-2.17.1.pom (2.6 kB at 80 kB/s)
#13 55.50 [INFO] Downloading from central: https://repo.maven.apache.org/maven2/com/fasterxml/jackson/dataformat/jackson-dataformats-text/2.17.1/jackson-dataformats-text-2.17.1.pom
#13 55.55 [INFO] Downloaded from central: https://repo.maven.apache.org/maven2/com/fasterxml/jackson/dataformat/jackson-dataformats-text/2.17.1/jackson-dataformats-text-2.17.1.pom (3.5 kB at 79 kB/s)
#13 55.55 [INFO] Downloading from central: https://repo.maven.apache.org/maven2/com/fasterxml/jackson/datatype/jackson-datatype-jsr310/2.17.1/jackson-datatype-jsr310-2.17.1.pom
#13 55.60 [INFO] Downloaded from central: https://repo.maven.apache.org/maven2/com/fasterxml/jackson/datatype/jackson-datatype-jsr310/2.17.1/jackson-datatype-jsr310-2.17.1.pom (4.9 kB at 109 kB/s)
#13 55.60 [INFO] Downloading from central: https://repo.maven.apache.org/maven2/com/fasterxml/jackson/module/jackson-modules-java8/2.17.1/jackson-modules-java8-2.17.1.pom
#13 55.64 [INFO] Downloaded from central: https://repo.maven.apache.org/maven2/com/fasterxml/jackson/module/jackson-modules-java8/2.17.1/jackson-modules-java8-2.17.1.pom (3.1 kB at 74 kB/s)
#13 55.64 [INFO] Downloading from central: https://repo.maven.apache.org/maven2/org/springframework/spring-webmvc/6.1.8/spring-webmvc-6.1.8.pom
#13 55.68 [INFO] Downloaded from central: https://repo.maven.apache.org/maven2/org/springframework/spring-webmvc/6.1.8/spring-webmvc-6.1.8.pom (2.9 kB at 84 kB/s)
#13 55.68 [INFO] Downloading from central: https://repo.maven.apache.org/maven2/org/springframework/spring-web/6.1.8/spring-web-6.1.8.pom
#13 55.71 [INFO] Downloaded from central: https://repo.maven.apache.org/maven2/org/springframework/spring-web/6.1.8/spring-web-6.1.8.pom (2.4 kB at 85 kB/s)
#13 55.71 [INFO] Downloading from central: https://repo.maven.apache.org/maven2/org/webjars/swagger-ui/5.17.14/swagger-ui-5.17.14.pom
#13 55.75 [INFO] Downloaded from central: https://repo.maven.apache.org/maven2/org/webjars/swagger-ui/5.17.14/swagger-ui-5.17.14.pom (1.5 kB at 42 kB/s)
#13 55.75 [INFO] Downloading from central: https://repo.maven.apache.org/maven2/org/springframework/boot/spring-boot-starter-actuator/3.3.0/spring-boot-starter-actuator-3.3.0.pom
#13 55.79 [INFO] Downloaded from central: https://repo.maven.apache.org/maven2/org/springframework/boot/spring-boot-starter-actuator/3.3.0/spring-boot-starter-actuator-3.3.0.pom (2.8 kB at 67 kB/s)
#13 55.79 [INFO] Downloading from central: https://repo.maven.apache.org/maven2/org/springframework/boot/spring-boot-starter/3.3.0/spring-boot-starter-3.3.0.pom
#13 55.83 [INFO] Downloaded from central: https://repo.maven.apache.org/maven2/org/springframework/boot/spring-boot-starter/3.3.0/spring-boot-starter-3.3.0.pom (3.0 kB at 74 kB/s)
#13 55.84 [INFO] Downloading from central: https://repo.maven.apache.org/maven2/org/springframework/boot/spring-boot-starter-logging/3.3.0/spring-boot-starter-logging-3.3.0.pom
#13 55.87 [INFO] Downloaded from central: https://repo.maven.apache.org/maven2/org/springframework/boot/spring-boot-starter-logging/3.3.0/spring-boot-starter-logging-3.3.0.pom (2.5 kB at 65 kB/s)
#13 55.88 [INFO] Downloading from central: https://repo.maven.apache.org/maven2/ch/qos/logback/logback-classic/1.5.6/logback-classic-1.5.6.pom
#13 55.92 [INFO] Downloaded from central: https://repo.maven.apache.org/maven2/ch/qos/logback/logback-classic/1.5.6/logback-classic-1.5.6.pom (13 kB at 304 kB/s)
#13 55.92 [INFO] Downloading from central: https://repo.maven.apache.org/maven2/ch/qos/logback/logback-parent/1.5.6/logback-parent-1.5.6.pom
#13 55.96 [INFO] Downloaded from central: https://repo.maven.apache.org/maven2/ch/qos/logback/logback-parent/1.5.6/logback-parent-1.5.6.pom (19 kB at 506 kB/s)
#13 55.96 [INFO] Downloading from central: https://repo.maven.apache.org/maven2/ch/qos/logback/logback-core/1.5.6/logback-core-1.5.6.pom
#13 56.00 [INFO] Downloaded from central: https://repo.maven.apache.org/maven2/ch/qos/logback/logback-core/1.5.6/logback-core-1.5.6.pom (7.5 kB at 192 kB/s)
#13 56.00 [INFO] Downloading from central: https://repo.maven.apache.org/maven2/org/slf4j/jul-to-slf4j/2.0.13/jul-to-slf4j-2.0.13.pom
#13 56.04 [INFO] Downloaded from central: https://repo.maven.apache.org/maven2/org/slf4j/jul-to-slf4j/2.0.13/jul-to-slf4j-2.0.13.pom (1.1 kB at 28 kB/s)
#13 56.05 [INFO] Downloading from central: https://repo.maven.apache.org/maven2/org/springframework/boot/spring-boot-actuator-autoconfigure/3.3.0/spring-boot-actuator-autoconfigure-3.3.0.pom
#13 56.09 [INFO] Downloaded from central: https://repo.maven.apache.org/maven2/org/springframework/boot/spring-boot-actuator-autoconfigure/3.3.0/spring-boot-actuator-autoconfigure-3.3.0.pom (2.9 kB at 72 kB/s)
#13 56.09 [INFO] Downloading from central: https://repo.maven.apache.org/maven2/org/springframework/boot/spring-boot-actuator/3.3.0/spring-boot-actuator-3.3.0.pom
#13 56.13 [INFO] Downloaded from central: https://repo.maven.apache.org/maven2/org/springframework/boot/spring-boot-actuator/3.3.0/spring-boot-actuator-3.3.0.pom (2.0 kB at 54 kB/s)
#13 56.13 [INFO] Downloading from central: https://repo.maven.apache.org/maven2/io/micrometer/micrometer-jakarta9/1.13.0/micrometer-jakarta9-1.13.0.pom
#13 56.17 [INFO] Downloaded from central: https://repo.maven.apache.org/maven2/io/micrometer/micrometer-jakarta9/1.13.0/micrometer-jakarta9-1.13.0.pom (3.8 kB at 99 kB/s)
#13 56.17 [INFO] Downloading from central: https://repo.maven.apache.org/maven2/io/micrometer/micrometer-core/1.13.0/micrometer-core-1.13.0.pom
#13 56.20 [INFO] Downloaded from central: https://repo.maven.apache.org/maven2/io/micrometer/micrometer-core/1.13.0/micrometer-core-1.13.0.pom (11 kB at 333 kB/s)
#13 56.20 [INFO] Downloading from central: https://repo.maven.apache.org/maven2/org/hdrhistogram/HdrHistogram/2.2.1/HdrHistogram-2.2.1.pom
#13 56.24 [INFO] Downloaded from central: https://repo.maven.apache.org/maven2/org/hdrhistogram/HdrHistogram/2.2.1/HdrHistogram-2.2.1.pom (14 kB at 373 kB/s)
#13 56.25 [INFO] Downloading from central: https://repo.maven.apache.org/maven2/org/springdoc/springdoc-openapi-starter-webmvc-ui/2.6.0/springdoc-openapi-starter-webmvc-ui-2.6.0.jar
#13 56.29 [INFO] Downloaded from central: https://repo.maven.apache.org/maven2/org/springdoc/springdoc-openapi-starter-webmvc-ui/2.6.0/springdoc-openapi-starter-webmvc-ui-2.6.0.jar (23 kB at 595 kB/s)
#13 56.29 [INFO] Downloading from central: https://repo.maven.apache.org/maven2/org/springdoc/springdoc-openapi-starter-webmvc-api/2.6.0/springdoc-openapi-starter-webmvc-api-2.6.0.jar
#13 56.29 [INFO] Downloading from central: https://repo.maven.apache.org/maven2/org/springdoc/springdoc-openapi-starter-common/2.6.0/springdoc-openapi-starter-common-2.6.0.jar
#13 56.29 [INFO] Downloading from central: https://repo.maven.apache.org/maven2/org/springframework/boot/spring-boot-autoconfigure/3.3.0/spring-boot-autoconfigure-3.3.0.jar
#13 56.29 [INFO] Downloading from central: https://repo.maven.apache.org/maven2/io/swagger/core/v3/swagger-core-jakarta/2.2.22/swagger-core-jakarta-2.2.22.jar
#13 56.29 [INFO] Downloading from central: https://repo.maven.apache.org/maven2/org/slf4j/slf4j-api/2.0.13/slf4j-api-2.0.13.jar
#13 56.33 [INFO] Downloaded from central: https://repo.maven.apache.org/maven2/org/springdoc/springdoc-openapi-starter-webmvc-api/2.6.0/springdoc-openapi-starter-webmvc-api-2.6.0.jar (43 kB at 1.0 MB/s)
#13 56.33 [INFO] Downloading from central: https://repo.maven.apache.org/maven2/io/swagger/core/v3/swagger-annotations-jakarta/2.2.22/swagger-annotations-jakarta-2.2.22.jar
#13 56.33 [INFO] Downloaded from central: https://repo.maven.apache.org/maven2/org/slf4j/slf4j-api/2.0.13/slf4j-api-2.0.13.jar (69 kB at 1.7 MB/s)
#13 56.33 [INFO] Downloading from central: https://repo.maven.apache.org/maven2/io/swagger/core/v3/swagger-models-jakarta/2.2.22/swagger-models-jakarta-2.2.22.jar
#13 56.35 [INFO] Downloaded from central: https://repo.maven.apache.org/maven2/io/swagger/core/v3/swagger-core-jakarta/2.2.22/swagger-core-jakarta-2.2.22.jar (230 kB at 3.7 MB/s)
#13 56.35 [INFO] Downloading from central: https://repo.maven.apache.org/maven2/jakarta/xml/bind/jakarta.xml.bind-api/4.0.2/jakarta.xml.bind-api-4.0.2.jar
#13 56.36 [INFO] Downloaded from central: https://repo.maven.apache.org/maven2/org/springdoc/springdoc-openapi-starter-common/2.6.0/springdoc-openapi-starter-common-2.6.0.jar (496 kB at 7.1 MB/s)
#13 56.36 [INFO] Downloading from central: https://repo.maven.apache.org/maven2/jakarta/activation/jakarta.activation-api/2.1.3/jakarta.activation-api-2.1.3.jar
#13 56.38 [INFO] Downloaded from central: https://repo.maven.apache.org/maven2/io/swagger/core/v3/swagger-annotations-jakarta/2.2.22/swagger-annotations-jakarta-2.2.22.jar (48 kB at 530 kB/s)
#13 56.38 [INFO] Downloading from central: https://repo.maven.apache.org/maven2/jakarta/validation/jakarta.validation-api/3.0.2/jakarta.validation-api-3.0.2.jar
#13 56.39 [INFO] Downloaded from central: https://repo.maven.apache.org/maven2/io/swagger/core/v3/swagger-models-jakarta/2.2.22/swagger-models-jakarta-2.2.22.jar (136 kB at 1.4 MB/s)
#13 56.39 [INFO] Downloading from central: https://repo.maven.apache.org/maven2/com/fasterxml/jackson/core/jackson-annotations/2.17.1/jackson-annotations-2.17.1.jar
#13 56.40 [INFO] Downloaded from central: https://repo.maven.apache.org/maven2/jakarta/xml/bind/jakarta.xml.bind-api/4.0.2/jakarta.xml.bind-api-4.0.2.jar (131 kB at 1.2 MB/s)
#13 56.40 [INFO] Downloading from central: https://repo.maven.apache.org/maven2/com/fasterxml/jackson/dataformat/jackson-dataformat-yaml/2.17.1/jackson-dataformat-yaml-2.17.1.jar
#13 56.41 [INFO] Downloaded from central: https://repo.maven.apache.org/maven2/jakarta/activation/jakarta.activation-api/2.1.3/jakarta.activation-api-2.1.3.jar (67 kB at 554 kB/s)
#13 56.41 [INFO] Downloading from central: https://repo.maven.apache.org/maven2/org/springframework/spring-webmvc/6.1.8/spring-webmvc-6.1.8.jar
#13 56.43 [INFO] Downloaded from central: https://repo.maven.apache.org/maven2/com/fasterxml/jackson/core/jackson-annotations/2.17.1/jackson-annotations-2.17.1.jar (78 kB at 577 kB/s)
#13 56.43 [INFO] Downloading from central: https://repo.maven.apache.org/maven2/org/springframework/spring-aop/6.1.8/spring-aop-6.1.8.jar
#13 56.43 [INFO] Downloaded from central: https://repo.maven.apache.org/maven2/jakarta/validation/jakarta.validation-api/3.0.2/jakarta.validation-api-3.0.2.jar (93 kB at 652 kB/s)
#13 56.43 [INFO] Downloading from central: https://repo.maven.apache.org/maven2/org/springframework/spring-beans/6.1.8/spring-beans-6.1.8.jar
#13 56.44 [INFO] Downloaded from central: https://repo.maven.apache.org/maven2/com/fasterxml/jackson/dataformat/jackson-dataformat-yaml/2.17.1/jackson-dataformat-yaml-2.17.1.jar (55 kB at 360 kB/s)
#13 56.44 [INFO] Downloading from central: https://repo.maven.apache.org/maven2/org/springframework/spring-context/6.1.8/spring-context-6.1.8.jar
#13 56.50 [INFO] Downloaded from central: https://repo.maven.apache.org/maven2/org/springframework/spring-aop/6.1.8/spring-aop-6.1.8.jar (416 kB at 2.0 MB/s)
#13 56.50 [INFO] Downloading from central: https://repo.maven.apache.org/maven2/org/springframework/spring-core/6.1.8/spring-core-6.1.8.jar
#13 56.52 [INFO] Downloaded from central: https://repo.maven.apache.org/maven2/org/springframework/spring-webmvc/6.1.8/spring-webmvc-6.1.8.jar (1.0 MB at 4.6 MB/s)
#13 56.52 [INFO] Downloading from central: https://repo.maven.apache.org/maven2/org/springframework/spring-jcl/6.1.8/spring-jcl-6.1.8.jar
#13 56.56 [INFO] Downloaded from central: https://repo.maven.apache.org/maven2/org/springframework/spring-jcl/6.1.8/spring-jcl-6.1.8.jar (25 kB at 90 kB/s)
#13 56.56 [INFO] Downloading from central: https://repo.maven.apache.org/maven2/org/springframework/spring-expression/6.1.8/spring-expression-6.1.8.jar
#13 56.57 [INFO] Downloaded from central: https://repo.maven.apache.org/maven2/org/springframework/spring-beans/6.1.8/spring-beans-6.1.8.jar (861 kB at 3.1 MB/s)
#13 56.57 [INFO] Downloading from central: https://repo.maven.apache.org/maven2/org/springframework/spring-web/6.1.8/spring-web-6.1.8.jar
#13 56.57 [INFO] Downloaded from central: https://repo.maven.apache.org/maven2/org/springframework/spring-context/6.1.8/spring-context-6.1.8.jar (1.3 MB at 4.7 MB/s)
#13 56.57 [INFO] Downloading from central: https://repo.maven.apache.org/maven2/org/webjars/swagger-ui/5.17.14/swagger-ui-5.17.14.jar
#13 56.65 [INFO] Downloaded from central: https://repo.maven.apache.org/maven2/org/springframework/boot/spring-boot-autoconfigure/3.3.0/spring-boot-autoconfigure-3.3.0.jar (2.0 MB at 5.4 MB/s)
#13 56.65 [INFO] Downloading from central: https://repo.maven.apache.org/maven2/org/springframework/boot/spring-boot-starter-actuator/3.3.0/spring-boot-starter-actuator-3.3.0.jar
#13 56.66 [INFO] Downloaded from central: https://repo.maven.apache.org/maven2/org/springframework/spring-expression/6.1.8/spring-expression-6.1.8.jar (303 kB at 817 kB/s)
#13 56.66 [INFO] Downloading from central: https://repo.maven.apache.org/maven2/org/springframework/boot/spring-boot-starter/3.3.0/spring-boot-starter-3.3.0.jar
#13 56.70 [INFO] Downloaded from central: https://repo.maven.apache.org/maven2/org/springframework/boot/spring-boot-starter-actuator/3.3.0/spring-boot-starter-actuator-3.3.0.jar (4.8 kB at 12 kB/s)
#13 56.70 [INFO] Downloading from central: https://repo.maven.apache.org/maven2/org/springframework/boot/spring-boot/3.3.0/spring-boot-3.3.0.jar
#13 56.72 [INFO] Downloaded from central: https://repo.maven.apache.org/maven2/org/springframework/boot/spring-boot-starter/3.3.0/spring-boot-starter-3.3.0.jar (4.8 kB at 11 kB/s)
#13 56.72 [INFO] Downloading from central: https://repo.maven.apache.org/maven2/org/springframework/boot/spring-boot-starter-logging/3.3.0/spring-boot-starter-logging-3.3.0.jar
#13 56.75 [INFO] Downloaded from central: https://repo.maven.apache.org/maven2/org/springframework/spring-web/6.1.8/spring-web-6.1.8.jar (1.9 MB at 4.1 MB/s)
#13 56.75 [INFO] Downloading from central: https://repo.maven.apache.org/maven2/ch/qos/logback/logback-classic/1.5.6/logback-classic-1.5.6.jar
#13 56.76 [INFO] Downloaded from central: https://repo.maven.apache.org/maven2/org/springframework/spring-core/6.1.8/spring-core-6.1.8.jar (1.9 MB at 4.0 MB/s)
#13 56.76 [INFO] Downloading from central: https://repo.maven.apache.org/maven2/ch/qos/logback/logback-core/1.5.6/logback-core-1.5.6.jar
#13 56.76 [INFO] Downloaded from central: https://repo.maven.apache.org/maven2/org/springframework/boot/spring-boot-starter-logging/3.3.0/spring-boot-starter-logging-3.3.0.jar (4.8 kB at 10.0 kB/s)
#13 56.76 [INFO] Downloading from central: https://repo.maven.apache.org/maven2/org/slf4j/jul-to-slf4j/2.0.13/jul-to-slf4j-2.0.13.jar
#13 56.80 [INFO] Downloaded from central: https://repo.maven.apache.org/maven2/org/slf4j/jul-to-slf4j/2.0.13/jul-to-slf4j-2.0.13.jar (6.3 kB at 12 kB/s)
#13 56.80 [INFO] Downloading from central: https://repo.maven.apache.org/maven2/org/springframework/boot/spring-boot-actuator-autoconfigure/3.3.0/spring-boot-actuator-autoconfigure-3.3.0.jar
#13 56.83 [INFO] Downloaded from central: https://repo.maven.apache.org/maven2/ch/qos/logback/logback-classic/1.5.6/logback-classic-1.5.6.jar (294 kB at 546 kB/s)
#13 56.83 [INFO] Downloading from central: https://repo.maven.apache.org/maven2/org/springframework/boot/spring-boot-actuator/3.3.0/spring-boot-actuator-3.3.0.jar
#13 56.85 [INFO] Downloaded from central: https://repo.maven.apache.org/maven2/ch/qos/logback/logback-core/1.5.6/logback-core-1.5.6.jar (610 kB at 1.1 MB/s)
#13 56.85 [INFO] Downloading from central: https://repo.maven.apache.org/maven2/com/fasterxml/jackson/core/jackson-databind/2.17.1/jackson-databind-2.17.1.jar
#13 56.90 [INFO] Downloaded from central: https://repo.maven.apache.org/maven2/org/springframework/boot/spring-boot-actuator-autoconfigure/3.3.0/spring-boot-actuator-autoconfigure-3.3.0.jar (777 kB at 1.3 MB/s)
#13 56.90 [INFO] Downloading from central: https://repo.maven.apache.org/maven2/com/fasterxml/jackson/core/jackson-core/2.17.1/jackson-core-2.17.1.jar
#13 56.94 [INFO] Downloaded from central: https://repo.maven.apache.org/maven2/org/webjars/swagger-ui/5.17.14/swagger-ui-5.17.14.jar (3.1 MB at 4.8 MB/s)
#13 56.94 [INFO] Downloading from central: https://repo.maven.apache.org/maven2/com/fasterxml/jackson/datatype/jackson-datatype-jsr310/2.17.1/jackson-datatype-jsr310-2.17.1.jar
#13 56.94 [INFO] Downloaded from central: https://repo.maven.apache.org/maven2/org/springframework/boot/spring-boot-actuator/3.3.0/spring-boot-actuator-3.3.0.jar (675 kB at 1.0 MB/s)
#13 56.94 [INFO] Downloading from central: https://repo.maven.apache.org/maven2/io/micrometer/micrometer-observation/1.13.0/micrometer-observation-1.13.0.jar
#13 56.97 [INFO] Downloaded from central: https://repo.maven.apache.org/maven2/org/springframework/boot/spring-boot/3.3.0/spring-boot-3.3.0.jar (1.6 MB at 2.4 MB/s)
#13 56.97 [INFO] Downloading from central: https://repo.maven.apache.org/maven2/io/micrometer/micrometer-commons/1.13.0/micrometer-commons-1.13.0.jar
#13 56.98 [INFO] Downloaded from central: https://repo.maven.apache.org/maven2/com/fasterxml/jackson/core/jackson-databind/2.17.1/jackson-databind-2.17.1.jar (1.6 MB at 2.4 MB/s)
#13 56.99 [INFO] Downloading from central: https://repo.maven.apache.org/maven2/io/micrometer/micrometer-jakarta9/1.13.0/micrometer-jakarta9-1.13.0.jar
#13 56.99 [INFO] Downloaded from central: https://repo.maven.apache.org/maven2/io/micrometer/micrometer-observation/1.13.0/micrometer-observation-1.13.0.jar (72 kB at 102 kB/s)
#13 56.99 [INFO] Downloading from central: https://repo.maven.apache.org/maven2/io/micrometer/micrometer-core/1.13.0/micrometer-core-1.13.0.jar
#13 57.00 [INFO] Downloaded from central: https://repo.maven.apache.org/maven2/com/fasterxml/jackson/datatype/jackson-datatype-jsr310/2.17.1/jackson-datatype-jsr310-2.17.1.jar (132 kB at 187 kB/s)
#13 57.00 [INFO] Downloading from central: https://repo.maven.apache.org/maven2/org/hdrhistogram/HdrHistogram/2.2.1/HdrHistogram-2.2.1.jar
#13 57.00 [INFO] Downloaded from central: https://repo.maven.apache.org/maven2/com/fasterxml/jackson/core/jackson-core/2.17.1/jackson-core-2.17.1.jar (582 kB at 818 kB/s)
#13 57.01 [INFO] Downloaded from central: https://repo.maven.apache.org/maven2/io/micrometer/micrometer-commons/1.13.0/micrometer-commons-1.13.0.jar (48 kB at 66 kB/s)
#13 57.03 [INFO] Downloaded from central: https://repo.maven.apache.org/maven2/io/micrometer/micrometer-jakarta9/1.13.0/micrometer-jakarta9-1.13.0.jar (32 kB at 44 kB/s)
#13 57.05 [INFO] Downloaded from central: https://repo.maven.apache.org/maven2/org/hdrhistogram/HdrHistogram/2.2.1/HdrHistogram-2.2.1.jar (176 kB at 230 kB/s)
#13 57.08 [INFO] Downloaded from central: https://repo.maven.apache.org/maven2/io/micrometer/micrometer-core/1.13.0/micrometer-core-1.13.0.jar (862 kB at 1.1 MB/s)
#13 57.09 [INFO] Downloading from central: https://repo.maven.apache.org/maven2/org/springframework/boot/spring-boot-starter-test/3.3.4/spring-boot-starter-test-3.3.4.pom
#13 57.12 [INFO] Downloaded from central: https://repo.maven.apache.org/maven2/org/springframework/boot/spring-boot-starter-test/3.3.4/spring-boot-starter-test-3.3.4.pom (5.1 kB at 137 kB/s)
#13 57.13 [INFO] Downloading from central: https://repo.maven.apache.org/maven2/org/springframework/boot/spring-boot-test/3.3.4/spring-boot-test-3.3.4.pom
#13 57.16 [INFO] Downloaded from central: https://repo.maven.apache.org/maven2/org/springframework/boot/spring-boot-test/3.3.4/spring-boot-test-3.3.4.pom (2.2 kB at 67 kB/s)
#13 57.16 [INFO] Downloading from central: https://repo.maven.apache.org/maven2/org/springframework/spring-test/6.1.13/spring-test-6.1.13.pom
#13 57.20 [INFO] Downloaded from central: https://repo.maven.apache.org/maven2/org/springframework/spring-test/6.1.13/spring-test-6.1.13.pom (2.1 kB at 56 kB/s)
#13 57.20 [INFO] Downloading from central: https://repo.maven.apache.org/maven2/org/springframework/boot/spring-boot-test-autoconfigure/3.3.4/spring-boot-test-autoconfigure-3.3.4.pom
#13 57.24 [INFO] Downloaded from central: https://repo.maven.apache.org/maven2/org/springframework/boot/spring-boot-test-autoconfigure/3.3.4/spring-boot-test-autoconfigure-3.3.4.pom (2.5 kB at 69 kB/s)
#13 57.24 [INFO] Downloading from central: https://repo.maven.apache.org/maven2/com/jayway/jsonpath/json-path/2.9.0/json-path-2.9.0.pom
#13 57.28 [INFO] Downloaded from central: https://repo.maven.apache.org/maven2/com/jayway/jsonpath/json-path/2.9.0/json-path-2.9.0.pom (1.9 kB at 46 kB/s)
#13 57.28 [INFO] Downloading from central: https://repo.maven.apache.org/maven2/net/minidev/json-smart/2.5.0/json-smart-2.5.0.pom
#13 57.33 [INFO] Downloaded from central: https://repo.maven.apache.org/maven2/net/minidev/json-smart/2.5.0/json-smart-2.5.0.pom (9.2 kB at 204 kB/s)
#13 57.33 [INFO] Downloading from central: https://repo.maven.apache.org/maven2/net/minidev/accessors-smart/2.5.0/accessors-smart-2.5.0.pom
#13 57.37 [INFO] Downloaded from central: https://repo.maven.apache.org/maven2/net/minidev/accessors-smart/2.5.0/accessors-smart-2.5.0.pom (11 kB at 259 kB/s)
#13 57.37 [INFO] Downloading from central: https://repo.maven.apache.org/maven2/org/ow2/asm/asm/9.3/asm-9.3.pom
#13 57.41 [INFO] Downloaded from central: https://repo.maven.apache.org/maven2/org/ow2/asm/asm/9.3/asm-9.3.pom (2.4 kB at 62 kB/s)
#13 57.41 [INFO] Downloading from central: https://repo.maven.apache.org/maven2/org/ow2/ow2/1.5/ow2-1.5.pom
#13 57.45 [INFO] Downloaded from central: https://repo.maven.apache.org/maven2/org/ow2/ow2/1.5/ow2-1.5.pom (11 kB at 296 kB/s)
#13 57.45 [INFO] Downloading from central: https://repo.maven.apache.org/maven2/org/slf4j/slf4j-api/2.0.11/slf4j-api-2.0.11.pom
#13 57.49 [INFO] Downloaded from central: https://repo.maven.apache.org/maven2/org/slf4j/slf4j-api/2.0.11/slf4j-api-2.0.11.pom (2.8 kB at 71 kB/s)
#13 57.49 [INFO] Downloading from central: https://repo.maven.apache.org/maven2/org/slf4j/slf4j-parent/2.0.11/slf4j-parent-2.0.11.pom
#13 57.53 [INFO] Downloaded from central: https://repo.maven.apache.org/maven2/org/slf4j/slf4j-parent/2.0.11/slf4j-parent-2.0.11.pom (15 kB at 406 kB/s)
#13 57.53 [INFO] Downloading from central: https://repo.maven.apache.org/maven2/org/slf4j/slf4j-bom/2.0.11/slf4j-bom-2.0.11.pom
#13 57.57 [INFO] Downloaded from central: https://repo.maven.apache.org/maven2/org/slf4j/slf4j-bom/2.0.11/slf4j-bom-2.0.11.pom (7.3 kB at 179 kB/s)
#13 57.58 [INFO] Downloading from central: https://repo.maven.apache.org/maven2/net/minidev/json-smart/2.5.1/json-smart-2.5.1.pom
#13 57.61 [INFO] Downloaded from central: https://repo.maven.apache.org/maven2/net/minidev/json-smart/2.5.1/json-smart-2.5.1.pom (9.3 kB at 299 kB/s)
#13 57.61 [INFO] Downloading from central: https://repo.maven.apache.org/maven2/net/minidev/accessors-smart/2.5.1/accessors-smart-2.5.1.pom
#13 57.65 [INFO] Downloaded from central: https://repo.maven.apache.org/maven2/net/minidev/accessors-smart/2.5.1/accessors-smart-2.5.1.pom (11 kB at 266 kB/s)
#13 57.65 [INFO] Downloading from central: https://repo.maven.apache.org/maven2/org/assertj/assertj-core/3.25.3/assertj-core-3.25.3.pom
#13 57.69 [INFO] Downloaded from central: https://repo.maven.apache.org/maven2/org/assertj/assertj-core/3.25.3/assertj-core-3.25.3.pom (3.8 kB at 89 kB/s)
#13 57.70 [INFO] Downloading from central: https://repo.maven.apache.org/maven2/net/bytebuddy/byte-buddy/1.14.11/byte-buddy-1.14.11.pom
#13 57.74 [INFO] Downloaded from central: https://repo.maven.apache.org/maven2/net/bytebuddy/byte-buddy/1.14.11/byte-buddy-1.14.11.pom (16 kB at 386 kB/s)
#13 57.74 [INFO] Downloading from central: https://repo.maven.apache.org/maven2/net/bytebuddy/byte-buddy-parent/1.14.11/byte-buddy-parent-1.14.11.pom
#13 57.79 [INFO] Downloaded from central: https://repo.maven.apache.org/maven2/net/bytebuddy/byte-buddy-parent/1.14.11/byte-buddy-parent-1.14.11.pom (62 kB at 1.2 MB/s)
#13 57.79 [INFO] Downloading from central: https://repo.maven.apache.org/maven2/org/awaitility/awaitility/4.2.2/awaitility-4.2.2.pom
#13 57.83 [INFO] Downloaded from central: https://repo.maven.apache.org/maven2/org/awaitility/awaitility/4.2.2/awaitility-4.2.2.pom (3.5 kB at 91 kB/s)
#13 57.83 [INFO] Downloading from central: https://repo.maven.apache.org/maven2/org/awaitility/awaitility-parent/4.2.2/awaitility-parent-4.2.2.pom
#13 57.87 [INFO] Downloaded from central: https://repo.maven.apache.org/maven2/org/awaitility/awaitility-parent/4.2.2/awaitility-parent-4.2.2.pom (11 kB at 310 kB/s)
#13 57.87 [INFO] Downloading from central: https://repo.maven.apache.org/maven2/org/hamcrest/hamcrest/2.1/hamcrest-2.1.pom
#13 57.92 [INFO] Downloaded from central: https://repo.maven.apache.org/maven2/org/hamcrest/hamcrest/2.1/hamcrest-2.1.pom (1.1 kB at 28 kB/s)
#13 57.92 [INFO] Downloading from central: https://repo.maven.apache.org/maven2/org/hamcrest/hamcrest/2.2/hamcrest-2.2.pom
#13 57.96 [INFO] Downloaded from central: https://repo.maven.apache.org/maven2/org/hamcrest/hamcrest/2.2/hamcrest-2.2.pom (1.1 kB at 30 kB/s)
#13 57.96 [INFO] Downloading from central: https://repo.maven.apache.org/maven2/org/junit/jupiter/junit-jupiter/5.10.3/junit-jupiter-5.10.3.pom
#13 58.01 [INFO] Downloaded from central: https://repo.maven.apache.org/maven2/org/junit/jupiter/junit-jupiter/5.10.3/junit-jupiter-5.10.3.pom (3.2 kB at 67 kB/s)
#13 58.01 [INFO] Downloading from central: https://repo.maven.apache.org/maven2/org/junit/jupiter/junit-jupiter-api/5.10.3/junit-jupiter-api-5.10.3.pom
#13 58.04 [INFO] Downloaded from central: https://repo.maven.apache.org/maven2/org/junit/jupiter/junit-jupiter-api/5.10.3/junit-jupiter-api-5.10.3.pom (3.2 kB at 94 kB/s)
#13 58.04 [INFO] Downloading from central: https://repo.maven.apache.org/maven2/org/junit/platform/junit-platform-commons/1.10.3/junit-platform-commons-1.10.3.pom
#13 58.10 [INFO] Downloaded from central: https://repo.maven.apache.org/maven2/org/junit/platform/junit-platform-commons/1.10.3/junit-platform-commons-1.10.3.pom (2.8 kB at 47 kB/s)
#13 58.10 [INFO] Downloading from central: https://repo.maven.apache.org/maven2/org/junit/jupiter/junit-jupiter-params/5.10.3/junit-jupiter-params-5.10.3.pom
#13 58.14 [INFO] Downloaded from central: https://repo.maven.apache.org/maven2/org/junit/jupiter/junit-jupiter-params/5.10.3/junit-jupiter-params-5.10.3.pom (3.0 kB at 77 kB/s)
#13 58.14 [INFO] Downloading from central: https://repo.maven.apache.org/maven2/org/junit/jupiter/junit-jupiter-engine/5.10.3/junit-jupiter-engine-5.10.3.pom
#13 58.18 [INFO] Downloaded from central: https://repo.maven.apache.org/maven2/org/junit/jupiter/junit-jupiter-engine/5.10.3/junit-jupiter-engine-5.10.3.pom (3.2 kB at 103 kB/s)
#13 58.18 [INFO] Downloading from central: https://repo.maven.apache.org/maven2/org/junit/platform/junit-platform-engine/1.10.3/junit-platform-engine-1.10.3.pom
#13 58.22 [INFO] Downloaded from central: https://repo.maven.apache.org/maven2/org/junit/platform/junit-platform-engine/1.10.3/junit-platform-engine-1.10.3.pom (3.2 kB at 73 kB/s)
#13 58.22 [INFO] Downloading from central: https://repo.maven.apache.org/maven2/org/mockito/mockito-core/5.11.0/mockito-core-5.11.0.pom
#13 58.26 [INFO] Downloaded from central: https://repo.maven.apache.org/maven2/org/mockito/mockito-core/5.11.0/mockito-core-5.11.0.pom (2.5 kB at 75 kB/s)
#13 58.26 [INFO] Downloading from central: https://repo.maven.apache.org/maven2/net/bytebuddy/byte-buddy/1.14.12/byte-buddy-1.14.12.pom
#13 58.30 [INFO] Downloaded from central: https://repo.maven.apache.org/maven2/net/bytebuddy/byte-buddy/1.14.12/byte-buddy-1.14.12.pom (16 kB at 352 kB/s)
#13 58.31 [INFO] Downloading from central: https://repo.maven.apache.org/maven2/net/bytebuddy/byte-buddy-parent/1.14.12/byte-buddy-parent-1.14.12.pom
#13 58.38 [INFO] Downloaded from central: https://repo.maven.apache.org/maven2/net/bytebuddy/byte-buddy-parent/1.14.12/byte-buddy-parent-1.14.12.pom (63 kB at 859 kB/s)
#13 58.38 [INFO] Downloading from central: https://repo.maven.apache.org/maven2/net/bytebuddy/byte-buddy-agent/1.14.12/byte-buddy-agent-1.14.12.pom
#13 58.43 [INFO] Downloaded from central: https://repo.maven.apache.org/maven2/net/bytebuddy/byte-buddy-agent/1.14.12/byte-buddy-agent-1.14.12.pom (10 kB at 227 kB/s)
#13 58.43 [INFO] Downloading from central: https://repo.maven.apache.org/maven2/org/objenesis/objenesis/3.3/objenesis-3.3.pom
#13 58.48 [INFO] Downloaded from central: https://repo.maven.apache.org/maven2/org/objenesis/objenesis/3.3/objenesis-3.3.pom (3.0 kB at 61 kB/s)
#13 58.48 [INFO] Downloading from central: https://repo.maven.apache.org/maven2/org/objenesis/objenesis-parent/3.3/objenesis-parent-3.3.pom
#13 58.52 [INFO] Downloaded from central: https://repo.maven.apache.org/maven2/org/objenesis/objenesis-parent/3.3/objenesis-parent-3.3.pom (19 kB at 435 kB/s)
#13 58.52 [INFO] Downloading from central: https://repo.maven.apache.org/maven2/org/mockito/mockito-junit-jupiter/5.11.0/mockito-junit-jupiter-5.11.0.pom
#13 58.57 [INFO] Downloaded from central: https://repo.maven.apache.org/maven2/org/mockito/mockito-junit-jupiter/5.11.0/mockito-junit-jupiter-5.11.0.pom (2.3 kB at 48 kB/s)
#13 58.57 [INFO] Downloading from central: https://repo.maven.apache.org/maven2/org/skyscreamer/jsonassert/1.5.3/jsonassert-1.5.3.pom
#13 58.62 [INFO] Downloaded from central: https://repo.maven.apache.org/maven2/org/skyscreamer/jsonassert/1.5.3/jsonassert-1.5.3.pom (7.0 kB at 149 kB/s)
#13 58.62 [INFO] Downloading from central: https://repo.maven.apache.org/maven2/com/vaadin/external/google/android-json/0.0.20131108.vaadin1/android-json-0.0.20131108.vaadin1.pom
#13 58.66 [INFO] Downloaded from central: https://repo.maven.apache.org/maven2/com/vaadin/external/google/android-json/0.0.20131108.vaadin1/android-json-0.0.20131108.vaadin1.pom (2.8 kB at 68 kB/s)
#13 58.67 [INFO] Downloading from central: https://repo.maven.apache.org/maven2/org/xmlunit/xmlunit-core/2.9.1/xmlunit-core-2.9.1.pom
#13 58.71 [INFO] Downloaded from central: https://repo.maven.apache.org/maven2/org/xmlunit/xmlunit-core/2.9.1/xmlunit-core-2.9.1.pom (2.4 kB at 54 kB/s)
#13 58.71 [INFO] Downloading from central: https://repo.maven.apache.org/maven2/org/xmlunit/xmlunit-parent/2.9.1/xmlunit-parent-2.9.1.pom
#13 58.77 [INFO] Downloaded from central: https://repo.maven.apache.org/maven2/org/xmlunit/xmlunit-parent/2.9.1/xmlunit-parent-2.9.1.pom (21 kB at 365 kB/s)
#13 58.77 [INFO] Downloading from central: https://repo.maven.apache.org/maven2/jakarta/xml/bind/jakarta.xml.bind-api/2.3.3/jakarta.xml.bind-api-2.3.3.pom
#13 58.82 [INFO] Downloaded from central: https://repo.maven.apache.org/maven2/jakarta/xml/bind/jakarta.xml.bind-api/2.3.3/jakarta.xml.bind-api-2.3.3.pom (13 kB at 279 kB/s)
#13 58.82 [INFO] Downloading from central: https://repo.maven.apache.org/maven2/jakarta/xml/bind/jakarta.xml.bind-api-parent/2.3.3/jakarta.xml.bind-api-parent-2.3.3.pom
#13 58.87 [INFO] Downloaded from central: https://repo.maven.apache.org/maven2/jakarta/xml/bind/jakarta.xml.bind-api-parent/2.3.3/jakarta.xml.bind-api-parent-2.3.3.pom (9.0 kB at 195 kB/s)
#13 58.87 [INFO] Downloading from central: https://repo.maven.apache.org/maven2/jakarta/activation/jakarta.activation-api/1.2.2/jakarta.activation-api-1.2.2.pom
#13 58.91 [INFO] Downloaded from central: https://repo.maven.apache.org/maven2/jakarta/activation/jakarta.activation-api/1.2.2/jakarta.activation-api-1.2.2.pom (5.3 kB at 115 kB/s)
#13 58.91 [INFO] Downloading from central: https://repo.maven.apache.org/maven2/com/sun/activation/all/1.2.2/all-1.2.2.pom
#13 58.97 [INFO] Downloaded from central: https://repo.maven.apache.org/maven2/com/sun/activation/all/1.2.2/all-1.2.2.pom (15 kB at 297 kB/s)
#13 58.97 [INFO] Downloading from central: https://repo.maven.apache.org/maven2/org/springframework/boot/spring-boot-starter-test/3.3.4/spring-boot-starter-test-3.3.4.jar
#13 59.01 [INFO] Downloaded from central: https://repo.maven.apache.org/maven2/org/springframework/boot/spring-boot-starter-test/3.3.4/spring-boot-starter-test-3.3.4.jar (4.8 kB at 123 kB/s)
#13 59.01 [INFO] Downloading from central: https://repo.maven.apache.org/maven2/org/springframework/boot/spring-boot-test/3.3.4/spring-boot-test-3.3.4.jar
#13 59.01 [INFO] Downloading from central: https://repo.maven.apache.org/maven2/org/springframework/boot/spring-boot-test-autoconfigure/3.3.4/spring-boot-test-autoconfigure-3.3.4.jar
#13 59.01 [INFO] Downloading from central: https://repo.maven.apache.org/maven2/com/jayway/jsonpath/json-path/2.9.0/json-path-2.9.0.jar
#13 59.01 [INFO] Downloading from central: https://repo.maven.apache.org/maven2/org/slf4j/slf4j-api/2.0.11/slf4j-api-2.0.11.jar
#13 59.01 [INFO] Downloading from central: https://repo.maven.apache.org/maven2/net/minidev/json-smart/2.5.1/json-smart-2.5.1.jar
#13 59.11 [INFO] Downloaded from central: https://repo.maven.apache.org/maven2/org/slf4j/slf4j-api/2.0.11/slf4j-api-2.0.11.jar (68 kB at 652 kB/s)
#13 59.11 [INFO] Downloading from central: https://repo.maven.apache.org/maven2/net/minidev/accessors-smart/2.5.1/accessors-smart-2.5.1.jar
#13 59.13 [INFO] Downloaded from central: https://repo.maven.apache.org/maven2/net/minidev/json-smart/2.5.1/json-smart-2.5.1.jar (122 kB at 1.0 MB/s)
#13 59.13 [INFO] Downloading from central: https://repo.maven.apache.org/maven2/org/assertj/assertj-core/3.25.3/assertj-core-3.25.3.jar
#13 59.14 [INFO] Downloaded from central: https://repo.maven.apache.org/maven2/org/springframework/boot/spring-boot-test-autoconfigure/3.3.4/spring-boot-test-autoconfigure-3.3.4.jar (219 kB at 1.7 MB/s)
#13 59.14 [INFO] Downloading from central: https://repo.maven.apache.org/maven2/net/bytebuddy/byte-buddy/1.14.11/byte-buddy-1.14.11.jar
#13 59.14 [INFO] Downloaded from central: https://repo.maven.apache.org/maven2/com/jayway/jsonpath/json-path/2.9.0/json-path-2.9.0.jar (277 kB at 2.1 MB/s)
#13 59.14 [INFO] Downloading from central: https://repo.maven.apache.org/maven2/org/awaitility/awaitility/4.2.2/awaitility-4.2.2.jar
#13 59.15 [INFO] Downloaded from central: https://repo.maven.apache.org/maven2/org/springframework/boot/spring-boot-test/3.3.4/spring-boot-test-3.3.4.jar (249 kB at 1.8 MB/s)
#13 59.15 [INFO] Downloading from central: https://repo.maven.apache.org/maven2/org/hamcrest/hamcrest/2.2/hamcrest-2.2.jar
#13 59.16 [INFO] Downloaded from central: https://repo.maven.apache.org/maven2/net/minidev/accessors-smart/2.5.1/accessors-smart-2.5.1.jar (30 kB at 203 kB/s)
#13 59.16 [INFO] Downloading from central: https://repo.maven.apache.org/maven2/org/junit/jupiter/junit-jupiter/5.10.3/junit-jupiter-5.10.3.jar
#13 59.18 [INFO] Downloaded from central: https://repo.maven.apache.org/maven2/org/awaitility/awaitility/4.2.2/awaitility-4.2.2.jar (97 kB at 572 kB/s)
#13 59.18 [INFO] Downloading from central: https://repo.maven.apache.org/maven2/org/junit/jupiter/junit-jupiter-api/5.10.3/junit-jupiter-api-5.10.3.jar
#13 59.20 [INFO] Downloaded from central: https://repo.maven.apache.org/maven2/org/junit/jupiter/junit-jupiter/5.10.3/junit-jupiter-5.10.3.jar (6.4 kB at 34 kB/s)
#13 59.20 [INFO] Downloading from central: https://repo.maven.apache.org/maven2/org/junit/platform/junit-platform-commons/1.10.3/junit-platform-commons-1.10.3.jar
#13 59.21 [INFO] Downloaded from central: https://repo.maven.apache.org/maven2/org/hamcrest/hamcrest/2.2/hamcrest-2.2.jar (123 kB at 620 kB/s)
#13 59.21 [INFO] Downloading from central: https://repo.maven.apache.org/maven2/org/junit/jupiter/junit-jupiter-params/5.10.3/junit-jupiter-params-5.10.3.jar
#13 59.23 [INFO] Downloaded from central: https://repo.maven.apache.org/maven2/org/junit/jupiter/junit-jupiter-api/5.10.3/junit-jupiter-api-5.10.3.jar (211 kB at 970 kB/s)
#13 59.23 [INFO] Downloading from central: https://repo.maven.apache.org/maven2/org/junit/jupiter/junit-jupiter-engine/5.10.3/junit-jupiter-engine-5.10.3.jar
#13 59.25 [INFO] Downloaded from central: https://repo.maven.apache.org/maven2/org/assertj/assertj-core/3.25.3/assertj-core-3.25.3.jar (1.4 MB at 5.8 MB/s)
#13 59.25 [INFO] Downloading from central: https://repo.maven.apache.org/maven2/org/junit/platform/junit-platform-engine/1.10.3/junit-platform-engine-1.10.3.jar
#13 59.27 [INFO] Downloaded from central: https://repo.maven.apache.org/maven2/org/junit/platform/junit-platform-commons/1.10.3/junit-platform-commons-1.10.3.jar (106 kB at 404 kB/s)
#13 59.27 [INFO] Downloading from central: https://repo.maven.apache.org/maven2/org/mockito/mockito-core/5.11.0/mockito-core-5.11.0.jar
#13 59.28 [INFO] Downloaded from central: https://repo.maven.apache.org/maven2/org/junit/jupiter/junit-jupiter-engine/5.10.3/junit-jupiter-engine-5.10.3.jar (245 kB at 903 kB/s)
#13 59.28 [INFO] Downloading from central: https://repo.maven.apache.org/maven2/net/bytebuddy/byte-buddy-agent/1.14.12/byte-buddy-agent-1.14.12.jar
#13 59.30 [INFO] Downloaded from central: https://repo.maven.apache.org/maven2/org/junit/platform/junit-platform-engine/1.10.3/junit-platform-engine-1.10.3.jar (205 kB at 704 kB/s)
#13 59.30 [INFO] Downloading from central: https://repo.maven.apache.org/maven2/org/objenesis/objenesis/3.3/objenesis-3.3.jar
#13 59.31 [INFO] Downloaded from central: https://repo.maven.apache.org/maven2/org/junit/jupiter/junit-jupiter-params/5.10.3/junit-jupiter-params-5.10.3.jar (586 kB at 2.0 MB/s)
#13 59.31 [INFO] Downloading from central: https://repo.maven.apache.org/maven2/org/mockito/mockito-junit-jupiter/5.11.0/mockito-junit-jupiter-5.11.0.jar
#13 59.34 [INFO] Downloaded from central: https://repo.maven.apache.org/maven2/org/objenesis/objenesis/3.3/objenesis-3.3.jar (49 kB at 151 kB/s)
#13 59.34 [INFO] Downloading from central: https://repo.maven.apache.org/maven2/org/skyscreamer/jsonassert/1.5.3/jsonassert-1.5.3.jar
#13 59.34 [INFO] Downloaded from central: https://repo.maven.apache.org/maven2/net/bytebuddy/byte-buddy-agent/1.14.12/byte-buddy-agent-1.14.12.jar (257 kB at 783 kB/s)
#13 59.34 [INFO] Downloading from central: https://repo.maven.apache.org/maven2/com/vaadin/external/google/android-json/0.0.20131108.vaadin1/android-json-0.0.20131108.vaadin1.jar
#13 59.35 [INFO] Downloaded from central: https://repo.maven.apache.org/maven2/org/mockito/mockito-junit-jupiter/5.11.0/mockito-junit-jupiter-5.11.0.jar (8.9 kB at 26 kB/s)
#13 59.35 [INFO] Downloading from central: https://repo.maven.apache.org/maven2/org/springframework/spring-test/6.1.13/spring-test-6.1.13.jar
#13 59.37 [INFO] Downloaded from central: https://repo.maven.apache.org/maven2/org/skyscreamer/jsonassert/1.5.3/jsonassert-1.5.3.jar (31 kB at 86 kB/s)
#13 59.37 [INFO] Downloading from central: https://repo.maven.apache.org/maven2/org/xmlunit/xmlunit-core/2.9.1/xmlunit-core-2.9.1.jar
#13 59.40 [INFO] Downloaded from central: https://repo.maven.apache.org/maven2/com/vaadin/external/google/android-json/0.0.20131108.vaadin1/android-json-0.0.20131108.vaadin1.jar (18 kB at 47 kB/s)
#13 59.40 [INFO] Downloaded from central: https://repo.maven.apache.org/maven2/org/mockito/mockito-core/5.11.0/mockito-core-5.11.0.jar (704 kB at 1.8 MB/s)
#13 59.43 [INFO] Downloaded from central: https://repo.maven.apache.org/maven2/org/springframework/spring-test/6.1.13/spring-test-6.1.13.jar (857 kB at 2.0 MB/s)
#13 59.44 [INFO] Downloaded from central: https://repo.maven.apache.org/maven2/org/xmlunit/xmlunit-core/2.9.1/xmlunit-core-2.9.1.jar (175 kB at 409 kB/s)
#13 59.56 [INFO] Downloaded from central: https://repo.maven.apache.org/maven2/net/bytebuddy/byte-buddy/1.14.11/byte-buddy-1.14.11.jar (4.2 MB at 7.7 MB/s)
#13 59.57 [INFO] Downloading from central: https://repo.maven.apache.org/maven2/org/springframework/boot/spring-boot-testcontainers/3.3.4/spring-boot-testcontainers-3.3.4.pom
#13 59.63 [INFO] Downloaded from central: https://repo.maven.apache.org/maven2/org/springframework/boot/spring-boot-testcontainers/3.3.4/spring-boot-testcontainers-3.3.4.pom (2.3 kB at 40 kB/s)
#13 59.63 [INFO] Downloading from central: https://repo.maven.apache.org/maven2/org/springframework/boot/spring-boot-testcontainers/3.3.4/spring-boot-testcontainers-3.3.4.jar
#13 59.72 [INFO] Downloaded from central: https://repo.maven.apache.org/maven2/org/springframework/boot/spring-boot-testcontainers/3.3.4/spring-boot-testcontainers-3.3.4.jar (120 kB at 1.2 MB/s)
#13 59.73 [INFO] Downloading from central: https://repo.maven.apache.org/maven2/org/springframework/boot/spring-boot-starter-web/3.3.4/spring-boot-starter-web-3.3.4.pom
#13 59.78 [INFO] Downloaded from central: https://repo.maven.apache.org/maven2/org/springframework/boot/spring-boot-starter-web/3.3.4/spring-boot-starter-web-3.3.4.pom (2.9 kB at 59 kB/s)
#13 59.78 [INFO] Downloading from central: https://repo.maven.apache.org/maven2/org/springframework/boot/spring-boot-starter-json/3.3.4/spring-boot-starter-json-3.3.4.pom
#13 59.82 [INFO] Downloaded from central: https://repo.maven.apache.org/maven2/org/springframework/boot/spring-boot-starter-json/3.3.4/spring-boot-starter-json-3.3.4.pom (3.1 kB at 70 kB/s)
#13 59.83 [INFO] Downloading from central: https://repo.maven.apache.org/maven2/org/springframework/spring-web/6.1.13/spring-web-6.1.13.pom
#13 59.86 [INFO] Downloaded from central: https://repo.maven.apache.org/maven2/org/springframework/spring-web/6.1.13/spring-web-6.1.13.pom (2.4 kB at 60 kB/s)
#13 59.87 [INFO] Downloading from central: https://repo.maven.apache.org/maven2/com/fasterxml/jackson/datatype/jackson-datatype-jdk8/2.17.2/jackson-datatype-jdk8-2.17.2.pom
#13 59.92 [INFO] Downloaded from central: https://repo.maven.apache.org/maven2/com/fasterxml/jackson/datatype/jackson-datatype-jdk8/2.17.2/jackson-datatype-jdk8-2.17.2.pom (2.6 kB at 57 kB/s)
#13 59.93 [INFO] Downloading from central: https://repo.maven.apache.org/maven2/com/fasterxml/jackson/module/jackson-module-parameter-names/2.17.2/jackson-module-parameter-names-2.17.2.pom
#13 59.97 [INFO] Downloaded from central: https://repo.maven.apache.org/maven2/com/fasterxml/jackson/module/jackson-module-parameter-names/2.17.2/jackson-module-parameter-names-2.17.2.pom (4.2 kB at 96 kB/s)
#13 59.97 [INFO] Downloading from central: https://repo.maven.apache.org/maven2/org/springframework/boot/spring-boot-starter-tomcat/3.3.4/spring-boot-starter-tomcat-3.3.4.pom
#13 60.02 [INFO] Downloaded from central: https://repo.maven.apache.org/maven2/org/springframework/boot/spring-boot-starter-tomcat/3.3.4/spring-boot-starter-tomcat-3.3.4.pom (3.1 kB at 78 kB/s)
#13 60.02 [INFO] Downloading from central: https://repo.maven.apache.org/maven2/org/apache/tomcat/embed/tomcat-embed-core/10.1.30/tomcat-embed-core-10.1.30.pom
#13 60.05 [INFO] Downloaded from central: https://repo.maven.apache.org/maven2/org/apache/tomcat/embed/tomcat-embed-core/10.1.30/tomcat-embed-core-10.1.30.pom (1.7 kB at 50 kB/s)
#13 60.05 [INFO] Downloading from central: https://repo.maven.apache.org/maven2/org/apache/tomcat/embed/tomcat-embed-el/10.1.30/tomcat-embed-el-10.1.30.pom
#13 60.13 [INFO] Downloaded from central: https://repo.maven.apache.org/maven2/org/apache/tomcat/embed/tomcat-embed-el/10.1.30/tomcat-embed-el-10.1.30.pom (1.5 kB at 21 kB/s)
#13 60.13 [INFO] Downloading from central: https://repo.maven.apache.org/maven2/org/apache/tomcat/embed/tomcat-embed-websocket/10.1.30/tomcat-embed-websocket-10.1.30.pom
#13 60.18 [INFO] Downloaded from central: https://repo.maven.apache.org/maven2/org/apache/tomcat/embed/tomcat-embed-websocket/10.1.30/tomcat-embed-websocket-10.1.30.pom (1.7 kB at 36 kB/s)
#13 60.18 [INFO] Downloading from central: https://repo.maven.apache.org/maven2/org/springframework/spring-webmvc/6.1.13/spring-webmvc-6.1.13.pom
#13 60.22 [INFO] Downloaded from central: https://repo.maven.apache.org/maven2/org/springframework/spring-webmvc/6.1.13/spring-webmvc-6.1.13.pom (3.0 kB at 80 kB/s)
#13 60.22 [INFO] Downloading from central: https://repo.maven.apache.org/maven2/org/springframework/boot/spring-boot-starter-web/3.3.4/spring-boot-starter-web-3.3.4.jar
#13 60.26 [INFO] Downloaded from central: https://repo.maven.apache.org/maven2/org/springframework/boot/spring-boot-starter-web/3.3.4/spring-boot-starter-web-3.3.4.jar (4.8 kB at 137 kB/s)
#13 60.26 [INFO] Downloading from central: https://repo.maven.apache.org/maven2/org/springframework/boot/spring-boot-starter-json/3.3.4/spring-boot-starter-json-3.3.4.jar
#13 60.26 [INFO] Downloading from central: https://repo.maven.apache.org/maven2/com/fasterxml/jackson/datatype/jackson-datatype-jdk8/2.17.2/jackson-datatype-jdk8-2.17.2.jar
#13 60.26 [INFO] Downloading from central: https://repo.maven.apache.org/maven2/com/fasterxml/jackson/module/jackson-module-parameter-names/2.17.2/jackson-module-parameter-names-2.17.2.jar
#13 60.26 [INFO] Downloading from central: https://repo.maven.apache.org/maven2/org/springframework/boot/spring-boot-starter-tomcat/3.3.4/spring-boot-starter-tomcat-3.3.4.jar
#13 60.26 [INFO] Downloading from central: https://repo.maven.apache.org/maven2/org/apache/tomcat/embed/tomcat-embed-core/10.1.30/tomcat-embed-core-10.1.30.jar
#13 60.31 [INFO] Downloaded from central: https://repo.maven.apache.org/maven2/com/fasterxml/jackson/datatype/jackson-datatype-jdk8/2.17.2/jackson-datatype-jdk8-2.17.2.jar (36 kB at 753 kB/s)
#13 60.31 [INFO] Downloading from central: https://repo.maven.apache.org/maven2/org/apache/tomcat/embed/tomcat-embed-el/10.1.30/tomcat-embed-el-10.1.30.jar
#13 60.31 [INFO] Downloaded from central: https://repo.maven.apache.org/maven2/org/springframework/boot/spring-boot-starter-tomcat/3.3.4/spring-boot-starter-tomcat-3.3.4.jar (4.8 kB at 98 kB/s)
#13 60.31 [INFO] Downloading from central: https://repo.maven.apache.org/maven2/org/apache/tomcat/embed/tomcat-embed-websocket/10.1.30/tomcat-embed-websocket-10.1.30.jar
#13 60.31 [INFO] Downloaded from central: https://repo.maven.apache.org/maven2/org/springframework/boot/spring-boot-starter-json/3.3.4/spring-boot-starter-json-3.3.4.jar (4.7 kB at 88 kB/s)
#13 60.31 [INFO] Downloading from central: https://repo.maven.apache.org/maven2/org/springframework/spring-web/6.1.13/spring-web-6.1.13.jar
#13 60.32 [INFO] Downloaded from central: https://repo.maven.apache.org/maven2/com/fasterxml/jackson/module/jackson-module-parameter-names/2.17.2/jackson-module-parameter-names-2.17.2.jar (10 kB at 191 kB/s)
#13 60.32 [INFO] Downloading from central: https://repo.maven.apache.org/maven2/org/springframework/spring-webmvc/6.1.13/spring-webmvc-6.1.13.jar
#13 60.39 [INFO] Downloaded from central: https://repo.maven.apache.org/maven2/org/apache/tomcat/embed/tomcat-embed-websocket/10.1.30/tomcat-embed-websocket-10.1.30.jar (282 kB at 2.3 MB/s)
#13 60.46 [INFO] Downloaded from central: https://repo.maven.apache.org/maven2/org/springframework/spring-webmvc/6.1.13/spring-webmvc-6.1.13.jar (1.0 MB at 5.3 MB/s)
#13 60.49 [INFO] Downloaded from central: https://repo.maven.apache.org/maven2/org/apache/tomcat/embed/tomcat-embed-el/10.1.30/tomcat-embed-el-10.1.30.jar (262 kB at 1.1 MB/s)
#13 60.53 [INFO] Downloaded from central: https://repo.maven.apache.org/maven2/org/apache/tomcat/embed/tomcat-embed-core/10.1.30/tomcat-embed-core-10.1.30.jar (3.6 MB at 13 MB/s)
#13 60.56 [INFO] Downloaded from central: https://repo.maven.apache.org/maven2/org/springframework/spring-web/6.1.13/spring-web-6.1.13.jar (1.9 MB at 6.3 MB/s)
#13 60.57 [INFO] Downloading from central: https://repo.maven.apache.org/maven2/org/apache/logging/log4j/log4j-api/2.17.1/log4j-api-2.17.1.pom
#13 60.60 [INFO] Downloaded from central: https://repo.maven.apache.org/maven2/org/apache/logging/log4j/log4j-api/2.17.1/log4j-api-2.17.1.pom (14 kB at 462 kB/s)
#13 60.60 [INFO] Downloading from central: https://repo.maven.apache.org/maven2/org/apache/logging/log4j/log4j/2.17.1/log4j-2.17.1.pom
#13 60.64 [INFO] Downloaded from central: https://repo.maven.apache.org/maven2/org/apache/logging/log4j/log4j/2.17.1/log4j-2.17.1.pom (69 kB at 1.7 MB/s)
#13 60.65 [INFO] Downloading from central: https://repo.maven.apache.org/maven2/org/apache/logging/logging-parent/3/logging-parent-3.pom
#13 60.68 [INFO] Downloaded from central: https://repo.maven.apache.org/maven2/org/apache/logging/logging-parent/3/logging-parent-3.pom (3.1 kB at 83 kB/s)
#13 60.69 [INFO] Downloading from central: https://repo.maven.apache.org/maven2/org/jboss/jboss-vfs/3.2.15.Final/jboss-vfs-3.2.15.Final.pom
#13 60.73 [INFO] Downloaded from central: https://repo.maven.apache.org/maven2/org/jboss/jboss-vfs/3.2.15.Final/jboss-vfs-3.2.15.Final.pom (7.1 kB at 173 kB/s)
#13 60.73 [INFO] Downloading from central: https://repo.maven.apache.org/maven2/org/jboss/jboss-parent/20/jboss-parent-20.pom
#13 60.77 [INFO] Downloaded from central: https://repo.maven.apache.org/maven2/org/jboss/jboss-parent/20/jboss-parent-20.pom (34 kB at 808 kB/s)
#13 60.77 [INFO] Downloading from central: https://repo.maven.apache.org/maven2/org/jboss/logging/jboss-logging/3.1.4.GA/jboss-logging-3.1.4.GA.pom
#13 60.81 [INFO] Downloaded from central: https://repo.maven.apache.org/maven2/org/jboss/logging/jboss-logging/3.1.4.GA/jboss-logging-3.1.4.GA.pom (5.0 kB at 132 kB/s)
#13 60.82 [INFO] Downloading from central: https://repo.maven.apache.org/maven2/org/jboss/jboss-parent/9/jboss-parent-9.pom
#13 60.87 [INFO] Downloaded from central: https://repo.maven.apache.org/maven2/org/jboss/jboss-parent/9/jboss-parent-9.pom (29 kB at 571 kB/s)
#13 60.87 [INFO] Downloading from central: https://repo.maven.apache.org/maven2/software/amazon/awssdk/s3/2.21.46/s3-2.21.46.pom
#13 60.92 [INFO] Downloaded from central: https://repo.maven.apache.org/maven2/software/amazon/awssdk/s3/2.21.46/s3-2.21.46.pom (8.2 kB at 163 kB/s)
#13 60.92 [INFO] Downloading from central: https://repo.maven.apache.org/maven2/software/amazon/awssdk/services/2.21.46/services-2.21.46.pom
#13 60.97 [INFO] Downloaded from central: https://repo.maven.apache.org/maven2/software/amazon/awssdk/services/2.21.46/services-2.21.46.pom (23 kB at 464 kB/s)
#13 60.97 [INFO] Downloading from central: https://repo.maven.apache.org/maven2/software/amazon/awssdk/aws-sdk-java-pom/2.21.46/aws-sdk-java-pom-2.21.46.pom
#13 61.04 [INFO] Downloaded from central: https://repo.maven.apache.org/maven2/software/amazon/awssdk/aws-sdk-java-pom/2.21.46/aws-sdk-java-pom-2.21.46.pom (79 kB at 1.1 MB/s)
#13 61.04 [INFO] Downloading from central: https://repo.maven.apache.org/maven2/software/amazon/awssdk/bom-internal/2.21.46/bom-internal-2.21.46.pom
#13 61.10 [INFO] Downloaded from central: https://repo.maven.apache.org/maven2/software/amazon/awssdk/bom-internal/2.21.46/bom-internal-2.21.46.pom (20 kB at 378 kB/s)
#13 61.10 [INFO] Downloading from central: https://repo.maven.apache.org/maven2/software/amazon/awssdk/aws-xml-protocol/2.21.46/aws-xml-protocol-2.21.46.pom
#13 61.14 [INFO] Downloaded from central: https://repo.maven.apache.org/maven2/software/amazon/awssdk/aws-xml-protocol/2.21.46/aws-xml-protocol-2.21.46.pom (4.0 kB at 95 kB/s)
#13 61.15 [INFO] Downloading from central: https://repo.maven.apache.org/maven2/software/amazon/awssdk/protocols/2.21.46/protocols-2.21.46.pom
#13 61.21 [INFO] Downloaded from central: https://repo.maven.apache.org/maven2/software/amazon/awssdk/protocols/2.21.46/protocols-2.21.46.pom (1.6 kB at 22 kB/s)
#13 61.22 [INFO] Downloading from central: https://repo.maven.apache.org/maven2/software/amazon/awssdk/core/2.21.46/core-2.21.46.pom
#13 61.27 [INFO] Downloaded from central: https://repo.maven.apache.org/maven2/software/amazon/awssdk/core/2.21.46/core-2.21.46.pom (2.5 kB at 45 kB/s)
#13 61.28 [INFO] Downloading from central: https://repo.maven.apache.org/maven2/software/amazon/awssdk/aws-query-protocol/2.21.46/aws-query-protocol-2.21.46.pom
#13 61.31 [INFO] Downloaded from central: https://repo.maven.apache.org/maven2/software/amazon/awssdk/aws-query-protocol/2.21.46/aws-query-protocol-2.21.46.pom (3.6 kB at 96 kB/s)
#13 61.32 [INFO] Downloading from central: https://repo.maven.apache.org/maven2/software/amazon/awssdk/protocol-core/2.21.46/protocol-core-2.21.46.pom
#13 61.37 [INFO] Downloaded from central: https://repo.maven.apache.org/maven2/software/amazon/awssdk/protocol-core/2.21.46/protocol-core-2.21.46.pom (3.2 kB at 70 kB/s)
#13 61.37 [INFO] Downloading from central: https://repo.maven.apache.org/maven2/software/amazon/awssdk/sdk-core/2.21.46/sdk-core-2.21.46.pom
#13 61.43 [INFO] Downloaded from central: https://repo.maven.apache.org/maven2/software/amazon/awssdk/sdk-core/2.21.46/sdk-core-2.21.46.pom (12 kB at 194 kB/s)
#13 61.43 [INFO] Downloading from central: https://repo.maven.apache.org/maven2/software/amazon/awssdk/annotations/2.21.46/annotations-2.21.46.pom
#13 61.48 [INFO] Downloaded from central: https://repo.maven.apache.org/maven2/software/amazon/awssdk/annotations/2.21.46/annotations-2.21.46.pom (1.7 kB at 38 kB/s)
#13 61.49 [INFO] Downloading from central: https://repo.maven.apache.org/maven2/software/amazon/awssdk/http-client-spi/2.21.46/http-client-spi-2.21.46.pom
#13 61.53 [INFO] Downloaded from central: https://repo.maven.apache.org/maven2/software/amazon/awssdk/http-client-spi/2.21.46/http-client-spi-2.21.46.pom (4.0 kB at 100 kB/s)
#13 61.53 [INFO] Downloading from central: https://repo.maven.apache.org/maven2/software/amazon/awssdk/utils/2.21.46/utils-2.21.46.pom
#13 61.59 [INFO] Downloaded from central: https://repo.maven.apache.org/maven2/software/amazon/awssdk/utils/2.21.46/utils-2.21.46.pom (4.9 kB at 91 kB/s)
#13 61.59 [INFO] Downloading from central: https://repo.maven.apache.org/maven2/software/amazon/awssdk/metrics-spi/2.21.46/metrics-spi-2.21.46.pom
#13 61.65 [INFO] Downloaded from central: https://repo.maven.apache.org/maven2/software/amazon/awssdk/metrics-spi/2.21.46/metrics-spi-2.21.46.pom (3.7 kB at 63 kB/s)
#13 61.65 [INFO] Downloading from central: https://repo.maven.apache.org/maven2/software/amazon/awssdk/endpoints-spi/2.21.46/endpoints-spi-2.21.46.pom
#13 61.72 [INFO] Downloaded from central: https://repo.maven.apache.org/maven2/software/amazon/awssdk/endpoints-spi/2.21.46/endpoints-spi-2.21.46.pom (2.6 kB at 38 kB/s)
#13 61.72 [INFO] Downloading from central: https://repo.maven.apache.org/maven2/software/amazon/awssdk/http-auth-spi/2.21.46/http-auth-spi-2.21.46.pom
#13 61.77 [INFO] Downloaded from central: https://repo.maven.apache.org/maven2/software/amazon/awssdk/http-auth-spi/2.21.46/http-auth-spi-2.21.46.pom (3.7 kB at 78 kB/s)
#13 61.77 [INFO] Downloading from central: https://repo.maven.apache.org/maven2/software/amazon/awssdk/identity-spi/2.21.46/identity-spi-2.21.46.pom
#13 61.82 [INFO] Downloaded from central: https://repo.maven.apache.org/maven2/software/amazon/awssdk/identity-spi/2.21.46/identity-spi-2.21.46.pom (3.0 kB at 63 kB/s)
#13 61.82 [INFO] Downloading from central: https://repo.maven.apache.org/maven2/software/amazon/awssdk/http-auth-aws/2.21.46/http-auth-aws-2.21.46.pom
#13 61.86 [INFO] Downloaded from central: https://repo.maven.apache.org/maven2/software/amazon/awssdk/http-auth-aws/2.21.46/http-auth-aws-2.21.46.pom (5.4 kB at 128 kB/s)
#13 61.87 [INFO] Downloading from central: https://repo.maven.apache.org/maven2/software/amazon/awssdk/checksums-spi/2.21.46/checksums-spi-2.21.46.pom
#13 61.91 [INFO] Downloaded from central: https://repo.maven.apache.org/maven2/software/amazon/awssdk/checksums-spi/2.21.46/checksums-spi-2.21.46.pom (2.2 kB at 47 kB/s)
#13 61.91 [INFO] Downloading from central: https://repo.maven.apache.org/maven2/software/amazon/awssdk/checksums/2.21.46/checksums-2.21.46.pom
#13 61.96 [INFO] Downloaded from central: https://repo.maven.apache.org/maven2/software/amazon/awssdk/checksums/2.21.46/checksums-2.21.46.pom (2.5 kB at 62 kB/s)
#13 61.96 [INFO] Downloading from central: https://repo.maven.apache.org/maven2/software/amazon/awssdk/profiles/2.21.46/profiles-2.21.46.pom
#13 62.01 [INFO] Downloaded from central: https://repo.maven.apache.org/maven2/software/amazon/awssdk/profiles/2.21.46/profiles-2.21.46.pom (2.9 kB at 55 kB/s)
#13 62.01 [INFO] Downloading from central: https://repo.maven.apache.org/maven2/software/amazon/awssdk/aws-core/2.21.46/aws-core-2.21.46.pom
#13 62.07 [INFO] Downloaded from central: https://repo.maven.apache.org/maven2/software/amazon/awssdk/aws-core/2.21.46/aws-core-2.21.46.pom (8.4 kB at 155 kB/s)
#13 62.07 [INFO] Downloading from central: https://repo.maven.apache.org/maven2/software/amazon/awssdk/regions/2.21.46/regions-2.21.46.pom
#13 62.12 [INFO] Downloaded from central: https://repo.maven.apache.org/maven2/software/amazon/awssdk/regions/2.21.46/regions-2.21.46.pom (5.6 kB at 102 kB/s)
#13 62.13 [INFO] Downloading from central: https://repo.maven.apache.org/maven2/software/amazon/awssdk/json-utils/2.21.46/json-utils-2.21.46.pom
#13 62.18 [INFO] Downloaded from central: https://repo.maven.apache.org/maven2/software/amazon/awssdk/json-utils/2.21.46/json-utils-2.21.46.pom (3.5 kB at 66 kB/s)
#13 62.18 [INFO] Downloading from central: https://repo.maven.apache.org/maven2/software/amazon/awssdk/third-party-jackson-core/2.21.46/third-party-jackson-core-2.21.46.pom
#13 62.22 [INFO] Downloaded from central: https://repo.maven.apache.org/maven2/software/amazon/awssdk/third-party-jackson-core/2.21.46/third-party-jackson-core-2.21.46.pom (4.5 kB at 114 kB/s)
#13 62.22 [INFO] Downloading from central: https://repo.maven.apache.org/maven2/software/amazon/awssdk/third-party/2.21.46/third-party-2.21.46.pom
#13 62.28 [INFO] Downloaded from central: https://repo.maven.apache.org/maven2/software/amazon/awssdk/third-party/2.21.46/third-party-2.21.46.pom (2.5 kB at 46 kB/s)
#13 62.28 [INFO] Downloading from central: https://repo.maven.apache.org/maven2/software/amazon/awssdk/auth/2.21.46/auth-2.21.46.pom
#13 62.33 [INFO] Downloaded from central: https://repo.maven.apache.org/maven2/software/amazon/awssdk/auth/2.21.46/auth-2.21.46.pom (7.6 kB at 159 kB/s)
#13 62.33 [INFO] Downloading from central: https://repo.maven.apache.org/maven2/software/amazon/awssdk/http-auth/2.21.46/http-auth-2.21.46.pom
#13 62.37 [INFO] Downloaded from central: https://repo.maven.apache.org/maven2/software/amazon/awssdk/http-auth/2.21.46/http-auth-2.21.46.pom (3.3 kB at 80 kB/s)
#13 62.38 [INFO] Downloading from central: https://repo.maven.apache.org/maven2/software/amazon/eventstream/eventstream/1.0.1/eventstream-1.0.1.pom
#13 62.42 [INFO] Downloaded from central: https://repo.maven.apache.org/maven2/software/amazon/eventstream/eventstream/1.0.1/eventstream-1.0.1.pom (6.1 kB at 144 kB/s)
#13 62.42 [INFO] Downloading from central: https://repo.maven.apache.org/maven2/software/amazon/awssdk/arns/2.21.46/arns-2.21.46.pom
#13 62.45 [INFO] Downloaded from central: https://repo.maven.apache.org/maven2/software/amazon/awssdk/arns/2.21.46/arns-2.21.46.pom (3.0 kB at 96 kB/s)
#13 62.46 [INFO] Downloading from central: https://repo.maven.apache.org/maven2/software/amazon/awssdk/crt-core/2.21.46/crt-core-2.21.46.pom
#13 62.50 [INFO] Downloaded from central: https://repo.maven.apache.org/maven2/software/amazon/awssdk/crt-core/2.21.46/crt-core-2.21.46.pom (3.7 kB at 96 kB/s)
#13 62.50 [INFO] Downloading from central: https://repo.maven.apache.org/maven2/software/amazon/awssdk/apache-client/2.21.46/apache-client-2.21.46.pom
#13 62.54 [INFO] Downloaded from central: https://repo.maven.apache.org/maven2/software/amazon/awssdk/apache-client/2.21.46/apache-client-2.21.46.pom (4.1 kB at 91 kB/s)
#13 62.55 [INFO] Downloading from central: https://repo.maven.apache.org/maven2/software/amazon/awssdk/http-clients/2.21.46/http-clients-2.21.46.pom
#13 62.58 [INFO] Downloaded from central: https://repo.maven.apache.org/maven2/software/amazon/awssdk/http-clients/2.21.46/http-clients-2.21.46.pom (1.8 kB at 57 kB/s)
#13 62.58 [INFO] Downloading from central: https://repo.maven.apache.org/maven2/commons-codec/commons-codec/1.15/commons-codec-1.15.pom
#13 62.62 [INFO] Downloaded from central: https://repo.maven.apache.org/maven2/commons-codec/commons-codec/1.15/commons-codec-1.15.pom (15 kB at 386 kB/s)
#13 62.62 [INFO] Downloading from central: https://repo.maven.apache.org/maven2/software/amazon/awssdk/netty-nio-client/2.21.46/netty-nio-client-2.21.46.pom
#13 62.67 [INFO] Downloaded from central: https://repo.maven.apache.org/maven2/software/amazon/awssdk/netty-nio-client/2.21.46/netty-nio-client-2.21.46.pom (8.3 kB at 184 kB/s)
#13 62.67 [INFO] Downloading from central: https://repo.maven.apache.org/maven2/io/netty/netty-codec-http/4.1.100.Final/netty-codec-http-4.1.100.Final.pom
#13 62.71 [INFO] Downloaded from central: https://repo.maven.apache.org/maven2/io/netty/netty-codec-http/4.1.100.Final/netty-codec-http-4.1.100.Final.pom (4.2 kB at 117 kB/s)
#13 62.71 [INFO] Downloading from central: https://repo.maven.apache.org/maven2/io/netty/netty-parent/4.1.100.Final/netty-parent-4.1.100.Final.pom
#13 62.75 [INFO] Downloaded from central: https://repo.maven.apache.org/maven2/io/netty/netty-parent/4.1.100.Final/netty-parent-4.1.100.Final.pom (84 kB at 1.9 MB/s)
#13 62.76 [INFO] Downloading from central: https://repo.maven.apache.org/maven2/io/netty/netty-common/4.1.100.Final/netty-common-4.1.100.Final.pom
#13 62.79 [INFO] Downloaded from central: https://repo.maven.apache.org/maven2/io/netty/netty-common/4.1.100.Final/netty-common-4.1.100.Final.pom (12 kB at 407 kB/s)
#13 62.79 [INFO] Downloading from central: https://repo.maven.apache.org/maven2/io/netty/netty-buffer/4.1.100.Final/netty-buffer-4.1.100.Final.pom
#13 62.82 [INFO] Downloaded from central: https://repo.maven.apache.org/maven2/io/netty/netty-buffer/4.1.100.Final/netty-buffer-4.1.100.Final.pom (1.6 kB at 51 kB/s)
#13 62.82 [INFO] Downloading from central: https://repo.maven.apache.org/maven2/io/netty/netty-transport/4.1.100.Final/netty-transport-4.1.100.Final.pom
#13 62.87 [INFO] Downloaded from central: https://repo.maven.apache.org/maven2/io/netty/netty-transport/4.1.100.Final/netty-transport-4.1.100.Final.pom (2.2 kB at 44 kB/s)
#13 62.88 [INFO] Downloading from central: https://repo.maven.apache.org/maven2/io/netty/netty-resolver/4.1.100.Final/netty-resolver-4.1.100.Final.pom
#13 62.91 [INFO] Downloaded from central: https://repo.maven.apache.org/maven2/io/netty/netty-resolver/4.1.100.Final/netty-resolver-4.1.100.Final.pom (1.6 kB at 44 kB/s)
#13 62.91 [INFO] Downloading from central: https://repo.maven.apache.org/maven2/io/netty/netty-codec/4.1.100.Final/netty-codec-4.1.100.Final.pom
#13 62.96 [INFO] Downloaded from central: https://repo.maven.apache.org/maven2/io/netty/netty-codec/4.1.100.Final/netty-codec-4.1.100.Final.pom (5.3 kB at 126 kB/s)
#13 62.96 [INFO] Downloading from central: https://repo.maven.apache.org/maven2/io/netty/netty-handler/4.1.100.Final/netty-handler-4.1.100.Final.pom
#13 63.00 [INFO] Downloaded from central: https://repo.maven.apache.org/maven2/io/netty/netty-handler/4.1.100.Final/netty-handler-4.1.100.Final.pom (4.6 kB at 107 kB/s)
#13 63.00 [INFO] Downloading from central: https://repo.maven.apache.org/maven2/io/netty/netty-transport-native-unix-common/4.1.100.Final/netty-transport-native-unix-common-4.1.100.Final.pom
#13 63.05 [INFO] Downloaded from central: https://repo.maven.apache.org/maven2/io/netty/netty-transport-native-unix-common/4.1.100.Final/netty-transport-native-unix-common-4.1.100.Final.pom (30 kB at 629 kB/s)
#13 63.05 [INFO] Downloading from central: https://repo.maven.apache.org/maven2/io/netty/netty-codec-http2/4.1.100.Final/netty-codec-http2-4.1.100.Final.pom
#13 63.10 [INFO] Downloaded from central: https://repo.maven.apache.org/maven2/io/netty/netty-codec-http2/4.1.100.Final/netty-codec-http2-4.1.100.Final.pom (5.0 kB at 102 kB/s)
#13 63.11 [INFO] Downloading from central: https://repo.maven.apache.org/maven2/io/netty/netty-transport-classes-epoll/4.1.100.Final/netty-transport-classes-epoll-4.1.100.Final.pom
#13 63.14 [INFO] Downloaded from central: https://repo.maven.apache.org/maven2/io/netty/netty-transport-classes-epoll/4.1.100.Final/netty-transport-classes-epoll-4.1.100.Final.pom (2.1 kB at 61 kB/s)
#13 63.14 [INFO] Downloading from central: https://repo.maven.apache.org/maven2/com/google/cloud/google-cloud-storage/2.22.5/google-cloud-storage-2.22.5.pom
#13 63.19 [INFO] Downloaded from central: https://repo.maven.apache.org/maven2/com/google/cloud/google-cloud-storage/2.22.5/google-cloud-storage-2.22.5.pom (49 kB at 1.2 MB/s)
#13 63.19 [INFO] Downloading from central: https://repo.maven.apache.org/maven2/com/google/guava/guava/32.0.1-jre/guava-32.0.1-jre.pom
#13 63.24 [INFO] Downloaded from central: https://repo.maven.apache.org/maven2/com/google/guava/guava/32.0.1-jre/guava-32.0.1-jre.pom (11 kB at 223 kB/s)
#13 63.24 [INFO] Downloading from central: https://repo.maven.apache.org/maven2/com/google/guava/guava-parent/32.0.1-jre/guava-parent-32.0.1-jre.pom
#13 63.29 [INFO] Downloaded from central: https://repo.maven.apache.org/maven2/com/google/guava/guava-parent/32.0.1-jre/guava-parent-32.0.1-jre.pom (21 kB at 462 kB/s)
#13 63.29 [INFO] Downloading from central: https://repo.maven.apache.org/maven2/com/google/guava/failureaccess/1.0.1/failureaccess-1.0.1.pom
#13 63.32 [INFO] Downloaded from central: https://repo.maven.apache.org/maven2/com/google/guava/failureaccess/1.0.1/failureaccess-1.0.1.pom (2.4 kB at 65 kB/s)
#13 63.32 [INFO] Downloading from central: https://repo.maven.apache.org/maven2/com/google/guava/guava-parent/26.0-android/guava-parent-26.0-android.pom
#13 63.37 [INFO] Downloaded from central: https://repo.maven.apache.org/maven2/com/google/guava/guava-parent/26.0-android/guava-parent-26.0-android.pom (10 kB at 208 kB/s)
#13 63.38 [INFO] Downloading from central: https://repo.maven.apache.org/maven2/com/google/guava/listenablefuture/9999.0-empty-to-avoid-conflict-with-guava/listenablefuture-9999.0-empty-to-avoid-conflict-with-guava.pom
#13 63.42 [INFO] Downloaded from central: https://repo.maven.apache.org/maven2/com/google/guava/listenablefuture/9999.0-empty-to-avoid-conflict-with-guava/listenablefuture-9999.0-empty-to-avoid-conflict-with-guava.pom (2.3 kB at 47 kB/s)
#13 63.43 [INFO] Downloading from central: https://repo.maven.apache.org/maven2/com/google/errorprone/error_prone_annotations/2.18.0/error_prone_annotations-2.18.0.pom
#13 63.48 [INFO] Downloaded from central: https://repo.maven.apache.org/maven2/com/google/errorprone/error_prone_annotations/2.18.0/error_prone_annotations-2.18.0.pom (2.2 kB at 41 kB/s)
#13 63.48 [INFO] Downloading from central: https://repo.maven.apache.org/maven2/com/google/errorprone/error_prone_parent/2.18.0/error_prone_parent-2.18.0.pom
#13 63.53 [INFO] Downloaded from central: https://repo.maven.apache.org/maven2/com/google/errorprone/error_prone_parent/2.18.0/error_prone_parent-2.18.0.pom (11 kB at 205 kB/s)
#13 63.54 [INFO] Downloading from central: https://repo.maven.apache.org/maven2/com/google/j2objc/j2objc-annotations/2.8/j2objc-annotations-2.8.pom
#13 63.59 [INFO] Downloaded from central: https://repo.maven.apache.org/maven2/com/google/j2objc/j2objc-annotations/2.8/j2objc-annotations-2.8.pom (2.9 kB at 50 kB/s)
#13 63.59 [INFO] Downloading from central: https://repo.maven.apache.org/maven2/com/google/http-client/google-http-client/1.43.3/google-http-client-1.43.3.pom
#13 63.64 [INFO] Downloaded from central: https://repo.maven.apache.org/maven2/com/google/http-client/google-http-client/1.43.3/google-http-client-1.43.3.pom (6.1 kB at 135 kB/s)
#13 63.64 [INFO] Downloading from central: https://repo.maven.apache.org/maven2/com/google/http-client/google-http-client-parent/1.43.3/google-http-client-parent-1.43.3.pom
#13 63.70 [INFO] Downloaded from central: https://repo.maven.apache.org/maven2/com/google/http-client/google-http-client-parent/1.43.3/google-http-client-parent-1.43.3.pom (27 kB at 471 kB/s)
#13 63.70 [INFO] Downloading from central: https://repo.maven.apache.org/maven2/io/opencensus/opencensus-contrib-http-util/0.31.1/opencensus-contrib-http-util-0.31.1.pom
#13 63.75 [INFO] Downloaded from central: https://repo.maven.apache.org/maven2/io/opencensus/opencensus-contrib-http-util/0.31.1/opencensus-contrib-http-util-0.31.1.pom (2.4 kB at 47 kB/s)
#13 63.76 [INFO] Downloading from central: https://repo.maven.apache.org/maven2/com/google/http-client/google-http-client-jackson2/1.43.3/google-http-client-jackson2-1.43.3.pom
#13 63.80 [INFO] Downloaded from central: https://repo.maven.apache.org/maven2/com/google/http-client/google-http-client-jackson2/1.43.3/google-http-client-jackson2-1.43.3.pom (2.9 kB at 59 kB/s)
#13 63.81 [INFO] Downloading from central: https://repo.maven.apache.org/maven2/com/google/http-client/google-http-client-gson/1.43.3/google-http-client-gson-1.43.3.pom
#13 63.85 [INFO] Downloaded from central: https://repo.maven.apache.org/maven2/com/google/http-client/google-http-client-gson/1.43.3/google-http-client-gson-1.43.3.pom (2.9 kB at 72 kB/s)
#13 63.85 [INFO] Downloading from central: https://repo.maven.apache.org/maven2/com/google/api-client/google-api-client/2.2.0/google-api-client-2.2.0.pom
#13 63.90 [INFO] Downloaded from central: https://repo.maven.apache.org/maven2/com/google/api-client/google-api-client/2.2.0/google-api-client-2.2.0.pom (6.6 kB at 132 kB/s)
#13 63.90 [INFO] Downloading from central: https://repo.maven.apache.org/maven2/com/google/api-client/google-api-client-parent/2.2.0/google-api-client-parent-2.2.0.pom
#13 63.96 [INFO] Downloaded from central: https://repo.maven.apache.org/maven2/com/google/api-client/google-api-client-parent/2.2.0/google-api-client-parent-2.2.0.pom (23 kB at 392 kB/s)
#13 63.96 [INFO] Downloading from central: https://repo.maven.apache.org/maven2/com/google/http-client/google-http-client-bom/1.42.3/google-http-client-bom-1.42.3.pom
#13 64.01 [INFO] Downloaded from central: https://repo.maven.apache.org/maven2/com/google/http-client/google-http-client-bom/1.42.3/google-http-client-bom-1.42.3.pom (6.8 kB at 139 kB/s)
#13 64.01 [INFO] Downloading from central: https://repo.maven.apache.org/maven2/com/google/oauth-client/google-oauth-client-bom/1.34.1/google-oauth-client-bom-1.34.1.pom
#13 64.06 [INFO] Downloaded from central: https://repo.maven.apache.org/maven2/com/google/oauth-client/google-oauth-client-bom/1.34.1/google-oauth-client-bom-1.34.1.pom (5.8 kB at 126 kB/s)
#13 64.06 [INFO] Downloading from central: https://repo.maven.apache.org/maven2/com/google/oauth-client/google-oauth-client/1.34.1/google-oauth-client-1.34.1.pom
#13 64.11 [INFO] Downloaded from central: https://repo.maven.apache.org/maven2/com/google/oauth-client/google-oauth-client/1.34.1/google-oauth-client-1.34.1.pom (3.4 kB at 68 kB/s)
#13 64.11 [INFO] Downloading from central: https://repo.maven.apache.org/maven2/com/google/oauth-client/google-oauth-client-parent/1.34.1/google-oauth-client-parent-1.34.1.pom
#13 64.16 [INFO] Downloaded from central: https://repo.maven.apache.org/maven2/com/google/oauth-client/google-oauth-client-parent/1.34.1/google-oauth-client-parent-1.34.1.pom (21 kB at 420 kB/s)
#13 64.16 [INFO] Downloading from central: https://repo.maven.apache.org/maven2/com/google/http-client/google-http-client-bom/1.42.0/google-http-client-bom-1.42.0.pom
#13 64.21 [INFO] Downloaded from central: https://repo.maven.apache.org/maven2/com/google/http-client/google-http-client-bom/1.42.0/google-http-client-bom-1.42.0.pom (6.8 kB at 148 kB/s)
#13 64.21 [INFO] Downloading from central: https://repo.maven.apache.org/maven2/com/google/http-client/google-http-client-apache-v2/1.43.3/google-http-client-apache-v2-1.43.3.pom
#13 64.26 [INFO] Downloaded from central: https://repo.maven.apache.org/maven2/com/google/http-client/google-http-client-apache-v2/1.43.3/google-http-client-apache-v2-1.43.3.pom (3.5 kB at 68 kB/s)
#13 64.26 [INFO] Downloading from central: https://repo.maven.apache.org/maven2/com/google/apis/google-api-services-storage/v1-rev20230301-2.0.0/google-api-services-storage-v1-rev20230301-2.0.0.pom
#13 64.31 [INFO] Downloaded from central: https://repo.maven.apache.org/maven2/com/google/apis/google-api-services-storage/v1-rev20230301-2.0.0/google-api-services-storage-v1-rev20230301-2.0.0.pom (5.3 kB at 113 kB/s)
#13 64.31 [INFO] Downloading from central: https://repo.maven.apache.org/maven2/com/google/cloud/google-cloud-core/2.20.0/google-cloud-core-2.20.0.pom
#13 64.35 [INFO] Downloaded from central: https://repo.maven.apache.org/maven2/com/google/cloud/google-cloud-core/2.20.0/google-cloud-core-2.20.0.pom (3.4 kB at 82 kB/s)
#13 64.35 [INFO] Downloading from central: https://repo.maven.apache.org/maven2/com/google/cloud/google-cloud-core-parent/2.20.0/google-cloud-core-parent-2.20.0.pom
#13 64.41 [INFO] Downloaded from central: https://repo.maven.apache.org/maven2/com/google/cloud/google-cloud-core-parent/2.20.0/google-cloud-core-parent-2.20.0.pom (3.0 kB at 55 kB/s)
#13 64.41 [INFO] Downloading from central: https://repo.maven.apache.org/maven2/com/google/api/gapic-generator-java-pom-parent/2.22.0/gapic-generator-java-pom-parent-2.22.0.pom
#13 64.48 [INFO] Downloaded from central: https://repo.maven.apache.org/maven2/com/google/api/gapic-generator-java-pom-parent/2.22.0/gapic-generator-java-pom-parent-2.22.0.pom (7.0 kB at 103 kB/s)
#13 64.48 [INFO] Downloading from central: https://repo.maven.apache.org/maven2/com/google/cloud/google-cloud-shared-config/1.5.5/google-cloud-shared-config-1.5.5.pom
#13 64.54 [INFO] Downloaded from central: https://repo.maven.apache.org/maven2/com/google/cloud/google-cloud-shared-config/1.5.5/google-cloud-shared-config-1.5.5.pom (30 kB at 551 kB/s)
#13 64.54 [INFO] Downloading from central: https://repo.maven.apache.org/maven2/com/google/cloud/google-cloud-shared-dependencies/3.12.0/google-cloud-shared-dependencies-3.12.0.pom
#13 64.59 [INFO] Downloaded from central: https://repo.maven.apache.org/maven2/com/google/cloud/google-cloud-shared-dependencies/3.12.0/google-cloud-shared-dependencies-3.12.0.pom (1.9 kB at 39 kB/s)
#13 64.59 [INFO] Downloading from repo.gradle.org: https://repo.gradle.org/gradle/libs-releases-local/com/google/cloud/first-party-dependencies/3.12.0/first-party-dependencies-3.12.0.pom
#13 66.01 [INFO] Downloading from flyway-repo: https://nexus.flywaydb.org/repository/flyway/com/google/cloud/first-party-dependencies/3.12.0/first-party-dependencies-3.12.0.pom
#13 66.04 [INFO] Downloading from flyway-community-db-support: https://maven.pkg.github.com/flyway/flyway-community-db-support/com/google/cloud/first-party-dependencies/3.12.0/first-party-dependencies-3.12.0.pom
#13 66.45 [INFO] Downloading from google-maven-central-copy: https://maven-central.storage-download.googleapis.com/maven2/com/google/cloud/first-party-dependencies/3.12.0/first-party-dependencies-3.12.0.pom
#13 67.01 [INFO] Downloaded from google-maven-central-copy: https://maven-central.storage-download.googleapis.com/maven2/com/google/cloud/first-party-dependencies/3.12.0/first-party-dependencies-3.12.0.pom (3.8 kB at 6.6 kB/s)
#13 67.01 [INFO] Downloading from repo.gradle.org: https://repo.gradle.org/gradle/libs-releases-local/com/google/api/gapic-generator-java-bom/2.22.0/gapic-generator-java-bom-2.22.0.pom
#13 67.37 [INFO] Downloading from flyway-repo: https://nexus.flywaydb.org/repository/flyway/com/google/api/gapic-generator-java-bom/2.22.0/gapic-generator-java-bom-2.22.0.pom
#13 67.37 [INFO] Downloading from flyway-community-db-support: https://maven.pkg.github.com/flyway/flyway-community-db-support/com/google/api/gapic-generator-java-bom/2.22.0/gapic-generator-java-bom-2.22.0.pom
#13 67.62 [INFO] Downloading from google-maven-central-copy: https://maven-central.storage-download.googleapis.com/maven2/com/google/api/gapic-generator-java-bom/2.22.0/gapic-generator-java-bom-2.22.0.pom
#13 68.18 [INFO] Downloaded from google-maven-central-copy: https://maven-central.storage-download.googleapis.com/maven2/com/google/api/gapic-generator-java-bom/2.22.0/gapic-generator-java-bom-2.22.0.pom (4.9 kB at 8.8 kB/s)
#13 68.18 [INFO] Downloading from repo.gradle.org: https://repo.gradle.org/gradle/libs-releases-local/com/google/auth/google-auth-library-bom/1.18.0/google-auth-library-bom-1.18.0.pom
#13 68.53 [INFO] Downloading from flyway-repo: https://nexus.flywaydb.org/repository/flyway/com/google/auth/google-auth-library-bom/1.18.0/google-auth-library-bom-1.18.0.pom
#13 68.54 [INFO] Downloading from flyway-community-db-support: https://maven.pkg.github.com/flyway/flyway-community-db-support/com/google/auth/google-auth-library-bom/1.18.0/google-auth-library-bom-1.18.0.pom
#13 68.77 [INFO] Downloading from google-maven-central-copy: https://maven-central.storage-download.googleapis.com/maven2/com/google/auth/google-auth-library-bom/1.18.0/google-auth-library-bom-1.18.0.pom
#13 69.16 [INFO] Downloaded from google-maven-central-copy: https://maven-central.storage-download.googleapis.com/maven2/com/google/auth/google-auth-library-bom/1.18.0/google-auth-library-bom-1.18.0.pom (4.5 kB at 12 kB/s)
#13 69.16 [INFO] Downloading from repo.gradle.org: https://repo.gradle.org/gradle/libs-releases-local/com/google/guava/guava-bom/32.0.1-jre/guava-bom-32.0.1-jre.pom
#13 69.52 [INFO] Downloading from flyway-repo: https://nexus.flywaydb.org/repository/flyway/com/google/guava/guava-bom/32.0.1-jre/guava-bom-32.0.1-jre.pom
#13 69.52 [INFO] Downloading from flyway-community-db-support: https://maven.pkg.github.com/flyway/flyway-community-db-support/com/google/guava/guava-bom/32.0.1-jre/guava-bom-32.0.1-jre.pom
#13 69.76 [INFO] Downloading from google-maven-central-copy: https://maven-central.storage-download.googleapis.com/maven2/com/google/guava/guava-bom/32.0.1-jre/guava-bom-32.0.1-jre.pom
#13 70.22 [INFO] Downloaded from google-maven-central-copy: https://maven-central.storage-download.googleapis.com/maven2/com/google/guava/guava-bom/32.0.1-jre/guava-bom-32.0.1-jre.pom (1.7 kB at 3.8 kB/s)
#13 70.22 [INFO] Downloading from repo.gradle.org: https://repo.gradle.org/gradle/libs-releases-local/com/google/protobuf/protobuf-bom/3.23.2/protobuf-bom-3.23.2.pom
#13 70.56 [INFO] Downloading from flyway-repo: https://nexus.flywaydb.org/repository/flyway/com/google/protobuf/protobuf-bom/3.23.2/protobuf-bom-3.23.2.pom
#13 70.57 [INFO] Downloading from flyway-community-db-support: https://maven.pkg.github.com/flyway/flyway-community-db-support/com/google/protobuf/protobuf-bom/3.23.2/protobuf-bom-3.23.2.pom
#13 70.81 [INFO] Downloading from google-maven-central-copy: https://maven-central.storage-download.googleapis.com/maven2/com/google/protobuf/protobuf-bom/3.23.2/protobuf-bom-3.23.2.pom
#13 71.57 [INFO] Downloaded from google-maven-central-copy: https://maven-central.storage-download.googleapis.com/maven2/com/google/protobuf/protobuf-bom/3.23.2/protobuf-bom-3.23.2.pom (3.5 kB at 4.6 kB/s)
#13 71.57 [INFO] Downloading from repo.gradle.org: https://repo.gradle.org/gradle/libs-releases-local/io/grpc/grpc-bom/1.55.1/grpc-bom-1.55.1.pom
#13 71.92 [INFO] Downloading from flyway-repo: https://nexus.flywaydb.org/repository/flyway/io/grpc/grpc-bom/1.55.1/grpc-bom-1.55.1.pom
#13 71.92 [INFO] Downloading from flyway-community-db-support: https://maven.pkg.github.com/flyway/flyway-community-db-support/io/grpc/grpc-bom/1.55.1/grpc-bom-1.55.1.pom
#13 72.15 [INFO] Downloading from google-maven-central-copy: https://maven-central.storage-download.googleapis.com/maven2/io/grpc/grpc-bom/1.55.1/grpc-bom-1.55.1.pom
#13 72.45 [INFO] Downloaded from google-maven-central-copy: https://maven-central.storage-download.googleapis.com/maven2/io/grpc/grpc-bom/1.55.1/grpc-bom-1.55.1.pom (5.4 kB at 18 kB/s)
#13 72.45 [INFO] Downloading from repo.gradle.org: https://repo.gradle.org/gradle/libs-releases-local/com/google/api/gax-bom/2.30.0/gax-bom-2.30.0.pom
#13 72.80 [INFO] Downloading from flyway-repo: https://nexus.flywaydb.org/repository/flyway/com/google/api/gax-bom/2.30.0/gax-bom-2.30.0.pom
#13 72.80 [INFO] Downloading from flyway-community-db-support: https://maven.pkg.github.com/flyway/flyway-community-db-support/com/google/api/gax-bom/2.30.0/gax-bom-2.30.0.pom
#13 73.05 [INFO] Downloading from google-maven-central-copy: https://maven-central.storage-download.googleapis.com/maven2/com/google/api/gax-bom/2.30.0/gax-bom-2.30.0.pom
#13 73.60 [INFO] Downloaded from google-maven-central-copy: https://maven-central.storage-download.googleapis.com/maven2/com/google/api/gax-bom/2.30.0/gax-bom-2.30.0.pom (4.3 kB at 7.7 kB/s)
#13 73.60 [INFO] Downloading from repo.gradle.org: https://repo.gradle.org/gradle/libs-releases-local/com/google/cloud/google-cloud-core-bom/2.20.0/google-cloud-core-bom-2.20.0.pom
#13 73.95 [INFO] Downloading from flyway-repo: https://nexus.flywaydb.org/repository/flyway/com/google/cloud/google-cloud-core-bom/2.20.0/google-cloud-core-bom-2.20.0.pom
#13 73.95 [INFO] Downloading from flyway-community-db-support: https://maven.pkg.github.com/flyway/flyway-community-db-support/com/google/cloud/google-cloud-core-bom/2.20.0/google-cloud-core-bom-2.20.0.pom
#13 74.19 [INFO] Downloading from google-maven-central-copy: https://maven-central.storage-download.googleapis.com/maven2/com/google/cloud/google-cloud-core-bom/2.20.0/google-cloud-core-bom-2.20.0.pom
#13 74.52 [INFO] Downloaded from google-maven-central-copy: https://maven-central.storage-download.googleapis.com/maven2/com/google/cloud/google-cloud-core-bom/2.20.0/google-cloud-core-bom-2.20.0.pom (1.6 kB at 5.0 kB/s)
#13 74.52 [INFO] Downloading from repo.gradle.org: https://repo.gradle.org/gradle/libs-releases-local/com/google/http-client/google-http-client-bom/1.43.3/google-http-client-bom-1.43.3.pom
#13 74.87 [INFO] Downloading from flyway-repo: https://nexus.flywaydb.org/repository/flyway/com/google/http-client/google-http-client-bom/1.43.3/google-http-client-bom-1.43.3.pom
#13 74.87 [INFO] Downloading from flyway-community-db-support: https://maven.pkg.github.com/flyway/flyway-community-db-support/com/google/http-client/google-http-client-bom/1.43.3/google-http-client-bom-1.43.3.pom
#13 75.12 [INFO] Downloading from google-maven-central-copy: https://maven-central.storage-download.googleapis.com/maven2/com/google/http-client/google-http-client-bom/1.43.3/google-http-client-bom-1.43.3.pom
#13 75.64 [INFO] Downloaded from google-maven-central-copy: https://maven-central.storage-download.googleapis.com/maven2/com/google/http-client/google-http-client-bom/1.43.3/google-http-client-bom-1.43.3.pom (6.8 kB at 13 kB/s)
#13 75.65 [INFO] Downloading from repo.gradle.org: https://repo.gradle.org/gradle/libs-releases-local/com/google/api-client/google-api-client-bom/2.2.0/google-api-client-bom-2.2.0.pom
#13 75.99 [INFO] Downloading from flyway-repo: https://nexus.flywaydb.org/repository/flyway/com/google/api-client/google-api-client-bom/2.2.0/google-api-client-bom-2.2.0.pom
#13 75.99 [INFO] Downloading from flyway-community-db-support: https://maven.pkg.github.com/flyway/flyway-community-db-support/com/google/api-client/google-api-client-bom/2.2.0/google-api-client-bom-2.2.0.pom
#13 76.23 [INFO] Downloading from google-maven-central-copy: https://maven-central.storage-download.googleapis.com/maven2/com/google/api-client/google-api-client-bom/2.2.0/google-api-client-bom-2.2.0.pom
#13 76.73 [INFO] Downloaded from google-maven-central-copy: https://maven-central.storage-download.googleapis.com/maven2/com/google/api-client/google-api-client-bom/2.2.0/google-api-client-bom-2.2.0.pom (6.8 kB at 14 kB/s)
#13 76.73 [INFO] Downloading from repo.gradle.org: https://repo.gradle.org/gradle/libs-releases-local/com/google/cloud/third-party-dependencies/3.12.0/third-party-dependencies-3.12.0.pom
#13 77.08 [INFO] Downloading from flyway-repo: https://nexus.flywaydb.org/repository/flyway/com/google/cloud/third-party-dependencies/3.12.0/third-party-dependencies-3.12.0.pom
#13 77.10 [INFO] Downloading from flyway-community-db-support: https://maven.pkg.github.com/flyway/flyway-community-db-support/com/google/cloud/third-party-dependencies/3.12.0/third-party-dependencies-3.12.0.pom
#13 77.36 [INFO] Downloading from google-maven-central-copy: https://maven-central.storage-download.googleapis.com/maven2/com/google/cloud/third-party-dependencies/3.12.0/third-party-dependencies-3.12.0.pom
#13 77.75 [INFO] Downloaded from google-maven-central-copy: https://maven-central.storage-download.googleapis.com/maven2/com/google/cloud/third-party-dependencies/3.12.0/third-party-dependencies-3.12.0.pom (5.6 kB at 14 kB/s)
#13 77.75 [INFO] Downloading from central: https://repo.maven.apache.org/maven2/com/google/auto/value/auto-value-annotations/1.10.1/auto-value-annotations-1.10.1.pom
#13 77.79 [INFO] Downloaded from central: https://repo.maven.apache.org/maven2/com/google/auto/value/auto-value-annotations/1.10.1/auto-value-annotations-1.10.1.pom (2.7 kB at 65 kB/s)
#13 77.79 [INFO] Downloading from central: https://repo.maven.apache.org/maven2/com/google/auto/value/auto-value-parent/1.10.1/auto-value-parent-1.10.1.pom
#13 77.84 [INFO] Downloaded from central: https://repo.maven.apache.org/maven2/com/google/auto/value/auto-value-parent/1.10.1/auto-value-parent-1.10.1.pom (8.2 kB at 183 kB/s)
#13 77.84 [INFO] Downloading from central: https://repo.maven.apache.org/maven2/com/google/cloud/google-cloud-core-http/2.20.0/google-cloud-core-http-2.20.0.pom
#13 77.87 [INFO] Downloaded from central: https://repo.maven.apache.org/maven2/com/google/cloud/google-cloud-core-http/2.20.0/google-cloud-core-http-2.20.0.pom (3.0 kB at 84 kB/s)
#13 77.88 [INFO] Downloading from central: https://repo.maven.apache.org/maven2/com/google/http-client/google-http-client-appengine/1.43.3/google-http-client-appengine-1.43.3.pom
#13 77.92 [INFO] Downloaded from central: https://repo.maven.apache.org/maven2/com/google/http-client/google-http-client-appengine/1.43.3/google-http-client-appengine-1.43.3.pom (3.7 kB at 86 kB/s)
#13 77.92 [INFO] Downloading from central: https://repo.maven.apache.org/maven2/com/google/api/gax-httpjson/2.30.0/gax-httpjson-2.30.0.pom
#13 77.96 [INFO] Downloaded from central: https://repo.maven.apache.org/maven2/com/google/api/gax-httpjson/2.30.0/gax-httpjson-2.30.0.pom (3.8 kB at 105 kB/s)
#13 77.96 [INFO] Downloading from central: https://repo.maven.apache.org/maven2/com/google/api/gax-parent/2.30.0/gax-parent-2.30.0.pom
#13 78.00 [INFO] Downloaded from central: https://repo.maven.apache.org/maven2/com/google/api/gax-parent/2.30.0/gax-parent-2.30.0.pom (8.8 kB at 232 kB/s)
#13 78.00 [INFO] Downloading from central: https://repo.maven.apache.org/maven2/com/google/cloud/google-cloud-core-grpc/2.20.0/google-cloud-core-grpc-2.20.0.pom
#13 78.04 [INFO] Downloaded from central: https://repo.maven.apache.org/maven2/com/google/cloud/google-cloud-core-grpc/2.20.0/google-cloud-core-grpc-2.20.0.pom (2.2 kB at 54 kB/s)
#13 78.04 [INFO] Downloading from central: https://repo.maven.apache.org/maven2/com/google/api/gax/2.30.0/gax-2.30.0.pom
#13 78.09 [INFO] Downloaded from central: https://repo.maven.apache.org/maven2/com/google/api/gax/2.30.0/gax-2.30.0.pom (3.1 kB at 73 kB/s)
#13 78.09 [INFO] Downloading from central: https://repo.maven.apache.org/maven2/com/google/api/gax-grpc/2.30.0/gax-grpc-2.30.0.pom
#13 78.13 [INFO] Downloaded from central: https://repo.maven.apache.org/maven2/com/google/api/gax-grpc/2.30.0/gax-grpc-2.30.0.pom (3.9 kB at 101 kB/s)
#13 78.13 [INFO] Downloading from central: https://repo.maven.apache.org/maven2/io/grpc/grpc-alts/1.55.1/grpc-alts-1.55.1.pom
#13 78.17 [INFO] Downloaded from central: https://repo.maven.apache.org/maven2/io/grpc/grpc-alts/1.55.1/grpc-alts-1.55.1.pom (2.9 kB at 73 kB/s)
#13 78.17 [INFO] Downloading from central: https://repo.maven.apache.org/maven2/io/grpc/grpc-grpclb/1.55.1/grpc-grpclb-1.55.1.pom
#13 78.20 [INFO] Downloaded from central: https://repo.maven.apache.org/maven2/io/grpc/grpc-grpclb/1.55.1/grpc-grpclb-1.55.1.pom (2.5 kB at 90 kB/s)
#13 78.20 [INFO] Downloading from central: https://repo.maven.apache.org/maven2/org/conscrypt/conscrypt-openjdk-uber/2.5.2/conscrypt-openjdk-uber-2.5.2.pom
#13 78.25 [INFO] Downloaded from central: https://repo.maven.apache.org/maven2/org/conscrypt/conscrypt-openjdk-uber/2.5.2/conscrypt-openjdk-uber-2.5.2.pom (1.3 kB at 29 kB/s)
#13 78.25 [INFO] Downloading from central: https://repo.maven.apache.org/maven2/io/grpc/grpc-auth/1.55.1/grpc-auth-1.55.1.pom
#13 78.29 [INFO] Downloaded from central: https://repo.maven.apache.org/maven2/io/grpc/grpc-auth/1.55.1/grpc-auth-1.55.1.pom (1.8 kB at 47 kB/s)
#13 78.29 [INFO] Downloading from central: https://repo.maven.apache.org/maven2/io/grpc/grpc-protobuf/1.55.1/grpc-protobuf-1.55.1.pom
#13 78.33 [INFO] Downloaded from central: https://repo.maven.apache.org/maven2/io/grpc/grpc-protobuf/1.55.1/grpc-protobuf-1.55.1.pom (2.7 kB at 66 kB/s)
#13 78.33 [INFO] Downloading from central: https://repo.maven.apache.org/maven2/io/grpc/grpc-protobuf-lite/1.55.1/grpc-protobuf-lite-1.55.1.pom
#13 78.37 [INFO] Downloaded from central: https://repo.maven.apache.org/maven2/io/grpc/grpc-protobuf-lite/1.55.1/grpc-protobuf-lite-1.55.1.pom (2.0 kB at 51 kB/s)
#13 78.37 [INFO] Downloading from central: https://repo.maven.apache.org/maven2/com/google/auth/google-auth-library-credentials/1.18.0/google-auth-library-credentials-1.18.0.pom
#13 78.42 [INFO] Downloaded from central: https://repo.maven.apache.org/maven2/com/google/auth/google-auth-library-credentials/1.18.0/google-auth-library-credentials-1.18.0.pom (2.0 kB at 45 kB/s)
#13 78.42 [INFO] Downloading from central: https://repo.maven.apache.org/maven2/com/google/auth/google-auth-library-parent/1.18.0/google-auth-library-parent-1.18.0.pom
#13 78.45 [INFO] Downloaded from central: https://repo.maven.apache.org/maven2/com/google/auth/google-auth-library-parent/1.18.0/google-auth-library-parent-1.18.0.pom (18 kB at 491 kB/s)
#13 78.46 [INFO] Downloading from central: https://repo.maven.apache.org/maven2/com/google/auth/google-auth-library-oauth2-http/1.18.0/google-auth-library-oauth2-http-1.18.0.pom
#13 78.50 [INFO] Downloaded from central: https://repo.maven.apache.org/maven2/com/google/auth/google-auth-library-oauth2-http/1.18.0/google-auth-library-oauth2-http-1.18.0.pom (7.4 kB at 185 kB/s)
#13 78.50 [INFO] Downloading from central: https://repo.maven.apache.org/maven2/com/google/api/api-common/2.13.0/api-common-2.13.0.pom
#13 78.54 [INFO] Downloaded from central: https://repo.maven.apache.org/maven2/com/google/api/api-common/2.13.0/api-common-2.13.0.pom (4.9 kB at 111 kB/s)
#13 78.55 [INFO] Downloading from central: https://repo.maven.apache.org/maven2/javax/annotation/javax.annotation-api/1.3.2/javax.annotation-api-1.3.2.pom
#13 78.59 [INFO] Downloaded from central: https://repo.maven.apache.org/maven2/javax/annotation/javax.annotation-api/1.3.2/javax.annotation-api-1.3.2.pom (14 kB at 362 kB/s)
#13 78.59 [INFO] Downloading from central: https://repo.maven.apache.org/maven2/io/opencensus/opencensus-api/0.31.1/opencensus-api-0.31.1.pom
#13 78.63 [INFO] Downloaded from central: https://repo.maven.apache.org/maven2/io/opencensus/opencensus-api/0.31.1/opencensus-api-0.31.1.pom (2.2 kB at 66 kB/s)
#13 78.63 [INFO] Downloading from central: https://repo.maven.apache.org/maven2/io/grpc/grpc-context/1.55.1/grpc-context-1.55.1.pom
#13 78.66 [INFO] Downloaded from central: https://repo.maven.apache.org/maven2/io/grpc/grpc-context/1.55.1/grpc-context-1.55.1.pom (1.2 kB at 39 kB/s)
#13 78.66 [INFO] Downloading from central: https://repo.maven.apache.org/maven2/com/google/api/grpc/proto-google-iam-v1/1.16.0/proto-google-iam-v1-1.16.0.pom
#13 78.70 [INFO] Downloaded from central: https://repo.maven.apache.org/maven2/com/google/api/grpc/proto-google-iam-v1/1.16.0/proto-google-iam-v1-1.16.0.pom (3.0 kB at 80 kB/s)
#13 78.70 [INFO] Downloading from central: https://repo.maven.apache.org/maven2/com/google/protobuf/protobuf-java/3.23.2/protobuf-java-3.23.2.pom
#13 78.75 [INFO] Downloaded from central: https://repo.maven.apache.org/maven2/com/google/protobuf/protobuf-java/3.23.2/protobuf-java-3.23.2.pom (1.6 kB at 30 kB/s)
#13 78.75 [INFO] Downloading from central: https://repo.maven.apache.org/maven2/com/google/protobuf/protobuf-parent/3.23.2/protobuf-parent-3.23.2.pom
#13 78.90 [INFO] Downloaded from central: https://repo.maven.apache.org/maven2/com/google/protobuf/protobuf-parent/3.23.2/protobuf-parent-3.23.2.pom (9.0 kB at 62 kB/s)
#13 78.90 [INFO] Downloading from central: https://repo.maven.apache.org/maven2/com/google/protobuf/protobuf-java-util/3.23.2/protobuf-java-util-3.23.2.pom
#13 78.95 [INFO] Downloaded from central: https://repo.maven.apache.org/maven2/com/google/protobuf/protobuf-java-util/3.23.2/protobuf-java-util-3.23.2.pom (2.5 kB at 60 kB/s)
#13 78.95 [INFO] Downloading from central: https://repo.maven.apache.org/maven2/com/google/api/grpc/proto-google-common-protos/2.21.0/proto-google-common-protos-2.21.0.pom
#13 79.08 [INFO] Downloaded from central: https://repo.maven.apache.org/maven2/com/google/api/grpc/proto-google-common-protos/2.21.0/proto-google-common-protos-2.21.0.pom (2.7 kB at 20 kB/s)
#13 79.08 [INFO] Downloading from central: https://repo.maven.apache.org/maven2/org/threeten/threetenbp/1.6.8/threetenbp-1.6.8.pom
#13 79.13 [INFO] Downloaded from central: https://repo.maven.apache.org/maven2/org/threeten/threetenbp/1.6.8/threetenbp-1.6.8.pom (33 kB at 630 kB/s)
#13 79.14 [INFO] Downloading from central: https://repo.maven.apache.org/maven2/com/google/api/grpc/proto-google-cloud-storage-v2/2.22.5-alpha/proto-google-cloud-storage-v2-2.22.5-alpha.pom
#13 79.17 [INFO] Downloaded from central: https://repo.maven.apache.org/maven2/com/google/api/grpc/proto-google-cloud-storage-v2/2.22.5-alpha/proto-google-cloud-storage-v2-2.22.5-alpha.pom (1.4 kB at 43 kB/s)
#13 79.17 [INFO] Downloading from central: https://repo.maven.apache.org/maven2/com/google/cloud/google-cloud-storage-parent/2.22.5/google-cloud-storage-parent-2.22.5.pom
#13 79.33 [INFO] Downloaded from central: https://repo.maven.apache.org/maven2/com/google/cloud/google-cloud-storage-parent/2.22.5/google-cloud-storage-parent-2.22.5.pom (6.9 kB at 44 kB/s)
#13 79.33 [INFO] Downloading from central: https://repo.maven.apache.org/maven2/com/google/cloud/google-cloud-shared-config/1.5.6/google-cloud-shared-config-1.5.6.pom
#13 79.37 [INFO] Downloaded from central: https://repo.maven.apache.org/maven2/com/google/cloud/google-cloud-shared-config/1.5.6/google-cloud-shared-config-1.5.6.pom (30 kB at 742 kB/s)
#13 79.37 [INFO] Downloading from central: https://repo.maven.apache.org/maven2/com/google/api/grpc/grpc-google-cloud-storage-v2/2.22.5-alpha/grpc-google-cloud-storage-v2-2.22.5-alpha.pom
#13 79.57 [INFO] Downloaded from central: https://repo.maven.apache.org/maven2/com/google/api/grpc/grpc-google-cloud-storage-v2/2.22.5-alpha/grpc-google-cloud-storage-v2-2.22.5-alpha.pom (2.0 kB at 9.8 kB/s)
#13 79.58 [INFO] Downloading from central: https://repo.maven.apache.org/maven2/com/google/api/grpc/gapic-google-cloud-storage-v2/2.22.5-alpha/gapic-google-cloud-storage-v2-2.22.5-alpha.pom
#13 79.67 [INFO] Downloaded from central: https://repo.maven.apache.org/maven2/com/google/api/grpc/gapic-google-cloud-storage-v2/2.22.5-alpha/gapic-google-cloud-storage-v2-2.22.5-alpha.pom (3.0 kB at 33 kB/s)
#13 79.67 [INFO] Downloading from central: https://repo.maven.apache.org/maven2/io/grpc/grpc-api/1.55.1/grpc-api-1.55.1.pom
#13 79.72 [INFO] Downloaded from central: https://repo.maven.apache.org/maven2/io/grpc/grpc-api/1.55.1/grpc-api-1.55.1.pom (2.0 kB at 40 kB/s)
#13 79.72 [INFO] Downloading from central: https://repo.maven.apache.org/maven2/io/grpc/grpc-netty-shaded/1.55.1/grpc-netty-shaded-1.55.1.pom
#13 79.76 [INFO] Downloaded from central: https://repo.maven.apache.org/maven2/io/grpc/grpc-netty-shaded/1.55.1/grpc-netty-shaded-1.55.1.pom (2.0 kB at 48 kB/s)
#13 79.76 [INFO] Downloading from central: https://repo.maven.apache.org/maven2/io/perfmark/perfmark-api/0.26.0/perfmark-api-0.26.0.pom
#13 79.89 [INFO] Downloaded from central: https://repo.maven.apache.org/maven2/io/perfmark/perfmark-api/0.26.0/perfmark-api-0.26.0.pom (1.5 kB at 11 kB/s)
#13 79.89 [INFO] Downloading from central: https://repo.maven.apache.org/maven2/io/grpc/grpc-core/1.55.1/grpc-core-1.55.1.pom
#13 79.94 [INFO] Downloaded from central: https://repo.maven.apache.org/maven2/io/grpc/grpc-core/1.55.1/grpc-core-1.55.1.pom (2.5 kB at 54 kB/s)
#13 79.95 [INFO] Downloading from central: https://repo.maven.apache.org/maven2/com/google/android/annotations/4.1.1.4/annotations-4.1.1.4.pom
#13 80.03 [INFO] Downloaded from central: https://repo.maven.apache.org/maven2/com/google/android/annotations/4.1.1.4/annotations-4.1.1.4.pom (1.8 kB at 23 kB/s)
#13 80.03 [INFO] Downloading from central: https://repo.maven.apache.org/maven2/org/codehaus/mojo/animal-sniffer-annotations/1.23/animal-sniffer-annotations-1.23.pom
#13 80.16 [INFO] Downloaded from central: https://repo.maven.apache.org/maven2/org/codehaus/mojo/animal-sniffer-annotations/1.23/animal-sniffer-annotations-1.23.pom (1.7 kB at 12 kB/s)
#13 80.16 [INFO] Downloading from central: https://repo.maven.apache.org/maven2/org/codehaus/mojo/animal-sniffer-parent/1.23/animal-sniffer-parent-1.23.pom
#13 80.23 [INFO] Downloaded from central: https://repo.maven.apache.org/maven2/org/codehaus/mojo/animal-sniffer-parent/1.23/animal-sniffer-parent-1.23.pom (5.9 kB at 90 kB/s)
#13 80.23 [INFO] Downloading from central: https://repo.maven.apache.org/maven2/org/codehaus/mojo/mojo-parent/74/mojo-parent-74.pom
#13 80.38 [INFO] Downloaded from central: https://repo.maven.apache.org/maven2/org/codehaus/mojo/mojo-parent/74/mojo-parent-74.pom (36 kB at 230 kB/s)
#13 80.39 [INFO] Downloading from central: https://repo.maven.apache.org/maven2/io/grpc/grpc-stub/1.55.1/grpc-stub-1.55.1.pom
#13 80.47 [INFO] Downloaded from central: https://repo.maven.apache.org/maven2/io/grpc/grpc-stub/1.55.1/grpc-stub-1.55.1.pom (1.8 kB at 23 kB/s)
#13 80.47 [INFO] Downloading from central: https://repo.maven.apache.org/maven2/io/grpc/grpc-googleapis/1.55.1/grpc-googleapis-1.55.1.pom
#13 80.53 [INFO] Downloaded from central: https://repo.maven.apache.org/maven2/io/grpc/grpc-googleapis/1.55.1/grpc-googleapis-1.55.1.pom (2.1 kB at 34 kB/s)
#13 80.53 [INFO] Downloading from central: https://repo.maven.apache.org/maven2/org/checkerframework/checker-qual/3.33.0/checker-qual-3.33.0.pom
#13 80.57 [INFO] Downloaded from central: https://repo.maven.apache.org/maven2/org/checkerframework/checker-qual/3.33.0/checker-qual-3.33.0.pom (2.1 kB at 54 kB/s)
#13 80.57 [INFO] Downloading from central: https://repo.maven.apache.org/maven2/io/grpc/grpc-xds/1.55.1/grpc-xds-1.55.1.pom
#13 80.69 [INFO] Downloaded from central: https://repo.maven.apache.org/maven2/io/grpc/grpc-xds/1.55.1/grpc-xds-1.55.1.pom (3.4 kB at 28 kB/s)
#13 80.69 [INFO] Downloading from central: https://repo.maven.apache.org/maven2/io/opencensus/opencensus-proto/0.2.0/opencensus-proto-0.2.0.pom
#13 80.78 [INFO] Downloaded from central: https://repo.maven.apache.org/maven2/io/opencensus/opencensus-proto/0.2.0/opencensus-proto-0.2.0.pom (1.9 kB at 23 kB/s)
#13 80.78 [INFO] Downloading from central: https://repo.maven.apache.org/maven2/io/grpc/grpc-services/1.55.1/grpc-services-1.55.1.pom
#13 80.87 [INFO] Downloaded from central: https://repo.maven.apache.org/maven2/io/grpc/grpc-services/1.55.1/grpc-services-1.55.1.pom (2.3 kB at 26 kB/s)
#13 80.87 [INFO] Downloading from central: https://repo.maven.apache.org/maven2/com/google/re2j/re2j/1.6/re2j-1.6.pom
#13 80.92 [INFO] Downloaded from central: https://repo.maven.apache.org/maven2/com/google/re2j/re2j/1.6/re2j-1.6.pom (933 B at 20 kB/s)
#13 80.92 [INFO] Downloading from central: https://repo.maven.apache.org/maven2/io/grpc/grpc-rls/1.55.1/grpc-rls-1.55.1.pom
#13 80.95 [INFO] Downloaded from central: https://repo.maven.apache.org/maven2/io/grpc/grpc-rls/1.55.1/grpc-rls-1.55.1.pom (2.2 kB at 62 kB/s)
#13 80.95 [INFO] Downloading from central: https://repo.maven.apache.org/maven2/com/amazonaws/secretsmanager/aws-secretsmanager-jdbc/2.0.2/aws-secretsmanager-jdbc-2.0.2.pom
#13 80.99 [INFO] Downloaded from central: https://repo.maven.apache.org/maven2/com/amazonaws/secretsmanager/aws-secretsmanager-jdbc/2.0.2/aws-secretsmanager-jdbc-2.0.2.pom (8.1 kB at 202 kB/s)
#13 81.00 [INFO] Downloading from central: https://repo.maven.apache.org/maven2/com/amazonaws/secretsmanager/aws-secretsmanager-caching-java/2.0.0/aws-secretsmanager-caching-java-2.0.0.pom
#13 81.06 [INFO] Downloaded from central: https://repo.maven.apache.org/maven2/com/amazonaws/secretsmanager/aws-secretsmanager-caching-java/2.0.0/aws-secretsmanager-caching-java-2.0.0.pom (7.7 kB at 113 kB/s)
#13 81.07 [INFO] Downloading from central: https://repo.maven.apache.org/maven2/software/amazon/awssdk/secretsmanager/2.20.93/secretsmanager-2.20.93.pom
#13 81.17 [INFO] Downloaded from central: https://repo.maven.apache.org/maven2/software/amazon/awssdk/secretsmanager/2.20.93/secretsmanager-2.20.93.pom (2.4 kB at 24 kB/s)
#13 81.17 [INFO] Downloading from central: https://repo.maven.apache.org/maven2/software/amazon/awssdk/services/2.20.93/services-2.20.93.pom
#13 81.20 [INFO] Downloaded from central: https://repo.maven.apache.org/maven2/software/amazon/awssdk/services/2.20.93/services-2.20.93.pom (22 kB at 654 kB/s)
#13 81.20 [INFO] Downloading from central: https://repo.maven.apache.org/maven2/software/amazon/awssdk/aws-sdk-java-pom/2.20.93/aws-sdk-java-pom-2.20.93.pom
#13 81.37 [INFO] Downloaded from central: https://repo.maven.apache.org/maven2/software/amazon/awssdk/aws-sdk-java-pom/2.20.93/aws-sdk-java-pom-2.20.93.pom (77 kB at 466 kB/s)
#13 81.37 [INFO] Downloading from central: https://repo.maven.apache.org/maven2/software/amazon/awssdk/bom-internal/2.20.93/bom-internal-2.20.93.pom
#13 81.51 [INFO] Downloaded from central: https://repo.maven.apache.org/maven2/software/amazon/awssdk/bom-internal/2.20.93/bom-internal-2.20.93.pom (20 kB at 142 kB/s)
#13 81.52 [INFO] Downloading from central: https://repo.maven.apache.org/maven2/software/amazon/awssdk/aws-json-protocol/2.20.93/aws-json-protocol-2.20.93.pom
#13 81.57 [INFO] Downloaded from central: https://repo.maven.apache.org/maven2/software/amazon/awssdk/aws-json-protocol/2.20.93/aws-json-protocol-2.20.93.pom (4.4 kB at 78 kB/s)
#13 81.57 [INFO] Downloading from central: https://repo.maven.apache.org/maven2/software/amazon/awssdk/protocols/2.20.93/protocols-2.20.93.pom
#13 81.62 [INFO] Downloaded from central: https://repo.maven.apache.org/maven2/software/amazon/awssdk/protocols/2.20.93/protocols-2.20.93.pom (1.6 kB at 36 kB/s)
#13 81.62 [INFO] Downloading from central: https://repo.maven.apache.org/maven2/software/amazon/awssdk/core/2.20.93/core-2.20.93.pom
#13 81.73 [INFO] Downloaded from central: https://repo.maven.apache.org/maven2/software/amazon/awssdk/core/2.20.93/core-2.20.93.pom (2.2 kB at 21 kB/s)
#13 81.73 [INFO] Downloading from central: https://repo.maven.apache.org/maven2/software/amazon/awssdk/aws-core/2.20.93/aws-core-2.20.93.pom
#13 81.77 [INFO] Downloaded from central: https://repo.maven.apache.org/maven2/software/amazon/awssdk/aws-core/2.20.93/aws-core-2.20.93.pom (7.4 kB at 200 kB/s)
#13 81.77 [INFO] Downloading from central: https://repo.maven.apache.org/maven2/software/amazon/awssdk/annotations/2.20.93/annotations-2.20.93.pom
#13 81.82 [INFO] Downloaded from central: https://repo.maven.apache.org/maven2/software/amazon/awssdk/annotations/2.20.93/annotations-2.20.93.pom (1.7 kB at 34 kB/s)
#13 81.82 [INFO] Downloading from central: https://repo.maven.apache.org/maven2/software/amazon/awssdk/regions/2.20.93/regions-2.20.93.pom
#13 81.86 [INFO] Downloaded from central: https://repo.maven.apache.org/maven2/software/amazon/awssdk/regions/2.20.93/regions-2.20.93.pom (5.5 kB at 160 kB/s)
#13 81.86 [INFO] Downloading from central: https://repo.maven.apache.org/maven2/software/amazon/awssdk/utils/2.20.93/utils-2.20.93.pom
#13 81.90 [INFO] Downloaded from central: https://repo.maven.apache.org/maven2/software/amazon/awssdk/utils/2.20.93/utils-2.20.93.pom (4.9 kB at 123 kB/s)
#13 81.90 [INFO] Downloading from central: https://repo.maven.apache.org/maven2/org/reactivestreams/reactive-streams/1.0.3/reactive-streams-1.0.3.pom
#13 81.94 [INFO] Downloaded from central: https://repo.maven.apache.org/maven2/org/reactivestreams/reactive-streams/1.0.3/reactive-streams-1.0.3.pom (1.2 kB at 30 kB/s)
#13 81.94 [INFO] Downloading from central: https://repo.maven.apache.org/maven2/software/amazon/awssdk/sdk-core/2.20.93/sdk-core-2.20.93.pom
#13 81.99 [INFO] Downloaded from central: https://repo.maven.apache.org/maven2/software/amazon/awssdk/sdk-core/2.20.93/sdk-core-2.20.93.pom (11 kB at 244 kB/s)
#13 81.99 [INFO] Downloading from central: https://repo.maven.apache.org/maven2/software/amazon/awssdk/http-client-spi/2.20.93/http-client-spi-2.20.93.pom
#13 82.02 [INFO] Downloaded from central: https://repo.maven.apache.org/maven2/software/amazon/awssdk/http-client-spi/2.20.93/http-client-spi-2.20.93.pom (3.8 kB at 128 kB/s)
#13 82.02 [INFO] Downloading from central: https://repo.maven.apache.org/maven2/software/amazon/awssdk/metrics-spi/2.20.93/metrics-spi-2.20.93.pom
#13 82.07 [INFO] Downloaded from central: https://repo.maven.apache.org/maven2/software/amazon/awssdk/metrics-spi/2.20.93/metrics-spi-2.20.93.pom (3.7 kB at 78 kB/s)
#13 82.08 [INFO] Downloading from central: https://repo.maven.apache.org/maven2/software/amazon/awssdk/endpoints-spi/2.20.93/endpoints-spi-2.20.93.pom
#13 82.12 [INFO] Downloaded from central: https://repo.maven.apache.org/maven2/software/amazon/awssdk/endpoints-spi/2.20.93/endpoints-spi-2.20.93.pom (2.5 kB at 60 kB/s)
#13 82.12 [INFO] Downloading from central: https://repo.maven.apache.org/maven2/software/amazon/awssdk/profiles/2.20.93/profiles-2.20.93.pom
#13 82.16 [INFO] Downloaded from central: https://repo.maven.apache.org/maven2/software/amazon/awssdk/profiles/2.20.93/profiles-2.20.93.pom (2.9 kB at 69 kB/s)
#13 82.17 [INFO] Downloading from central: https://repo.maven.apache.org/maven2/software/amazon/awssdk/json-utils/2.20.93/json-utils-2.20.93.pom
#13 82.21 [INFO] Downloaded from central: https://repo.maven.apache.org/maven2/software/amazon/awssdk/json-utils/2.20.93/json-utils-2.20.93.pom (3.5 kB at 83 kB/s)
#13 82.21 [INFO] Downloading from central: https://repo.maven.apache.org/maven2/software/amazon/awssdk/third-party-jackson-core/2.20.93/third-party-jackson-core-2.20.93.pom
#13 82.27 [INFO] Downloaded from central: https://repo.maven.apache.org/maven2/software/amazon/awssdk/third-party-jackson-core/2.20.93/third-party-jackson-core-2.20.93.pom (4.4 kB at 80 kB/s)
#13 82.27 [INFO] Downloading from central: https://repo.maven.apache.org/maven2/software/amazon/awssdk/third-party/2.20.93/third-party-2.20.93.pom
#13 82.31 [INFO] Downloaded from central: https://repo.maven.apache.org/maven2/software/amazon/awssdk/third-party/2.20.93/third-party-2.20.93.pom (2.4 kB at 57 kB/s)
#13 82.31 [INFO] Downloading from central: https://repo.maven.apache.org/maven2/software/amazon/awssdk/auth/2.20.93/auth-2.20.93.pom
#13 82.37 [INFO] Downloaded from central: https://repo.maven.apache.org/maven2/software/amazon/awssdk/auth/2.20.93/auth-2.20.93.pom (6.4 kB at 119 kB/s)
#13 82.37 [INFO] Downloading from central: https://repo.maven.apache.org/maven2/software/amazon/awssdk/protocol-core/2.20.93/protocol-core-2.20.93.pom
#13 82.41 [INFO] Downloaded from central: https://repo.maven.apache.org/maven2/software/amazon/awssdk/protocol-core/2.20.93/protocol-core-2.20.93.pom (3.2 kB at 92 kB/s)
#13 82.41 [INFO] Downloading from central: https://repo.maven.apache.org/maven2/software/amazon/awssdk/apache-client/2.20.93/apache-client-2.20.93.pom
#13 82.46 [INFO] Downloaded from central: https://repo.maven.apache.org/maven2/software/amazon/awssdk/apache-client/2.20.93/apache-client-2.20.93.pom (4.1 kB at 83 kB/s)
#13 82.46 [INFO] Downloading from central: https://repo.maven.apache.org/maven2/software/amazon/awssdk/http-clients/2.20.93/http-clients-2.20.93.pom
#13 82.50 [INFO] Downloaded from central: https://repo.maven.apache.org/maven2/software/amazon/awssdk/http-clients/2.20.93/http-clients-2.20.93.pom (1.8 kB at 44 kB/s)
#13 82.50 [INFO] Downloading from central: https://repo.maven.apache.org/maven2/software/amazon/awssdk/netty-nio-client/2.20.93/netty-nio-client-2.20.93.pom
#13 82.54 [INFO] Downloaded from central: https://repo.maven.apache.org/maven2/software/amazon/awssdk/netty-nio-client/2.20.93/netty-nio-client-2.20.93.pom (8.3 kB at 207 kB/s)
#13 82.54 [INFO] Downloading from central: https://repo.maven.apache.org/maven2/io/netty/netty-codec-http/4.1.86.Final/netty-codec-http-4.1.86.Final.pom
#13 82.59 [INFO] Downloaded from central: https://repo.maven.apache.org/maven2/io/netty/netty-codec-http/4.1.86.Final/netty-codec-http-4.1.86.Final.pom (3.9 kB at 79 kB/s)
#13 82.59 [INFO] Downloading from central: https://repo.maven.apache.org/maven2/io/netty/netty-parent/4.1.86.Final/netty-parent-4.1.86.Final.pom
#13 82.64 [INFO] Downloaded from central: https://repo.maven.apache.org/maven2/io/netty/netty-parent/4.1.86.Final/netty-parent-4.1.86.Final.pom (80 kB at 1.6 MB/s)
#13 82.65 [INFO] Downloading from central: https://repo.maven.apache.org/maven2/io/netty/netty-common/4.1.86.Final/netty-common-4.1.86.Final.pom
#13 82.68 [INFO] Downloaded from central: https://repo.maven.apache.org/maven2/io/netty/netty-common/4.1.86.Final/netty-common-4.1.86.Final.pom (12 kB at 320 kB/s)
#13 82.69 [INFO] Downloading from central: https://repo.maven.apache.org/maven2/io/netty/netty-buffer/4.1.86.Final/netty-buffer-4.1.86.Final.pom
#13 82.73 [INFO] Downloaded from central: https://repo.maven.apache.org/maven2/io/netty/netty-buffer/4.1.86.Final/netty-buffer-4.1.86.Final.pom (1.6 kB at 36 kB/s)
#13 82.74 [INFO] Downloading from central: https://repo.maven.apache.org/maven2/io/netty/netty-transport/4.1.86.Final/netty-transport-4.1.86.Final.pom
#13 82.77 [INFO] Downloaded from central: https://repo.maven.apache.org/maven2/io/netty/netty-transport/4.1.86.Final/netty-transport-4.1.86.Final.pom (2.2 kB at 60 kB/s)
#13 82.77 [INFO] Downloading from central: https://repo.maven.apache.org/maven2/io/netty/netty-resolver/4.1.86.Final/netty-resolver-4.1.86.Final.pom
#13 82.81 [INFO] Downloaded from central: https://repo.maven.apache.org/maven2/io/netty/netty-resolver/4.1.86.Final/netty-resolver-4.1.86.Final.pom (1.6 kB at 50 kB/s)
#13 82.81 [INFO] Downloading from central: https://repo.maven.apache.org/maven2/io/netty/netty-codec/4.1.86.Final/netty-codec-4.1.86.Final.pom
#13 82.86 [INFO] Downloaded from central: https://repo.maven.apache.org/maven2/io/netty/netty-codec/4.1.86.Final/netty-codec-4.1.86.Final.pom (5.0 kB at 95 kB/s)
#13 82.86 [INFO] Downloading from central: https://repo.maven.apache.org/maven2/io/netty/netty-handler/4.1.86.Final/netty-handler-4.1.86.Final.pom
#13 82.91 [INFO] Downloaded from central: https://repo.maven.apache.org/maven2/io/netty/netty-handler/4.1.86.Final/netty-handler-4.1.86.Final.pom (4.5 kB at 104 kB/s)
#13 82.91 [INFO] Downloading from central: https://repo.maven.apache.org/maven2/io/netty/netty-transport-native-unix-common/4.1.86.Final/netty-transport-native-unix-common-4.1.86.Final.pom
#13 82.94 [INFO] Downloaded from central: https://repo.maven.apache.org/maven2/io/netty/netty-transport-native-unix-common/4.1.86.Final/netty-transport-native-unix-common-4.1.86.Final.pom (29 kB at 919 kB/s)
#13 82.95 [INFO] Downloading from central: https://repo.maven.apache.org/maven2/io/netty/netty-codec-http2/4.1.86.Final/netty-codec-http2-4.1.86.Final.pom
#13 82.98 [INFO] Downloaded from central: https://repo.maven.apache.org/maven2/io/netty/netty-codec-http2/4.1.86.Final/netty-codec-http2-4.1.86.Final.pom (4.1 kB at 133 kB/s)
#13 82.98 [INFO] Downloading from central: https://repo.maven.apache.org/maven2/io/netty/netty-transport-classes-epoll/4.1.86.Final/netty-transport-classes-epoll-4.1.86.Final.pom
#13 83.01 [INFO] Downloaded from central: https://repo.maven.apache.org/maven2/io/netty/netty-transport-classes-epoll/4.1.86.Final/netty-transport-classes-epoll-4.1.86.Final.pom (2.1 kB at 61 kB/s)
#13 83.02 [INFO] Downloading from central: https://repo.maven.apache.org/maven2/com/github/spotbugs/spotbugs-annotations/4.7.3/spotbugs-annotations-4.7.3.pom
#13 83.06 [INFO] Downloaded from central: https://repo.maven.apache.org/maven2/com/github/spotbugs/spotbugs-annotations/4.7.3/spotbugs-annotations-4.7.3.pom (3.5 kB at 75 kB/s)
#13 83.06 [INFO] Downloading from central: https://repo.maven.apache.org/maven2/com/oracle/database/jdbc/ojdbc8/19.6.0.0/ojdbc8-19.6.0.0.pom
#13 83.11 [INFO] Downloaded from central: https://repo.maven.apache.org/maven2/com/oracle/database/jdbc/ojdbc8/19.6.0.0/ojdbc8-19.6.0.0.pom (3.3 kB at 65 kB/s)
#13 83.12 [INFO] Downloading from central: https://repo.maven.apache.org/maven2/com/oracle/database/jdbc/ucp/19.6.0.0/ucp-19.6.0.0.pom
#13 83.16 [INFO] Downloaded from central: https://repo.maven.apache.org/maven2/com/oracle/database/jdbc/ucp/19.6.0.0/ucp-19.6.0.0.pom (1.3 kB at 31 kB/s)
#13 83.16 [INFO] Downloading from central: https://repo.maven.apache.org/maven2/com/oracle/database/security/oraclepki/19.6.0.0/oraclepki-19.6.0.0.pom
#13 83.21 [INFO] Downloaded from central: https://repo.maven.apache.org/maven2/com/oracle/database/security/oraclepki/19.6.0.0/oraclepki-19.6.0.0.pom (1.3 kB at 25 kB/s)
#13 83.22 [INFO] Downloading from central: https://repo.maven.apache.org/maven2/com/oracle/database/security/osdt_cert/19.6.0.0/osdt_cert-19.6.0.0.pom
#13 83.25 [INFO] Downloaded from central: https://repo.maven.apache.org/maven2/com/oracle/database/security/osdt_cert/19.6.0.0/osdt_cert-19.6.0.0.pom (1.3 kB at 35 kB/s)
#13 83.25 [INFO] Downloading from central: https://repo.maven.apache.org/maven2/com/oracle/database/security/osdt_core/19.6.0.0/osdt_core-19.6.0.0.pom
#13 83.31 [INFO] Downloaded from central: https://repo.maven.apache.org/maven2/com/oracle/database/security/osdt_core/19.6.0.0/osdt_core-19.6.0.0.pom (1.3 kB at 26 kB/s)
#13 83.31 [INFO] Downloading from central: https://repo.maven.apache.org/maven2/com/oracle/database/ha/simplefan/19.6.0.0/simplefan-19.6.0.0.pom
#13 83.38 [INFO] Downloaded from central: https://repo.maven.apache.org/maven2/com/oracle/database/ha/simplefan/19.6.0.0/simplefan-19.6.0.0.pom (1.5 kB at 22 kB/s)
#13 83.38 [INFO] Downloading from central: https://repo.maven.apache.org/maven2/com/oracle/database/ha/ons/19.6.0.0/ons-19.6.0.0.pom
#13 83.43 [INFO] Downloaded from central: https://repo.maven.apache.org/maven2/com/oracle/database/ha/ons/19.6.0.0/ons-19.6.0.0.pom (1.3 kB at 25 kB/s)
#13 83.46 [INFO] Downloading from central: https://repo.maven.apache.org/maven2/org/slf4j/slf4j-api/1.7.30/slf4j-api-1.7.30.jar
#13 83.50 [INFO] Downloaded from central: https://repo.maven.apache.org/maven2/org/slf4j/slf4j-api/1.7.30/slf4j-api-1.7.30.jar (41 kB at 943 kB/s)
#13 83.50 [INFO] Downloading from central: https://repo.maven.apache.org/maven2/org/apache/logging/log4j/log4j-api/2.17.1/log4j-api-2.17.1.jar
#13 83.50 [INFO] Downloading from central: https://repo.maven.apache.org/maven2/org/jboss/jboss-vfs/3.2.15.Final/jboss-vfs-3.2.15.Final.jar
#13 83.50 [INFO] Downloading from central: https://repo.maven.apache.org/maven2/org/jboss/logging/jboss-logging/3.1.4.GA/jboss-logging-3.1.4.GA.jar
#13 83.50 [INFO] Downloading from central: https://repo.maven.apache.org/maven2/software/amazon/awssdk/s3/2.21.46/s3-2.21.46.jar
#13 83.50 [INFO] Downloading from central: https://repo.maven.apache.org/maven2/software/amazon/awssdk/aws-xml-protocol/2.21.46/aws-xml-protocol-2.21.46.jar
#13 83.55 [INFO] Downloaded from central: https://repo.maven.apache.org/maven2/org/jboss/jboss-vfs/3.2.15.Final/jboss-vfs-3.2.15.Final.jar (145 kB at 2.8 MB/s)
#13 83.55 [INFO] Downloading from central: https://repo.maven.apache.org/maven2/software/amazon/awssdk/aws-query-protocol/2.21.46/aws-query-protocol-2.21.46.jar
#13 83.57 [INFO] Downloaded from central: https://repo.maven.apache.org/maven2/software/amazon/awssdk/aws-xml-protocol/2.21.46/aws-xml-protocol-2.21.46.jar (100 kB at 1.5 MB/s)
#13 83.57 [INFO] Downloading from central: https://repo.maven.apache.org/maven2/software/amazon/awssdk/protocol-core/2.21.46/protocol-core-2.21.46.jar
#13 83.57 [INFO] Downloaded from central: https://repo.maven.apache.org/maven2/org/apache/logging/log4j/log4j-api/2.17.1/log4j-api-2.17.1.jar (302 kB at 4.3 MB/s)
#13 83.57 [INFO] Downloading from central: https://repo.maven.apache.org/maven2/software/amazon/awssdk/arns/2.21.46/arns-2.21.46.jar
#13 83.61 [INFO] Downloaded from central: https://repo.maven.apache.org/maven2/software/amazon/awssdk/protocol-core/2.21.46/protocol-core-2.21.46.jar (35 kB at 338 kB/s)
#13 83.61 [INFO] Downloading from central: https://repo.maven.apache.org/maven2/software/amazon/awssdk/profiles/2.21.46/profiles-2.21.46.jar
#13 83.63 [INFO] Downloaded from central: https://repo.maven.apache.org/maven2/software/amazon/awssdk/arns/2.21.46/arns-2.21.46.jar (16 kB at 127 kB/s)
#13 83.63 [INFO] Downloading from central: https://repo.maven.apache.org/maven2/software/amazon/awssdk/crt-core/2.21.46/crt-core-2.21.46.jar
#13 83.63 [INFO] Downloaded from central: https://repo.maven.apache.org/maven2/software/amazon/awssdk/aws-query-protocol/2.21.46/aws-query-protocol-2.21.46.jar (68 kB at 545 kB/s)
#13 83.63 [INFO] Downloading from central: https://repo.maven.apache.org/maven2/software/amazon/awssdk/http-auth/2.21.46/http-auth-2.21.46.jar
#13 83.72 [INFO] Downloaded from central: https://repo.maven.apache.org/maven2/software/amazon/awssdk/crt-core/2.21.46/crt-core-2.21.46.jar (16 kB at 75 kB/s)
#13 83.72 [INFO] Downloading from central: https://repo.maven.apache.org/maven2/software/amazon/awssdk/identity-spi/2.21.46/identity-spi-2.21.46.jar
#13 83.75 [INFO] Downloaded from central: https://repo.maven.apache.org/maven2/software/amazon/awssdk/profiles/2.21.46/profiles-2.21.46.jar (49 kB at 197 kB/s)
#13 83.75 [INFO] Downloading from central: https://repo.maven.apache.org/maven2/software/amazon/awssdk/http-auth-spi/2.21.46/http-auth-spi-2.21.46.jar
#13 83.76 [INFO] Downloaded from central: https://repo.maven.apache.org/maven2/software/amazon/awssdk/http-auth/2.21.46/http-auth-2.21.46.jar (17 kB at 68 kB/s)
#13 83.76 [INFO] Downloading from central: https://repo.maven.apache.org/maven2/software/amazon/awssdk/http-auth-aws/2.21.46/http-auth-aws-2.21.46.jar
#13 83.81 [INFO] Downloaded from central: https://repo.maven.apache.org/maven2/software/amazon/awssdk/identity-spi/2.21.46/identity-spi-2.21.46.jar (30 kB at 98 kB/s)
#13 83.81 [INFO] Downloading from central: https://repo.maven.apache.org/maven2/software/amazon/awssdk/checksums/2.21.46/checksums-2.21.46.jar
#13 83.83 [INFO] Downloaded from central: https://repo.maven.apache.org/maven2/software/amazon/awssdk/http-auth-spi/2.21.46/http-auth-spi-2.21.46.jar (45 kB at 136 kB/s)
#13 83.83 [INFO] Downloading from central: https://repo.maven.apache.org/maven2/software/amazon/awssdk/checksums-spi/2.21.46/checksums-spi-2.21.46.jar
#13 83.85 [INFO] Downloaded from central: https://repo.maven.apache.org/maven2/software/amazon/awssdk/checksums/2.21.46/checksums-2.21.46.jar (9.3 kB at 27 kB/s)
#13 83.85 [INFO] Downloading from central: https://repo.maven.apache.org/maven2/software/amazon/awssdk/sdk-core/2.21.46/sdk-core-2.21.46.jar
#13 83.90 [INFO] Downloaded from central: https://repo.maven.apache.org/maven2/software/amazon/awssdk/checksums-spi/2.21.46/checksums-spi-2.21.46.jar (8.0 kB at 20 kB/s)
#13 83.90 [INFO] Downloading from central: https://repo.maven.apache.org/maven2/software/amazon/awssdk/auth/2.21.46/auth-2.21.46.jar
#13 83.92 [INFO] Downloaded from central: https://repo.maven.apache.org/maven2/software/amazon/awssdk/http-auth-aws/2.21.46/http-auth-aws-2.21.46.jar (206 kB at 491 kB/s)
#13 83.92 [INFO] Downloading from central: https://repo.maven.apache.org/maven2/software/amazon/eventstream/eventstream/1.0.1/eventstream-1.0.1.jar
#13 83.99 [INFO] Downloaded from central: https://repo.maven.apache.org/maven2/software/amazon/eventstream/eventstream/1.0.1/eventstream-1.0.1.jar (30 kB at 63 kB/s)
#13 83.99 [INFO] Downloading from central: https://repo.maven.apache.org/maven2/software/amazon/awssdk/http-client-spi/2.21.46/http-client-spi-2.21.46.jar
#13 84.03 [INFO] Downloaded from central: https://repo.maven.apache.org/maven2/software/amazon/awssdk/http-client-spi/2.21.46/http-client-spi-2.21.46.jar (81 kB at 153 kB/s)
#13 84.03 [INFO] Downloading from central: https://repo.maven.apache.org/maven2/software/amazon/awssdk/regions/2.21.46/regions-2.21.46.jar
#13 84.06 [INFO] Downloaded from central: https://repo.maven.apache.org/maven2/software/amazon/awssdk/sdk-core/2.21.46/sdk-core-2.21.46.jar (888 kB at 1.6 MB/s)
#13 84.06 [INFO] Downloading from central: https://repo.maven.apache.org/maven2/software/amazon/awssdk/annotations/2.21.46/annotations-2.21.46.jar
#13 84.08 [INFO] Downloaded from central: https://repo.maven.apache.org/maven2/software/amazon/awssdk/s3/2.21.46/s3-2.21.46.jar (3.5 MB at 6.1 MB/s)
#13 84.08 [INFO] Downloaded from central: https://repo.maven.apache.org/maven2/software/amazon/awssdk/auth/2.21.46/auth-2.21.46.jar (224 kB at 387 kB/s)
#13 84.08 [INFO] Downloading from central: https://repo.maven.apache.org/maven2/software/amazon/awssdk/utils/2.21.46/utils-2.21.46.jar
#13 84.09 [INFO] Downloading from central: https://repo.maven.apache.org/maven2/software/amazon/awssdk/aws-core/2.21.46/aws-core-2.21.46.jar
#13 84.11 [INFO] Downloaded from central: https://repo.maven.apache.org/maven2/org/jboss/logging/jboss-logging/3.1.4.GA/jboss-logging-3.1.4.GA.jar (57 kB at 94 kB/s)
#13 84.11 [INFO] Downloading from central: https://repo.maven.apache.org/maven2/software/amazon/awssdk/metrics-spi/2.21.46/metrics-spi-2.21.46.jar
#13 84.11 [INFO] Downloaded from central: https://repo.maven.apache.org/maven2/software/amazon/awssdk/annotations/2.21.46/annotations-2.21.46.jar (14 kB at 23 kB/s)
#13 84.11 [INFO] Downloading from central: https://repo.maven.apache.org/maven2/software/amazon/awssdk/json-utils/2.21.46/json-utils-2.21.46.jar
#13 84.14 [INFO] Downloaded from central: https://repo.maven.apache.org/maven2/software/amazon/awssdk/utils/2.21.46/utils-2.21.46.jar (217 kB at 338 kB/s)
#13 84.14 [INFO] Downloading from central: https://repo.maven.apache.org/maven2/software/amazon/awssdk/third-party-jackson-core/2.21.46/third-party-jackson-core-2.21.46.jar
#13 84.16 [INFO] Downloaded from central: https://repo.maven.apache.org/maven2/software/amazon/awssdk/json-utils/2.21.46/json-utils-2.21.46.jar (31 kB at 47 kB/s)
#13 84.16 [INFO] Downloading from central: https://repo.maven.apache.org/maven2/software/amazon/awssdk/endpoints-spi/2.21.46/endpoints-spi-2.21.46.jar
#13 84.16 [INFO] Downloaded from central: https://repo.maven.apache.org/maven2/software/amazon/awssdk/aws-core/2.21.46/aws-core-2.21.46.jar (161 kB at 244 kB/s)
#13 84.16 [INFO] Downloading from central: https://repo.maven.apache.org/maven2/software/amazon/awssdk/apache-client/2.21.46/apache-client-2.21.46.jar
#13 84.17 [INFO] Downloaded from central: https://repo.maven.apache.org/maven2/software/amazon/awssdk/regions/2.21.46/regions-2.21.46.jar (847 kB at 1.3 MB/s)
#13 84.17 [INFO] Downloading from central: https://repo.maven.apache.org/maven2/org/apache/httpcomponents/httpcore/4.4.13/httpcore-4.4.13.jar
#13 84.21 [INFO] Downloaded from central: https://repo.maven.apache.org/maven2/software/amazon/awssdk/endpoints-spi/2.21.46/endpoints-spi-2.21.46.jar (13 kB at 19 kB/s)
#13 84.21 [INFO] Downloading from central: https://repo.maven.apache.org/maven2/software/amazon/awssdk/netty-nio-client/2.21.46/netty-nio-client-2.21.46.jar
#13 84.22 [INFO] Downloaded from central: https://repo.maven.apache.org/maven2/software/amazon/awssdk/apache-client/2.21.46/apache-client-2.21.46.jar (75 kB at 103 kB/s)
#13 84.22 [INFO] Downloading from central: https://repo.maven.apache.org/maven2/io/netty/netty-codec-http/4.1.100.Final/netty-codec-http-4.1.100.Final.jar
#13 84.24 [INFO] Downloaded from central: https://repo.maven.apache.org/maven2/software/amazon/awssdk/third-party-jackson-core/2.21.46/third-party-jackson-core-2.21.46.jar (535 kB at 724 kB/s)
#13 84.24 [INFO] Downloading from central: https://repo.maven.apache.org/maven2/io/netty/netty-codec-http2/4.1.100.Final/netty-codec-http2-4.1.100.Final.jar
#13 84.26 [INFO] Downloaded from central: https://repo.maven.apache.org/maven2/org/apache/httpcomponents/httpcore/4.4.13/httpcore-4.4.13.jar (329 kB at 435 kB/s)
#13 84.26 [INFO] Downloading from central: https://repo.maven.apache.org/maven2/io/netty/netty-codec/4.1.100.Final/netty-codec-4.1.100.Final.jar
#13 84.27 [INFO] Downloaded from central: https://repo.maven.apache.org/maven2/software/amazon/awssdk/metrics-spi/2.21.46/metrics-spi-2.21.46.jar (27 kB at 36 kB/s)
#13 84.27 [INFO] Downloading from central: https://repo.maven.apache.org/maven2/io/netty/netty-transport/4.1.100.Final/netty-transport-4.1.100.Final.jar
#13 84.27 [INFO] Downloaded from central: https://repo.maven.apache.org/maven2/software/amazon/awssdk/netty-nio-client/2.21.46/netty-nio-client-2.21.46.jar (287 kB at 373 kB/s)
#13 84.27 [INFO] Downloading from central: https://repo.maven.apache.org/maven2/io/netty/netty-common/4.1.100.Final/netty-common-4.1.100.Final.jar
#13 84.41 [INFO] Downloaded from central: https://repo.maven.apache.org/maven2/io/netty/netty-codec-http/4.1.100.Final/netty-codec-http-4.1.100.Final.jar (658 kB at 724 kB/s)
#13 84.41 [INFO] Downloading from central: https://repo.maven.apache.org/maven2/io/netty/netty-buffer/4.1.100.Final/netty-buffer-4.1.100.Final.jar
#13 84.43 [INFO] Downloaded from central: https://repo.maven.apache.org/maven2/io/netty/netty-codec-http2/4.1.100.Final/netty-codec-http2-4.1.100.Final.jar (486 kB at 526 kB/s)
#13 84.43 [INFO] Downloading from central: https://repo.maven.apache.org/maven2/io/netty/netty-handler/4.1.100.Final/netty-handler-4.1.100.Final.jar
#13 84.43 [INFO] Downloaded from central: https://repo.maven.apache.org/maven2/io/netty/netty-codec/4.1.100.Final/netty-codec-4.1.100.Final.jar (345 kB at 373 kB/s)
#13 84.43 [INFO] Downloading from central: https://repo.maven.apache.org/maven2/io/netty/netty-transport-native-unix-common/4.1.100.Final/netty-transport-native-unix-common-4.1.100.Final.jar
#13 84.48 [INFO] Downloaded from central: https://repo.maven.apache.org/maven2/io/netty/netty-common/4.1.100.Final/netty-common-4.1.100.Final.jar (660 kB at 674 kB/s)
#13 84.48 [INFO] Downloading from central: https://repo.maven.apache.org/maven2/io/netty/netty-transport-classes-epoll/4.1.100.Final/netty-transport-classes-epoll-4.1.100.Final.jar
#13 84.48 [INFO] Downloaded from central: https://repo.maven.apache.org/maven2/io/netty/netty-transport-native-unix-common/4.1.100.Final/netty-transport-native-unix-common-4.1.100.Final.jar (44 kB at 45 kB/s)
#13 84.48 [INFO] Downloading from central: https://repo.maven.apache.org/maven2/io/netty/netty-resolver/4.1.100.Final/netty-resolver-4.1.100.Final.jar
#13 84.49 [INFO] Downloaded from central: https://repo.maven.apache.org/maven2/io/netty/netty-buffer/4.1.100.Final/netty-buffer-4.1.100.Final.jar (307 kB at 310 kB/s)
#13 84.49 [INFO] Downloading from central: https://repo.maven.apache.org/maven2/com/google/cloud/google-cloud-storage/2.22.5/google-cloud-storage-2.22.5.jar
#13 84.55 [INFO] Downloaded from central: https://repo.maven.apache.org/maven2/io/netty/netty-resolver/4.1.100.Final/netty-resolver-4.1.100.Final.jar (38 kB at 36 kB/s)
#13 84.55 [INFO] Downloading from central: https://repo.maven.apache.org/maven2/com/google/guava/guava/32.0.1-jre/guava-32.0.1-jre.jar
#13 84.56 [INFO] Downloaded from central: https://repo.maven.apache.org/maven2/io/netty/netty-handler/4.1.100.Final/netty-handler-4.1.100.Final.jar (561 kB at 531 kB/s)
#13 84.56 [INFO] Downloading from central: https://repo.maven.apache.org/maven2/com/google/guava/failureaccess/1.0.1/failureaccess-1.0.1.jar
#13 84.56 [INFO] Downloaded from central: https://repo.maven.apache.org/maven2/io/netty/netty-transport-classes-epoll/4.1.100.Final/netty-transport-classes-epoll-4.1.100.Final.jar (147 kB at 139 kB/s)
#13 84.56 [INFO] Downloading from central: https://repo.maven.apache.org/maven2/com/google/guava/listenablefuture/9999.0-empty-to-avoid-conflict-with-guava/listenablefuture-9999.0-empty-to-avoid-conflict-with-guava.jar
#13 84.59 [INFO] Downloaded from central: https://repo.maven.apache.org/maven2/com/google/cloud/google-cloud-storage/2.22.5/google-cloud-storage-2.22.5.jar (714 kB at 656 kB/s)
#13 84.59 [INFO] Downloading from central: https://repo.maven.apache.org/maven2/com/google/errorprone/error_prone_annotations/2.18.0/error_prone_annotations-2.18.0.jar
#13 84.61 [INFO] Downloaded from central: https://repo.maven.apache.org/maven2/com/google/guava/listenablefuture/9999.0-empty-to-avoid-conflict-with-guava/listenablefuture-9999.0-empty-to-avoid-conflict-with-guava.jar (2.2 kB at 2.0 kB/s)
#13 84.61 [INFO] Downloading from central: https://repo.maven.apache.org/maven2/com/google/j2objc/j2objc-annotations/2.8/j2objc-annotations-2.8.jar
#13 84.62 [INFO] Downloaded from central: https://repo.maven.apache.org/maven2/com/google/guava/failureaccess/1.0.1/failureaccess-1.0.1.jar (4.6 kB at 4.1 kB/s)
#13 84.62 [INFO] Downloading from central: https://repo.maven.apache.org/maven2/com/google/http-client/google-http-client/1.43.3/google-http-client-1.43.3.jar
#13 84.63 [INFO] Downloaded from central: https://repo.maven.apache.org/maven2/com/google/errorprone/error_prone_annotations/2.18.0/error_prone_annotations-2.18.0.jar (16 kB at 14 kB/s)
#13 84.63 [INFO] Downloading from central: https://repo.maven.apache.org/maven2/io/opencensus/opencensus-contrib-http-util/0.31.1/opencensus-contrib-http-util-0.31.1.jar
#13 84.67 [INFO] Downloaded from central: https://repo.maven.apache.org/maven2/com/google/j2objc/j2objc-annotations/2.8/j2objc-annotations-2.8.jar (9.3 kB at 8.0 kB/s)
#13 84.67 [INFO] Downloading from central: https://repo.maven.apache.org/maven2/com/google/http-client/google-http-client-jackson2/1.43.3/google-http-client-jackson2-1.43.3.jar
#13 84.69 [INFO] Downloaded from central: https://repo.maven.apache.org/maven2/com/google/http-client/google-http-client/1.43.3/google-http-client-1.43.3.jar (293 kB at 247 kB/s)
#13 84.69 [INFO] Downloading from central: https://repo.maven.apache.org/maven2/com/google/http-client/google-http-client-gson/1.43.3/google-http-client-gson-1.43.3.jar
#13 84.70 [INFO] Downloaded from central: https://repo.maven.apache.org/maven2/io/opencensus/opencensus-contrib-http-util/0.31.1/opencensus-contrib-http-util-0.31.1.jar (23 kB at 20 kB/s)
#13 84.70 [INFO] Downloading from central: https://repo.maven.apache.org/maven2/com/google/api-client/google-api-client/2.2.0/google-api-client-2.2.0.jar
#13 84.71 [INFO] Downloaded from central: https://repo.maven.apache.org/maven2/com/google/http-client/google-http-client-jackson2/1.43.3/google-http-client-jackson2-1.43.3.jar (8.7 kB at 7.2 kB/s)
#13 84.71 [INFO] Downloading from central: https://repo.maven.apache.org/maven2/commons-codec/commons-codec/1.15/commons-codec-1.15.jar
#13 84.74 [INFO] Downloaded from central: https://repo.maven.apache.org/maven2/com/google/http-client/google-http-client-gson/1.43.3/google-http-client-gson-1.43.3.jar (12 kB at 9.6 kB/s)
#13 84.74 [INFO] Downloading from central: https://repo.maven.apache.org/maven2/com/google/oauth-client/google-oauth-client/1.34.1/google-oauth-client-1.34.1.jar
#13 84.77 [INFO] Downloaded from central: https://repo.maven.apache.org/maven2/com/google/guava/guava/32.0.1-jre/guava-32.0.1-jre.jar (3.0 MB at 2.4 MB/s)
#13 84.77 [INFO] Downloading from central: https://repo.maven.apache.org/maven2/com/google/http-client/google-http-client-apache-v2/1.43.3/google-http-client-apache-v2-1.43.3.jar
#13 84.78 [INFO] Downloaded from central: https://repo.maven.apache.org/maven2/com/google/api-client/google-api-client/2.2.0/google-api-client-2.2.0.jar (300 kB at 235 kB/s)
#13 84.78 [INFO] Downloading from central: https://repo.maven.apache.org/maven2/com/google/apis/google-api-services-storage/v1-rev20230301-2.0.0/google-api-services-storage-v1-rev20230301-2.0.0.jar
#13 84.79 [INFO] Downloaded from central: https://repo.maven.apache.org/maven2/commons-codec/commons-codec/1.15/commons-codec-1.15.jar (354 kB at 276 kB/s)
#13 84.79 [INFO] Downloading from central: https://repo.maven.apache.org/maven2/com/google/cloud/google-cloud-core/2.20.0/google-cloud-core-2.20.0.jar
#13 84.80 [INFO] Downloaded from central: https://repo.maven.apache.org/maven2/com/google/oauth-client/google-oauth-client/1.34.1/google-oauth-client-1.34.1.jar (81 kB at 63 kB/s)
#13 84.80 [INFO] Downloading from central: https://repo.maven.apache.org/maven2/com/google/auto/value/auto-value-annotations/1.10.1/auto-value-annotations-1.10.1.jar
#13 84.81 [INFO] Downloaded from central: https://repo.maven.apache.org/maven2/com/google/http-client/google-http-client-apache-v2/1.43.3/google-http-client-apache-v2-1.43.3.jar (11 kB at 8.2 kB/s)
#13 84.81 [INFO] Downloading from central: https://repo.maven.apache.org/maven2/com/google/cloud/google-cloud-core-http/2.20.0/google-cloud-core-http-2.20.0.jar
#13 84.83 [INFO] Downloaded from central: https://repo.maven.apache.org/maven2/com/google/cloud/google-cloud-core/2.20.0/google-cloud-core-2.20.0.jar (133 kB at 100 kB/s)
#13 84.83 [INFO] Downloading from central: https://repo.maven.apache.org/maven2/com/google/http-client/google-http-client-appengine/1.43.3/google-http-client-appengine-1.43.3.jar
#13 84.83 [INFO] Downloaded from central: https://repo.maven.apache.org/maven2/com/google/apis/google-api-services-storage/v1-rev20230301-2.0.0/google-api-services-storage-v1-rev20230301-2.0.0.jar (173 kB at 130 kB/s)
#13 84.83 [INFO] Downloading from central: https://repo.maven.apache.org/maven2/com/google/api/gax-httpjson/2.30.0/gax-httpjson-2.30.0.jar
#13 84.84 [INFO] Downloaded from central: https://repo.maven.apache.org/maven2/com/google/cloud/google-cloud-core-http/2.20.0/google-cloud-core-http-2.20.0.jar (15 kB at 11 kB/s)
#13 84.84 [INFO] Downloading from central: https://repo.maven.apache.org/maven2/com/google/cloud/google-cloud-core-grpc/2.20.0/google-cloud-core-grpc-2.20.0.jar
#13 84.85 [INFO] Downloaded from central: https://repo.maven.apache.org/maven2/com/google/auto/value/auto-value-annotations/1.10.1/auto-value-annotations-1.10.1.jar (7.5 kB at 5.6 kB/s)
#13 84.85 [INFO] Downloading from central: https://repo.maven.apache.org/maven2/com/google/api/gax/2.30.0/gax-2.30.0.jar
#13 84.87 [INFO] Downloaded from central: https://repo.maven.apache.org/maven2/com/google/http-client/google-http-client-appengine/1.43.3/google-http-client-appengine-1.43.3.jar (19 kB at 14 kB/s)
#13 84.87 [INFO] Downloading from central: https://repo.maven.apache.org/maven2/com/google/api/gax-grpc/2.30.0/gax-grpc-2.30.0.jar
#13 84.89 [INFO] Downloaded from central: https://repo.maven.apache.org/maven2/com/google/api/gax-httpjson/2.30.0/gax-httpjson-2.30.0.jar (159 kB at 115 kB/s)
#13 84.89 [INFO] Downloading from central: https://repo.maven.apache.org/maven2/io/grpc/grpc-alts/1.55.1/grpc-alts-1.55.1.jar
#13 84.90 [INFO] Downloaded from central: https://repo.maven.apache.org/maven2/com/google/cloud/google-cloud-core-grpc/2.20.0/google-cloud-core-grpc-2.20.0.jar (17 kB at 12 kB/s)
#13 84.90 [INFO] Downloading from central: https://repo.maven.apache.org/maven2/io/grpc/grpc-grpclb/1.55.1/grpc-grpclb-1.55.1.jar
#13 84.91 [INFO] Downloaded from central: https://repo.maven.apache.org/maven2/com/google/api/gax-grpc/2.30.0/gax-grpc-2.30.0.jar (145 kB at 103 kB/s)
#13 84.91 [INFO] Downloading from central: https://repo.maven.apache.org/maven2/org/conscrypt/conscrypt-openjdk-uber/2.5.2/conscrypt-openjdk-uber-2.5.2.jar
#13 84.92 [INFO] Downloaded from central: https://repo.maven.apache.org/maven2/com/google/api/gax/2.30.0/gax-2.30.0.jar (377 kB at 265 kB/s)
#13 84.92 [INFO] Downloading from central: https://repo.maven.apache.org/maven2/io/grpc/grpc-auth/1.55.1/grpc-auth-1.55.1.jar
#13 84.97 [INFO] Downloaded from central: https://repo.maven.apache.org/maven2/io/grpc/grpc-alts/1.55.1/grpc-alts-1.55.1.jar (309 kB at 211 kB/s)
#13 84.97 [INFO] Downloading from central: https://repo.maven.apache.org/maven2/io/grpc/grpc-protobuf/1.55.1/grpc-protobuf-1.55.1.jar
#13 84.97 [INFO] Downloaded from central: https://repo.maven.apache.org/maven2/io/grpc/grpc-auth/1.55.1/grpc-auth-1.55.1.jar (15 kB at 10 kB/s)
#13 84.97 [INFO] Downloading from central: https://repo.maven.apache.org/maven2/io/grpc/grpc-protobuf-lite/1.55.1/grpc-protobuf-lite-1.55.1.jar
#13 84.97 [INFO] Downloaded from central: https://repo.maven.apache.org/maven2/io/grpc/grpc-grpclb/1.55.1/grpc-grpclb-1.55.1.jar (171 kB at 117 kB/s)
#13 84.97 [INFO] Downloading from central: https://repo.maven.apache.org/maven2/com/google/auth/google-auth-library-credentials/1.18.0/google-auth-library-credentials-1.18.0.jar
#13 85.01 [INFO] Downloaded from central: https://repo.maven.apache.org/maven2/com/google/auth/google-auth-library-credentials/1.18.0/google-auth-library-credentials-1.18.0.jar (6.0 kB at 4.0 kB/s)
#13 85.01 [INFO] Downloading from central: https://repo.maven.apache.org/maven2/com/google/auth/google-auth-library-oauth2-http/1.18.0/google-auth-library-oauth2-http-1.18.0.jar
#13 85.01 [INFO] Downloaded from central: https://repo.maven.apache.org/maven2/io/grpc/grpc-protobuf/1.55.1/grpc-protobuf-1.55.1.jar (5.1 kB at 3.4 kB/s)
#13 85.01 [INFO] Downloading from central: https://repo.maven.apache.org/maven2/com/google/api/api-common/2.13.0/api-common-2.13.0.jar
#13 85.02 [INFO] Downloaded from central: https://repo.maven.apache.org/maven2/io/netty/netty-transport/4.1.100.Final/netty-transport-4.1.100.Final.jar (490 kB at 324 kB/s)
#13 85.02 [INFO] Downloading from central: https://repo.maven.apache.org/maven2/javax/annotation/javax.annotation-api/1.3.2/javax.annotation-api-1.3.2.jar
#13 85.02 [INFO] Downloaded from central: https://repo.maven.apache.org/maven2/io/grpc/grpc-protobuf-lite/1.55.1/grpc-protobuf-lite-1.55.1.jar (7.6 kB at 5.0 kB/s)
#13 85.02 [INFO] Downloading from central: https://repo.maven.apache.org/maven2/io/opencensus/opencensus-api/0.31.1/opencensus-api-0.31.1.jar
#13 85.05 [INFO] Downloaded from central: https://repo.maven.apache.org/maven2/com/google/api/api-common/2.13.0/api-common-2.13.0.jar (50 kB at 32 kB/s)
#13 85.05 [INFO] Downloading from central: https://repo.maven.apache.org/maven2/io/grpc/grpc-context/1.55.1/grpc-context-1.55.1.jar
#13 85.10 [INFO] Downloaded from central: https://repo.maven.apache.org/maven2/javax/annotation/javax.annotation-api/1.3.2/javax.annotation-api-1.3.2.jar (27 kB at 17 kB/s)
#13 85.10 [INFO] Downloading from central: https://repo.maven.apache.org/maven2/com/google/api/grpc/proto-google-iam-v1/1.16.0/proto-google-iam-v1-1.16.0.jar
#13 85.12 [INFO] Downloaded from central: https://repo.maven.apache.org/maven2/com/google/auth/google-auth-library-oauth2-http/1.18.0/google-auth-library-oauth2-http-1.18.0.jar (248 kB at 153 kB/s)
#13 85.12 [INFO] Downloading from central: https://repo.maven.apache.org/maven2/com/google/protobuf/protobuf-java/3.23.2/protobuf-java-3.23.2.jar
#13 85.14 [INFO] Downloaded from central: https://repo.maven.apache.org/maven2/io/grpc/grpc-context/1.55.1/grpc-context-1.55.1.jar (31 kB at 19 kB/s)
#13 85.14 [INFO] Downloading from central: https://repo.maven.apache.org/maven2/com/google/protobuf/protobuf-java-util/3.23.2/protobuf-java-util-3.23.2.jar
#13 85.17 [INFO] Downloaded from central: https://repo.maven.apache.org/maven2/io/opencensus/opencensus-api/0.31.1/opencensus-api-0.31.1.jar (355 kB at 213 kB/s)
#13 85.17 [INFO] Downloading from central: https://repo.maven.apache.org/maven2/com/google/api/grpc/proto-google-common-protos/2.21.0/proto-google-common-protos-2.21.0.jar
#13 85.19 [INFO] Downloaded from central: https://repo.maven.apache.org/maven2/com/google/protobuf/protobuf-java-util/3.23.2/protobuf-java-util-3.23.2.jar (73 kB at 43 kB/s)
#13 85.19 [INFO] Downloading from central: https://repo.maven.apache.org/maven2/org/threeten/threetenbp/1.6.8/threetenbp-1.6.8.jar
#13 85.34 [INFO] Downloaded from central: https://repo.maven.apache.org/maven2/org/threeten/threetenbp/1.6.8/threetenbp-1.6.8.jar (514 kB at 280 kB/s)
#13 85.34 [INFO] Downloading from central: https://repo.maven.apache.org/maven2/com/google/api/grpc/proto-google-cloud-storage-v2/2.22.5-alpha/proto-google-cloud-storage-v2-2.22.5-alpha.jar
#13 85.38 [INFO] Downloaded from central: https://repo.maven.apache.org/maven2/org/conscrypt/conscrypt-openjdk-uber/2.5.2/conscrypt-openjdk-uber-2.5.2.jar (4.5 MB at 2.4 MB/s)
#13 85.38 [INFO] Downloading from central: https://repo.maven.apache.org/maven2/com/google/api/grpc/grpc-google-cloud-storage-v2/2.22.5-alpha/grpc-google-cloud-storage-v2-2.22.5-alpha.jar
#13 85.39 [INFO] Downloaded from central: https://repo.maven.apache.org/maven2/com/google/protobuf/protobuf-java/3.23.2/protobuf-java-3.23.2.jar (1.7 MB at 925 kB/s)
#13 85.39 [INFO] Downloading from central: https://repo.maven.apache.org/maven2/com/google/api/grpc/gapic-google-cloud-storage-v2/2.22.5-alpha/gapic-google-cloud-storage-v2-2.22.5-alpha.jar
#13 85.39 [INFO] Downloaded from central: https://repo.maven.apache.org/maven2/com/google/api/grpc/proto-google-iam-v1/1.16.0/proto-google-iam-v1-1.16.0.jar (172 kB at 91 kB/s)
#13 85.39 [INFO] Downloading from central: https://repo.maven.apache.org/maven2/io/grpc/grpc-api/1.55.1/grpc-api-1.55.1.jar
#13 85.45 [INFO] Downloaded from central: https://repo.maven.apache.org/maven2/com/google/api/grpc/gapic-google-cloud-storage-v2/2.22.5-alpha/gapic-google-cloud-storage-v2-2.22.5-alpha.jar (69 kB at 35 kB/s)
#13 85.45 [INFO] Downloading from central: https://repo.maven.apache.org/maven2/io/grpc/grpc-netty-shaded/1.55.1/grpc-netty-shaded-1.55.1.jar
#13 85.46 [INFO] Downloaded from central: https://repo.maven.apache.org/maven2/com/google/api/grpc/grpc-google-cloud-storage-v2/2.22.5-alpha/grpc-google-cloud-storage-v2-2.22.5-alpha.jar (31 kB at 16 kB/s)
#13 85.46 [INFO] Downloading from central: https://repo.maven.apache.org/maven2/io/perfmark/perfmark-api/0.26.0/perfmark-api-0.26.0.jar
#13 85.48 [INFO] Downloaded from central: https://repo.maven.apache.org/maven2/com/google/api/grpc/proto-google-common-protos/2.21.0/proto-google-common-protos-2.21.0.jar (2.0 MB at 1.0 MB/s)
#13 85.48 [INFO] Downloading from central: https://repo.maven.apache.org/maven2/io/grpc/grpc-core/1.55.1/grpc-core-1.55.1.jar
#13 85.50 [INFO] Downloaded from central: https://repo.maven.apache.org/maven2/io/perfmark/perfmark-api/0.26.0/perfmark-api-0.26.0.jar (6.8 kB at 3.4 kB/s)
#13 85.50 [INFO] Downloading from central: https://repo.maven.apache.org/maven2/com/google/android/annotations/4.1.1.4/annotations-4.1.1.4.jar
#13 85.51 [INFO] Downloaded from central: https://repo.maven.apache.org/maven2/com/google/api/grpc/proto-google-cloud-storage-v2/2.22.5-alpha/proto-google-cloud-storage-v2-2.22.5-alpha.jar (929 kB at 464 kB/s)
#13 85.51 [INFO] Downloading from central: https://repo.maven.apache.org/maven2/org/codehaus/mojo/animal-sniffer-annotations/1.23/animal-sniffer-annotations-1.23.jar
#13 85.55 [INFO] Downloaded from central: https://repo.maven.apache.org/maven2/com/google/android/annotations/4.1.1.4/annotations-4.1.1.4.jar (3.1 kB at 1.5 kB/s)
#13 85.55 [INFO] Downloading from central: https://repo.maven.apache.org/maven2/io/grpc/grpc-stub/1.55.1/grpc-stub-1.55.1.jar
#13 85.56 [INFO] Downloaded from central: https://repo.maven.apache.org/maven2/org/codehaus/mojo/animal-sniffer-annotations/1.23/animal-sniffer-annotations-1.23.jar (3.1 kB at 1.5 kB/s)
#13 85.56 [INFO] Downloading from central: https://repo.maven.apache.org/maven2/io/grpc/grpc-googleapis/1.55.1/grpc-googleapis-1.55.1.jar
#13 85.58 [INFO] Downloaded from central: https://repo.maven.apache.org/maven2/io/grpc/grpc-api/1.55.1/grpc-api-1.55.1.jar (263 kB at 127 kB/s)
#13 85.58 [INFO] Downloading from central: https://repo.maven.apache.org/maven2/org/checkerframework/checker-qual/3.33.0/checker-qual-3.33.0.jar
#13 85.61 [INFO] Downloaded from central: https://repo.maven.apache.org/maven2/io/grpc/grpc-googleapis/1.55.1/grpc-googleapis-1.55.1.jar (15 kB at 7.0 kB/s)
#13 85.61 [INFO] Downloading from central: https://repo.maven.apache.org/maven2/io/grpc/grpc-xds/1.55.1/grpc-xds-1.55.1.jar
#13 85.61 [INFO] Downloaded from central: https://repo.maven.apache.org/maven2/io/grpc/grpc-stub/1.55.1/grpc-stub-1.55.1.jar (51 kB at 24 kB/s)
#13 85.61 [INFO] Downloading from central: https://repo.maven.apache.org/maven2/io/opencensus/opencensus-proto/0.2.0/opencensus-proto-0.2.0.jar
#13 85.65 [INFO] Downloaded from central: https://repo.maven.apache.org/maven2/io/grpc/grpc-core/1.55.1/grpc-core-1.55.1.jar (742 kB at 347 kB/s)
#13 85.65 [INFO] Downloading from central: https://repo.maven.apache.org/maven2/io/grpc/grpc-services/1.55.1/grpc-services-1.55.1.jar
#13 85.76 [INFO] Downloaded from central: https://repo.maven.apache.org/maven2/io/opencensus/opencensus-proto/0.2.0/opencensus-proto-0.2.0.jar (750 kB at 333 kB/s)
#13 85.76 [INFO] Downloading from central: https://repo.maven.apache.org/maven2/com/google/re2j/re2j/1.6/re2j-1.6.jar
#13 85.82 [INFO] Downloaded from central: https://repo.maven.apache.org/maven2/io/grpc/grpc-services/1.55.1/grpc-services-1.55.1.jar (790 kB at 342 kB/s)
#13 85.82 [INFO] Downloading from central: https://repo.maven.apache.org/maven2/io/grpc/grpc-rls/1.55.1/grpc-rls-1.55.1.jar
#13 85.83 [INFO] Downloaded from central: https://repo.maven.apache.org/maven2/org/checkerframework/checker-qual/3.33.0/checker-qual-3.33.0.jar (224 kB at 97 kB/s)
#13 85.83 [INFO] Downloading from central: https://repo.maven.apache.org/maven2/com/amazonaws/secretsmanager/aws-secretsmanager-jdbc/2.0.2/aws-secretsmanager-jdbc-2.0.2.jar
#13 85.83 [INFO] Downloaded from central: https://repo.maven.apache.org/maven2/com/google/re2j/re2j/1.6/re2j-1.6.jar (113 kB at 49 kB/s)
#13 85.83 [INFO] Downloading from central: https://repo.maven.apache.org/maven2/com/amazonaws/secretsmanager/aws-secretsmanager-caching-java/2.0.0/aws-secretsmanager-caching-java-2.0.0.jar
#13 85.93 [INFO] Downloaded from central: https://repo.maven.apache.org/maven2/com/amazonaws/secretsmanager/aws-secretsmanager-caching-java/2.0.0/aws-secretsmanager-caching-java-2.0.0.jar (17 kB at 6.9 kB/s)
#13 85.93 [INFO] Downloading from central: https://repo.maven.apache.org/maven2/software/amazon/awssdk/secretsmanager/2.20.93/secretsmanager-2.20.93.jar
#13 85.95 [INFO] Downloaded from central: https://repo.maven.apache.org/maven2/io/grpc/grpc-rls/1.55.1/grpc-rls-1.55.1.jar (251 kB at 103 kB/s)
#13 85.95 [INFO] Downloading from central: https://repo.maven.apache.org/maven2/software/amazon/awssdk/aws-json-protocol/2.20.93/aws-json-protocol-2.20.93.jar
#13 85.95 [INFO] Downloaded from central: https://repo.maven.apache.org/maven2/com/amazonaws/secretsmanager/aws-secretsmanager-jdbc/2.0.2/aws-secretsmanager-jdbc-2.0.2.jar (27 kB at 11 kB/s)
#13 85.95 [INFO] Downloading from central: https://repo.maven.apache.org/maven2/com/github/spotbugs/spotbugs-annotations/4.7.3/spotbugs-annotations-4.7.3.jar
#13 86.02 [INFO] Downloaded from central: https://repo.maven.apache.org/maven2/com/github/spotbugs/spotbugs-annotations/4.7.3/spotbugs-annotations-4.7.3.jar (15 kB at 6.1 kB/s)
#13 86.02 [INFO] Downloading from central: https://repo.maven.apache.org/maven2/com/oracle/database/jdbc/ojdbc8/19.6.0.0/ojdbc8-19.6.0.0.jar
#13 86.03 [INFO] Downloaded from central: https://repo.maven.apache.org/maven2/software/amazon/awssdk/aws-json-protocol/2.20.93/aws-json-protocol-2.20.93.jar (115 kB at 45 kB/s)
#13 86.03 [INFO] Downloading from central: https://repo.maven.apache.org/maven2/com/oracle/database/jdbc/ucp/19.6.0.0/ucp-19.6.0.0.jar
#13 86.09 [INFO] Downloaded from central: https://repo.maven.apache.org/maven2/software/amazon/awssdk/secretsmanager/2.20.93/secretsmanager-2.20.93.jar (733 kB at 284 kB/s)
#13 86.09 [INFO] Downloading from central: https://repo.maven.apache.org/maven2/com/oracle/database/security/oraclepki/19.6.0.0/oraclepki-19.6.0.0.jar
#13 86.19 [INFO] Downloaded from central: https://repo.maven.apache.org/maven2/com/oracle/database/security/oraclepki/19.6.0.0/oraclepki-19.6.0.0.jar (311 kB at 116 kB/s)
#13 86.19 [INFO] Downloading from central: https://repo.maven.apache.org/maven2/com/oracle/database/security/osdt_cert/19.6.0.0/osdt_cert-19.6.0.0.jar
#13 86.29 [INFO] Downloaded from central: https://repo.maven.apache.org/maven2/com/oracle/database/jdbc/ucp/19.6.0.0/ucp-19.6.0.0.jar (1.7 MB at 604 kB/s)
#13 86.29 [INFO] Downloading from central: https://repo.maven.apache.org/maven2/com/oracle/database/security/osdt_core/19.6.0.0/osdt_core-19.6.0.0.jar
#13 86.35 [INFO] Downloaded from central: https://repo.maven.apache.org/maven2/com/oracle/database/security/osdt_cert/19.6.0.0/osdt_cert-19.6.0.0.jar (210 kB at 74 kB/s)
#13 86.35 [INFO] Downloading from central: https://repo.maven.apache.org/maven2/com/oracle/database/ha/simplefan/19.6.0.0/simplefan-19.6.0.0.jar
#13 86.40 [INFO] Downloaded from central: https://repo.maven.apache.org/maven2/com/oracle/database/ha/simplefan/19.6.0.0/simplefan-19.6.0.0.jar (32 kB at 11 kB/s)
#13 86.40 [INFO] Downloading from central: https://repo.maven.apache.org/maven2/com/oracle/database/ha/ons/19.6.0.0/ons-19.6.0.0.jar
#13 86.43 [INFO] Downloaded from central: https://repo.maven.apache.org/maven2/com/oracle/database/security/osdt_core/19.6.0.0/osdt_core-19.6.0.0.jar (312 kB at 107 kB/s)
#13 86.48 [INFO] Downloaded from central: https://repo.maven.apache.org/maven2/com/oracle/database/ha/ons/19.6.0.0/ons-19.6.0.0.jar (156 kB at 53 kB/s)
#13 86.48 [INFO] Downloaded from central: https://repo.maven.apache.org/maven2/io/grpc/grpc-netty-shaded/1.55.1/grpc-netty-shaded-1.55.1.jar (9.4 MB at 3.2 MB/s)
#13 86.72 [INFO] Downloaded from central: https://repo.maven.apache.org/maven2/io/grpc/grpc-xds/1.55.1/grpc-xds-1.55.1.jar (12 MB at 3.7 MB/s)
#13 87.02 [INFO] Downloaded from central: https://repo.maven.apache.org/maven2/com/oracle/database/jdbc/ojdbc8/19.6.0.0/ojdbc8-19.6.0.0.jar (4.4 MB at 1.3 MB/s)
#13 87.06 [INFO] Downloading from central: https://repo.maven.apache.org/maven2/org/springframework/boot/spring-boot-starter-validation/3.3.4/spring-boot-starter-validation-3.3.4.pom
#13 87.11 [INFO] Downloaded from central: https://repo.maven.apache.org/maven2/org/springframework/boot/spring-boot-starter-validation/3.3.4/spring-boot-starter-validation-3.3.4.pom (2.5 kB at 58 kB/s)
#13 87.11 [INFO] Downloading from central: https://repo.maven.apache.org/maven2/org/hibernate/validator/hibernate-validator/8.0.1.Final/hibernate-validator-8.0.1.Final.pom
#13 87.15 [INFO] Downloaded from central: https://repo.maven.apache.org/maven2/org/hibernate/validator/hibernate-validator/8.0.1.Final/hibernate-validator-8.0.1.Final.pom (15 kB at 338 kB/s)
#13 87.16 [INFO] Downloading from central: https://repo.maven.apache.org/maven2/org/hibernate/validator/hibernate-validator-parent/8.0.1.Final/hibernate-validator-parent-8.0.1.Final.pom
#13 87.21 [INFO] Downloaded from central: https://repo.maven.apache.org/maven2/org/hibernate/validator/hibernate-validator-parent/8.0.1.Final/hibernate-validator-parent-8.0.1.Final.pom (81 kB at 1.7 MB/s)
#13 87.21 [INFO] Downloading from central: https://repo.maven.apache.org/maven2/org/jboss/arquillian/arquillian-bom/1.7.0.Alpha10/arquillian-bom-1.7.0.Alpha10.pom
#13 87.26 [INFO] Downloaded from central: https://repo.maven.apache.org/maven2/org/jboss/arquillian/arquillian-bom/1.7.0.Alpha10/arquillian-bom-1.7.0.Alpha10.pom (10 kB at 208 kB/s)
#13 87.27 [INFO] Downloading from central: https://repo.maven.apache.org/maven2/org/jboss/shrinkwrap/shrinkwrap-bom/1.2.6/shrinkwrap-bom-1.2.6.pom
#13 87.30 [INFO] Downloaded from central: https://repo.maven.apache.org/maven2/org/jboss/shrinkwrap/shrinkwrap-bom/1.2.6/shrinkwrap-bom-1.2.6.pom (4.0 kB at 114 kB/s)
#13 87.31 [INFO] Downloading from central: https://repo.maven.apache.org/maven2/org/jboss/shrinkwrap/resolver/shrinkwrap-resolver-bom/3.1.4/shrinkwrap-resolver-bom-3.1.4.pom
#13 87.35 [INFO] Downloaded from central: https://repo.maven.apache.org/maven2/org/jboss/shrinkwrap/resolver/shrinkwrap-resolver-bom/3.1.4/shrinkwrap-resolver-bom-3.1.4.pom (7.0 kB at 189 kB/s)
#13 87.35 [INFO] Downloading from central: https://repo.maven.apache.org/maven2/org/apache/maven/maven/3.6.3/maven-3.6.3.pom
#13 87.40 [INFO] Downloaded from central: https://repo.maven.apache.org/maven2/org/apache/maven/maven/3.6.3/maven-3.6.3.pom (26 kB at 562 kB/s)
#13 87.40 [INFO] Downloading from central: https://repo.maven.apache.org/maven2/org/jboss/shrinkwrap/descriptors/shrinkwrap-descriptors-bom/2.0.0/shrinkwrap-descriptors-bom-2.0.0.pom
#13 87.46 [INFO] Downloaded from central: https://repo.maven.apache.org/maven2/org/jboss/shrinkwrap/descriptors/shrinkwrap-descriptors-bom/2.0.0/shrinkwrap-descriptors-bom-2.0.0.pom (5.2 kB at 93 kB/s)
#13 87.46 [INFO] Downloading from central: https://repo.maven.apache.org/maven2/org/jboss/logging/jboss-logging/3.4.3.Final/jboss-logging-3.4.3.Final.pom
#13 87.50 [INFO] Downloaded from central: https://repo.maven.apache.org/maven2/org/jboss/logging/jboss-logging/3.4.3.Final/jboss-logging-3.4.3.Final.pom (15 kB at 413 kB/s)
#13 87.51 [INFO] Downloading from central: https://repo.maven.apache.org/maven2/org/springframework/boot/spring-boot-starter-validation/3.3.4/spring-boot-starter-validation-3.3.4.jar
#13 87.55 [INFO] Downloaded from central: https://repo.maven.apache.org/maven2/org/springframework/boot/spring-boot-starter-validation/3.3.4/spring-boot-starter-validation-3.3.4.jar (4.8 kB at 119 kB/s)
#13 87.56 [INFO] Downloading from central: https://repo.maven.apache.org/maven2/org/hibernate/validator/hibernate-validator/8.0.1.Final/hibernate-validator-8.0.1.Final.jar
#13 87.56 [INFO] Downloading from central: https://repo.maven.apache.org/maven2/org/jboss/logging/jboss-logging/3.4.3.Final/jboss-logging-3.4.3.Final.jar
#13 87.61 [INFO] Downloaded from central: https://repo.maven.apache.org/maven2/org/jboss/logging/jboss-logging/3.4.3.Final/jboss-logging-3.4.3.Final.jar (61 kB at 1.2 MB/s)
#13 87.71 [INFO] Downloaded from central: https://repo.maven.apache.org/maven2/org/hibernate/validator/hibernate-validator/8.0.1.Final/hibernate-validator-8.0.1.Final.jar (1.3 MB at 8.4 MB/s)
#13 87.72 [INFO] Downloading from central: https://repo.maven.apache.org/maven2/org/testcontainers/junit-jupiter/1.19.8/junit-jupiter-1.19.8.pom
#13 87.76 [INFO] Downloaded from central: https://repo.maven.apache.org/maven2/org/testcontainers/junit-jupiter/1.19.8/junit-jupiter-1.19.8.pom (1.5 kB at 39 kB/s)
#13 87.76 [INFO] Downloading from central: https://repo.maven.apache.org/maven2/org/testcontainers/junit-jupiter/1.19.8/junit-jupiter-1.19.8.jar
#13 87.80 [INFO] Downloaded from central: https://repo.maven.apache.org/maven2/org/testcontainers/junit-jupiter/1.19.8/junit-jupiter-1.19.8.jar (12 kB at 304 kB/s)
#13 87.81 [INFO] Resolved plugin: jetty-servlet-9.4.46.v20220331.jar
#13 87.81 [INFO] Resolved plugin: maven-compiler-plugin-3.11.0.jar
#13 87.81 [INFO] Resolved plugin: doxia-module-twiki-1.11.1.jar
#13 87.81 [INFO] Resolved plugin: jdependency-2.8.0.jar
#13 87.81 [INFO] Resolved plugin: spring-boot-buildpack-platform-3.3.4.jar
#13 87.81 [INFO] Resolved plugin: velocity-tools-2.0.jar
#13 87.81 [INFO] Resolved plugin: flexmark-ext-gfm-tasklist-0.42.14.jar
#13 87.81 [INFO] Resolved plugin: flexmark-ext-admonition-0.42.14.jar
#13 87.81 [INFO] Resolved plugin: jna-5.13.0.jar
#13 87.81 [INFO] Resolved plugin: maven-core-3.2.5.jar
#13 87.81 [INFO] Resolved plugin: flexmark-ext-footnotes-0.42.14.jar
#13 87.81 [INFO] Resolved plugin: flexmark-ext-gfm-strikethrough-0.42.14.jar
#13 87.81 [INFO] Resolved plugin: flexmark-ext-media-tags-0.42.14.jar
#13 87.81 [INFO] Resolved plugin: doxia-module-xhtml-1.11.1.jar
#13 87.81 [INFO] Resolved plugin: flexmark-util-0.42.14.jar
#13 87.81 [INFO] Resolved plugin: flexmark-ext-anchorlink-0.42.14.jar
#13 87.81 [INFO] Resolved plugin: asm-9.6.jar
#13 87.81 [INFO] Resolved plugin: aether-api-1.0.0.v20140518.jar
#13 87.81 [INFO] Resolved plugin: autolink-0.6.0.jar
#13 87.81 [INFO] Resolved plugin: maven-filtering-3.3.1.jar
#13 87.81 [INFO] Resolved plugin: maven-clean-plugin-3.3.2.jar
#13 87.81 [INFO] Resolved plugin: maven-archiver-3.6.2.jar
#13 87.81 [INFO] Resolved plugin: doxia-skin-model-1.11.1.jar
#13 87.81 [INFO] Resolved plugin: dom4j-1.1.jar
#13 87.81 [INFO] Resolved plugin: commons-io-2.16.1.jar
#13 87.81 [INFO] Resolved plugin: flexmark-youtrack-converter-0.42.14.jar
#13 87.81 [INFO] Resolved plugin: surefire-booter-3.2.5.jar
#13 87.81 [INFO] Resolved plugin: tomlj-1.0.0.jar
#13 87.81 [INFO] Resolved plugin: httpclient-4.5.13.jar
#13 87.81 [INFO] Resolved plugin: flexmark-ext-toc-0.42.14.jar
#13 87.81 [INFO] Resolved plugin: qdox-2.0.3.jar
#13 87.81 [INFO] Resolved plugin: maven-resolver-util-1.9.18.jar
#13 87.81 [INFO] Resolved plugin: plexus-compiler-manager-2.13.0.jar
#13 87.81 [INFO] Resolved plugin: httpclient5-5.3.1.jar
#13 87.81 [INFO] Resolved plugin: jetty-http-9.4.46.v20220331.jar
#13 87.81 [INFO] Resolved plugin: flexmark-jira-converter-0.42.14.jar
#13 87.81 [INFO] Resolved plugin: maven-reporting-api-3.1.1.jar
#13 87.81 [INFO] Resolved plugin: maven-plugin-api-3.2.5.jar
#13 87.81 [INFO] Resolved plugin: sisu-guice-3.2.3-no_aop.jar
#13 87.81 [INFO] Resolved plugin: spring-core-6.1.13.jar
#13 87.81 [INFO] Resolved plugin: flexmark-ext-attributes-0.42.14.jar
#13 87.81 [INFO] Resolved plugin: commons-lang3-3.8.1.jar
#13 87.81 [INFO] Resolved plugin: maven-aether-provider-3.2.5.jar
#13 87.81 [INFO] Resolved plugin: aether-util-1.0.0.v20140518.jar
#13 87.81 [INFO] Resolved plugin: jetty-security-9.4.46.v20220331.jar
#13 87.81 [INFO] Resolved plugin: maven-surefire-plugin-3.2.5.jar
#13 87.81 [INFO] Resolved plugin: plexus-compiler-api-2.13.0.jar
#13 87.81 [INFO] Resolved plugin: org.eclipse.sisu.plexus-0.3.5.jar
#13 87.81 [INFO] Resolved plugin: doxia-core-1.11.1.jar
#13 87.81 [INFO] Resolved plugin: flexmark-ext-ins-0.42.14.jar
#13 87.81 [INFO] Resolved plugin: google-collections-1.0.jar
#13 87.81 [INFO] Resolved plugin: plexus-java-1.1.2.jar
#13 87.81 [INFO] Resolved plugin: flexmark-ext-emoji-0.42.14.jar
#13 87.81 [INFO] Resolved plugin: doxia-integration-tools-1.11.1.jar
#13 87.81 [INFO] Resolved plugin: httpcore5-5.2.4.jar
#13 87.81 [INFO] Resolved plugin: plexus-component-annotations-1.5.5.jar
#13 87.81 [INFO] Resolved plugin: maven-repository-metadata-3.2.5.jar
#13 87.81 [INFO] Resolved plugin: flexmark-ext-jekyll-front-matter-0.42.14.jar
#13 87.81 [INFO] Resolved plugin: doxia-decoration-model-1.11.1.jar
#13 87.81 [INFO] Resolved plugin: flexmark-all-0.42.14.jar
#13 87.81 [INFO] Resolved plugin: plexus-utils-3.5.0.jar
#13 87.81 [INFO] Resolved plugin: maven-shared-incremental-1.1.jar
#13 87.81 [INFO] Resolved plugin: file-management-3.1.0.jar
#13 87.81 [INFO] Resolved plugin: commons-compress-1.26.1.jar
#13 87.81 [INFO] Resolved plugin: jetty-webapp-9.4.46.v20220331.jar
#13 87.81 [INFO] Resolved plugin: plexus-io-3.2.0.jar
#13 87.81 [INFO] Resolved plugin: xbean-reflect-3.7.jar
#13 87.81 [INFO] Resolved plugin: maven-reporting-exec-1.6.0.jar
#13 87.81 [INFO] Resolved plugin: doxia-sink-api-1.11.1.jar
#13 87.81 [INFO] Resolved plugin: jetty-xml-9.4.46.v20220331.jar
#13 87.81 [INFO] Resolved plugin: plexus-velocity-1.2.jar
#13 87.81 [INFO] Resolved plugin: plexus-container-default-2.1.0.jar
#13 87.81 [INFO] Resolved plugin: commons-codec-1.11.jar
#13 87.81 [INFO] Resolved plugin: spring-jcl-6.1.13.jar
#13 87.81 [INFO] Resolved plugin: snappy-0.4.jar
#13 87.81 [INFO] Resolved plugin: jsr305-3.0.2.jar
#13 87.81 [INFO] Resolved plugin: plexus-compiler-javac-2.13.0.jar
#13 87.81 [INFO] Resolved plugin: maven-deploy-plugin-3.1.3.jar
#13 87.81 [INFO] Resolved plugin: plexus-build-api-0.0.7.jar
#13 87.81 [INFO] Resolved plugin: asm-9.5.jar
#13 87.81 [INFO] Resolved plugin: maven-dependency-tree-3.2.1.jar
#13 87.81 [INFO] Resolved plugin: doxia-module-fml-1.11.1.jar
#13 87.81 [INFO] Resolved plugin: commons-digester-1.8.jar
#13 87.81 [INFO] Resolved plugin: jetty-server-9.4.46.v20220331.jar
#13 87.81 [INFO] Resolved plugin: flexmark-ext-abbreviation-0.42.14.jar
#13 87.81 [INFO] Resolved plugin: maven-archiver-3.5.2.jar
#13 87.81 [INFO] Resolved plugin: httpcore5-h2-5.2.4.jar
#13 87.81 [INFO] Resolved plugin: flexmark-ext-definition-0.42.14.jar
#13 87.81 [INFO] Resolved plugin: zstd-jni-1.5.5-11.jar
#13 87.81 [INFO] Resolved plugin: doxia-logging-api-1.11.1.jar
#13 87.81 [INFO] Resolved plugin: plexus-xml-3.0.1.jar
#13 87.81 [INFO] Resolved plugin: maven-install-plugin-3.1.3.jar
#13 87.81 [INFO] Resolved plugin: flexmark-ext-yaml-front-matter-0.42.14.jar
#13 87.81 [INFO] Resolved plugin: maven-shade-plugin-3.5.0.jar
#13 87.81 [INFO] Resolved plugin: maven-site-plugin-3.12.1.jar
#13 87.81 [INFO] Resolved plugin: flexmark-ext-superscript-0.42.14.jar
#13 87.81 [INFO] Resolved plugin: commons-collections-3.2.2.jar
#13 87.81 [INFO] Resolved plugin: doxia-module-markdown-1.11.1.jar
#13 87.81 [INFO] Resolved plugin: surefire-extensions-api-3.2.5.jar
#13 87.81 [INFO] Resolved plugin: flexmark-ext-xwiki-macros-0.42.14.jar
#13 87.81 [INFO] Resolved plugin: commons-compress-1.20.jar
#13 87.81 [INFO] Resolved plugin: asm-9.4.jar
#13 87.81 [INFO] Resolved plugin: velocity-1.7.jar
#13 87.81 [INFO] Resolved plugin: maven-resolver-api-1.9.18.jar
#13 87.81 [INFO] Resolved plugin: maven-resources-plugin-3.3.1.jar
#13 87.81 [INFO] Resolved plugin: plexus-utils-3.5.1.jar
#13 87.81 [INFO] Resolved plugin: aopalliance-1.0.jar
#13 87.81 [INFO] Resolved plugin: aether-spi-1.0.0.v20140518.jar
#13 87.81 [INFO] Resolved plugin: plexus-interpolation-1.26.jar
#13 87.81 [INFO] Resolved plugin: org.eclipse.sisu.plexus-0.9.0.M2.jar
#13 87.81 [INFO] Resolved plugin: maven-settings-builder-3.2.5.jar
#13 87.81 [INFO] Resolved plugin: httpcore-4.4.14.jar
#13 87.81 [INFO] Resolved plugin: commons-lang3-3.12.0.jar
#13 87.81 [INFO] Resolved plugin: maven-artifact-3.2.5.jar
#13 87.81 [INFO] Resolved plugin: commons-io-2.15.1.jar
#13 87.81 [INFO] Resolved plugin: flexmark-ext-enumerated-reference-0.42.14.jar
#13 87.81 [INFO] Resolved plugin: plexus-component-annotations-2.1.1.jar
#13 87.81 [INFO] Resolved plugin: spring-context-6.1.13.jar
#13 87.81 [INFO] Resolved plugin: spring-boot-maven-plugin-3.3.4.jar
#13 87.81 [INFO] Resolved plugin: commons-logging-1.2.jar
#13 87.81 [INFO] Resolved plugin: flexmark-ext-escaped-character-0.42.14.jar
#13 87.81 [INFO] Resolved plugin: jackson-annotations-2.14.2.jar
#13 87.81 [INFO] Resolved plugin: spring-expression-6.1.13.jar
#13 87.81 [INFO] Resolved plugin: plexus-java-1.2.0.jar
#13 87.81 [INFO] Resolved plugin: plexus-cipher-1.4.jar
#13 87.81 [INFO] Resolved plugin: flexmark-0.42.14.jar
#13 87.81 [INFO] Resolved plugin: plexus-utils-3.4.2.jar
#13 87.81 [INFO] Resolved plugin: flexmark-ext-aside-0.42.14.jar
#13 87.81 [INFO] Resolved plugin: flexmark-ext-wikilink-0.42.14.jar
#13 87.81 [INFO] Resolved plugin: org.eclipse.sisu.inject-0.3.5.jar
#13 87.81 [INFO] Resolved plugin: spring-aop-6.1.13.jar
#13 87.81 [INFO] Resolved plugin: plexus-io-3.4.2.jar
#13 87.81 [INFO] Resolved plugin: flexmark-ext-gfm-tables-0.42.14.jar
#13 87.81 [INFO] Resolved plugin: org.eclipse.sisu.inject-0.9.0.M2.jar
#13 87.81 [INFO] Resolved plugin: antlr4-runtime-4.7.2.jar
#13 87.81 [INFO] Resolved plugin: plexus-interpolation-1.27.jar
#13 87.81 [INFO] Resolved plugin: commons-io-2.11.0.jar
#13 87.81 [INFO] Resolved plugin: jetty-io-9.4.46.v20220331.jar
#13 87.81 [INFO] Resolved plugin: cdi-api-1.2.jar
#13 87.81 [INFO] Resolved plugin: commons-chain-1.1.jar
#13 87.81 [INFO] Resolved plugin: commons-codec-1.16.1.jar
#13 87.81 [INFO] Resolved plugin: flexmark-html-parser-0.42.14.jar
#13 87.81 [INFO] Resolved plugin: surefire-shared-utils-3.2.5.jar
#13 87.81 [INFO] Resolved plugin: asm-tree-9.5.jar
#13 87.81 [INFO] Resolved plugin: javax.inject-1.jar
#13 87.81 [INFO] Resolved plugin: maven-shared-utils-3.3.4.jar
#13 87.81 [INFO] Resolved plugin: javax.servlet-api-3.1.0.jar
#13 87.81 [INFO] Resolved plugin: jetty-util-ajax-9.4.46.v20220331.jar
#13 87.81 [INFO] Resolved plugin: commons-io-2.13.0.jar
#13 87.81 [INFO] Resolved plugin: maven-settings-3.2.5.jar
#13 87.81 [INFO] Resolved plugin: jna-platform-5.13.0.jar
#13 87.81 [INFO] Resolved plugin: jackson-core-2.14.2.jar
#13 87.81 [INFO] Resolved plugin: jsoup-1.10.2.jar
#13 87.81 [INFO] Resolved plugin: oro-2.0.8.jar
#13 87.81 [INFO] Resolved plugin: spring-beans-6.1.13.jar
#13 87.81 [INFO] Resolved plugin: surefire-extensions-spi-3.2.5.jar
#13 87.81 [INFO] Resolved plugin: maven-common-artifact-filters-3.3.2.jar
#13 87.81 [INFO] Resolved plugin: xz-1.9.jar
#13 87.81 [INFO] Resolved plugin: aether-impl-1.0.0.v20140518.jar
#13 87.81 [INFO] Resolved plugin: commons-text-1.3.jar
#13 87.81 [INFO] Resolved plugin: plexus-utils-4.0.0.jar
#13 87.81 [INFO] Resolved plugin: micrometer-commons-1.12.10.jar
#13 87.81 [INFO] Resolved plugin: commons-lang-2.4.jar
#13 87.81 [INFO] Resolved plugin: maven-surefire-common-3.2.5.jar
#13 87.81 [INFO] Resolved plugin: slf4j-api-1.7.36.jar
#13 87.81 [INFO] Resolved plugin: doxia-module-apt-1.11.1.jar
#13 87.81 [INFO] Resolved plugin: flexmark-ext-gfm-issues-0.42.14.jar
#13 87.81 [INFO] Resolved plugin: jetty-util-9.4.46.v20220331.jar
#13 87.81 [INFO] Resolved plugin: maven-model-builder-3.2.5.jar
#13 87.81 [INFO] Resolved plugin: jackson-databind-2.14.2.jar
#13 87.81 [INFO] Resolved plugin: plexus-archiver-4.2.7.jar
#13 87.81 [INFO] Resolved plugin: maven-jar-plugin-3.4.2.jar
#13 87.81 [INFO] Resolved plugin: commons-io-2.6.jar
#13 87.81 [INFO] Resolved plugin: flexmark-ext-youtube-embedded-0.42.14.jar
#13 87.81 [INFO] Resolved plugin: flexmark-formatter-0.42.14.jar
#13 87.81 [INFO] Resolved plugin: maven-model-3.2.5.jar
#13 87.81 [INFO] Resolved plugin: jdom2-2.0.6.1.jar
#13 87.81 [INFO] Resolved plugin: plexus-utils-4.0.1.jar
#13 87.81 [INFO] Resolved plugin: flexmark-profile-pegdown-0.42.14.jar
#13 87.81 [INFO] Resolved plugin: doxia-module-docbook-simple-1.11.1.jar
#13 87.81 [INFO] Resolved plugin: commons-compress-1.25.0.jar
#13 87.81 [INFO] Resolved plugin: guava-16.0.1.jar
#13 87.81 [INFO] Resolved plugin: micrometer-observation-1.12.10.jar
#13 87.81 [INFO] Resolved plugin: plexus-interpolation-1.21.jar
#13 87.81 [INFO] Resolved plugin: flexmark-ext-typographic-0.42.14.jar
#13 87.81 [INFO] Resolved plugin: flexmark-ext-autolink-0.42.14.jar
#13 87.81 [INFO] Resolved plugin: flexmark-ext-jekyll-tag-0.42.14.jar
#13 87.81 [INFO] Resolved plugin: flexmark-ext-gitlab-0.42.14.jar
#13 87.81 [INFO] Resolved plugin: doxia-module-xdoc-1.11.1.jar
#13 87.81 [INFO] Resolved plugin: spring-boot-loader-tools-3.3.4.jar
#13 87.81 [INFO] Resolved plugin: doxia-site-renderer-1.11.1.jar
#13 87.81 [INFO] Resolved plugin: surefire-logger-api-3.2.5.jar
#13 87.81 [INFO] Resolved plugin: commons-beanutils-1.7.0.jar
#13 87.81 [INFO] Resolved plugin: commons-lang3-3.14.0.jar
#13 87.81 [INFO] Resolved plugin: plexus-classworlds-2.5.2.jar
#13 87.81 [INFO] Resolved plugin: doxia-module-confluence-1.11.1.jar
#13 87.81 [INFO] Resolved plugin: doxia-module-xhtml5-1.11.1.jar
#13 87.81 [INFO] Resolved plugin: flexmark-ext-tables-0.42.14.jar
#13 87.81 [INFO] Resolved plugin: javax.annotation-api-1.2.jar
#13 87.81 [INFO] Resolved plugin: flexmark-ext-macros-0.42.14.jar
#13 87.81 [INFO] Resolved plugin: plexus-sec-dispatcher-1.3.jar
#13 87.81 [INFO] Resolved plugin: jackson-module-parameter-names-2.14.2.jar
#13 87.81 [INFO] Resolved plugin: commons-collections4-4.4.jar
#13 87.81 [INFO] Resolved plugin: plexus-i18n-1.0-beta-10.jar
#13 87.81 [INFO] Resolved plugin: flexmark-ext-gfm-users-0.42.14.jar
#13 87.81 [INFO] Resolved plugin: maven-common-artifact-filters-3.1.1.jar
#13 87.81 [INFO] Resolved plugin: plexus-archiver-4.9.2.jar
#13 87.81 [INFO] Resolved plugin: asm-commons-9.5.jar
#13 87.81 [INFO] Resolved plugin: surefire-api-3.2.5.jar
#13 87.81 [INFO] Resolved dependency: logback-classic-1.5.6.jar
#13 87.81 [INFO] Resolved dependency: google-http-client-apache-v2-1.43.3.jar
#13 87.81 [INFO] Resolved dependency: docker-java-transport-zerodep-3.3.6.jar
#13 87.81 [INFO] Resolved dependency: spring-boot-starter-tomcat-3.3.4.jar
#13 87.81 [INFO] Resolved dependency: google-http-client-jackson2-1.43.3.jar
#13 87.81 [INFO] Resolved dependency: proto-google-iam-v1-1.16.0.jar
#13 87.81 [INFO] Resolved dependency: spring-security-crypto-6.3.3.jar
#13 87.81 [INFO] Resolved dependency: micrometer-core-1.13.0.jar
#13 87.81 [INFO] Resolved dependency: jackson-databind-2.17.1.jar
#13 87.81 [INFO] Resolved dependency: api-common-2.13.0.jar
#13 87.81 [INFO] Resolved dependency: grpc-services-1.55.1.jar
#13 87.81 [INFO] Resolved dependency: spring-core-6.1.8.jar
#13 87.81 [INFO] Resolved dependency: endpoints-spi-2.21.46.jar
#13 87.81 [INFO] Resolved dependency: spring-test-6.1.12.jar
#13 87.81 [INFO] Resolved dependency: jjwt-api-0.12.6.jar
#13 87.81 [INFO] Resolved dependency: docker-java-transport-3.3.6.jar
#13 87.81 [INFO] Resolved dependency: spring-web-6.1.8.jar
#13 87.81 [INFO] Resolved dependency: checksums-2.21.46.jar
#13 87.81 [INFO] Resolved dependency: proto-google-common-protos-2.21.0.jar
#13 87.81 [INFO] Resolved dependency: jna-5.13.0.jar
#13 87.81 [INFO] Resolved dependency: jakarta.activation-api-2.1.0.jar
#13 87.81 [INFO] Resolved dependency: grpc-protobuf-lite-1.55.1.jar
#13 87.81 [INFO] Resolved dependency: json-smart-2.5.1.jar
#13 87.81 [INFO] Resolved dependency: jackson-databind-2.17.2.jar
#13 87.81 [INFO] Resolved dependency: postgresql-1.19.8.jar
#13 87.81 [INFO] Resolved dependency: commons-codec-1.15.jar
#13 87.81 [INFO] Resolved dependency: mapstruct-1.5.5.Final.jar
#13 87.81 [INFO] Resolved dependency: spring-jdbc-6.1.13.jar
#13 87.81 [INFO] Resolved dependency: grpc-google-cloud-storage-v2-2.22.5-alpha.jar
#13 87.81 [INFO] Resolved dependency: commons-codec-1.9.jar
#13 87.81 [INFO] Resolved dependency: asm-9.6.jar
#13 87.81 [INFO] Resolved dependency: logback-core-1.5.8.jar
#13 87.81 [INFO] Resolved dependency: spring-messaging-6.1.13.jar
#13 87.81 [INFO] Resolved dependency: grpc-googleapis-1.55.1.jar
#13 87.81 [INFO] Resolved dependency: httpclient-4.4.jar
#13 87.81 [INFO] Resolved dependency: spring-boot-actuator-autoconfigure-3.3.4.jar
#13 87.81 [INFO] Resolved dependency: jakarta.transaction-api-2.0.1.jar
#13 87.81 [INFO] Resolved dependency: accessors-smart-2.5.1.jar
#13 87.81 [INFO] Resolved dependency: spring-data-jpa-3.3.4.jar
#13 87.81 [INFO] Resolved dependency: spring-boot-starter-logging-3.3.0.jar
#13 87.81 [INFO] Resolved dependency: angus-activation-2.0.0.jar
#13 87.81 [INFO] Resolved dependency: profiles-2.21.46.jar
#13 87.81 [INFO] Resolved dependency: database-commons-1.19.8.jar
#13 87.81 [INFO] Resolved dependency: grpc-context-1.55.1.jar
#13 87.81 [INFO] Resolved dependency: snakeyaml-2.2.jar
#13 87.81 [INFO] Resolved dependency: spring-security-test-6.3.3.jar
#13 87.81 [INFO] Resolved dependency: logback-core-1.5.6.jar
#13 87.81 [INFO] Resolved dependency: ucp-19.6.0.0.jar
#13 87.81 [INFO] Resolved dependency: jackson-core-2.12.7.jar
#13 87.81 [INFO] Resolved dependency: httpclient-4.5.13.jar
#13 87.82 [INFO] Resolved dependency: annotations-17.0.0.jar
#13 87.82 [INFO] Resolved dependency: assertj-core-3.25.3.jar
#13 87.82 [INFO] Resolved dependency: jackson-core-2.15.2.jar
#13 87.82 [INFO] Resolved dependency: utils-2.21.46.jar
#13 87.82 [INFO] Resolved dependency: docker-java-api-3.3.6.jar
#13 87.82 [INFO] Resolved dependency: jackson-dataformat-yaml-2.17.1.jar
#13 87.82 [INFO] Resolved dependency: spring-boot-testcontainers-3.3.4.jar
#13 87.82 [INFO] Resolved dependency: google-cloud-core-http-2.20.0.jar
#13 87.82 [INFO] Resolved dependency: spring-oxm-6.1.13.jar
#13 87.82 [INFO] Resolved dependency: google-http-client-appengine-1.43.3.jar
#13 87.82 [INFO] Resolved dependency: simplefan-19.6.0.0.jar
#13 87.82 [INFO] Resolved dependency: osdt_cert-19.6.0.0.jar
#13 87.82 [INFO] Resolved dependency: byte-buddy-agent-1.14.12.jar
#13 87.82 [INFO] Resolved dependency: sdk-core-2.21.46.jar
#13 87.82 [INFO] Resolved dependency: spring-core-6.1.13.jar
#13 87.82 [INFO] Resolved dependency: jjwt-jackson-0.12.6.jar
#13 87.82 [INFO] Resolved dependency: grpc-netty-shaded-1.55.1.jar
#13 87.82 [INFO] Resolved dependency: netty-transport-classes-epoll-4.1.100.Final.jar
#13 87.82 [INFO] Resolved dependency: threetenbp-1.6.8.jar
#13 87.82 [INFO] Resolved dependency: spring-webmvc-6.1.8.jar
#13 87.82 [INFO] Resolved dependency: slf4j-api-2.0.11.jar
#13 87.82 [INFO] Resolved dependency: error_prone_annotations-2.18.0.jar
#13 87.82 [INFO] Resolved dependency: jakarta.activation-2.0.1.jar
#13 87.82 [INFO] Resolved dependency: json-20231013.jar
#13 87.82 [INFO] Resolved dependency: netty-codec-http2-4.1.100.Final.jar
#13 87.82 [INFO] Resolved dependency: spring-orm-6.1.13.jar
#13 87.82 [INFO] Resolved dependency: swagger-models-jakarta-2.2.22.jar
#13 87.82 [INFO] Resolved dependency: grpc-api-1.55.1.jar
#13 87.82 [INFO] Resolved dependency: spring-amqp-3.1.7.jar
#13 87.82 [INFO] Resolved dependency: jakarta.xml.bind-api-4.0.0.jar
#13 87.82 [INFO] Resolved dependency: spring-test-6.1.13.jar
#13 87.82 [INFO] Resolved dependency: oraclepki-19.6.0.0.jar
#13 87.82 [INFO] Resolved dependency: spring-boot-actuator-autoconfigure-3.3.0.jar
#13 87.82 [INFO] Resolved dependency: jakarta.xml.bind-api-3.0.1.jar
#13 87.82 [INFO] Resolved dependency: HikariCP-5.1.0.jar
#13 87.82 [INFO] Resolved dependency: hibernate-validator-8.0.1.Final.jar
#13 87.82 [INFO] Resolved dependency: slf4j-api-2.0.2.jar
#13 87.82 [INFO] Resolved dependency: listenablefuture-9999.0-empty-to-avoid-conflict-with-guava.jar
#13 87.82 [INFO] Resolved dependency: spring-context-6.1.8.jar
#13 87.82 [INFO] Resolved dependency: google-auth-library-oauth2-http-1.18.0.jar
#13 87.82 [INFO] Resolved dependency: jackson-core-2.17.2.jar
#13 87.82 [INFO] Resolved dependency: checksums-spi-2.21.46.jar
#13 87.82 [INFO] Resolved dependency: commons-lang3-3.7.jar
#13 87.82 [INFO] Resolved dependency: springdoc-openapi-starter-common-2.6.0.jar
#13 87.82 [INFO] Resolved dependency: hibernate-commons-annotations-6.0.6.Final.jar
#13 87.82 [INFO] Resolved dependency: jackson-datatype-jdk8-2.17.2.jar
#13 87.82 [INFO] Resolved dependency: hibernate-core-6.5.3.Final.jar
#13 87.82 [INFO] Resolved dependency: antlr4-runtime-4.13.0.jar
#13 87.82 [INFO] Resolved dependency: commons-compress-1.24.0.jar
#13 87.82 [INFO] Resolved dependency: spring-boot-actuator-3.3.4.jar
#13 87.82 [INFO] Resolved dependency: spring-jcl-6.1.12.jar
#13 87.82 [INFO] Resolved dependency: junit-platform-engine-1.10.2.jar
#13 87.82 [INFO] Resolved dependency: springdoc-openapi-starter-webmvc-api-2.6.0.jar
#13 87.82 [INFO] Resolved dependency: http-auth-spi-2.21.46.jar
#13 87.82 [INFO] Resolved dependency: spring-boot-autoconfigure-3.3.4.jar
#13 87.82 [INFO] Resolved dependency: netty-transport-4.1.100.Final.jar
#13 87.82 [INFO] Resolved dependency: ojdbc8-19.6.0.0.jar
#13 87.82 [INFO] Resolved dependency: checker-qual-3.42.0.jar
#13 87.82 [INFO] Resolved dependency: okio-1.14.0.jar
#13 87.82 [INFO] Resolved dependency: failureaccess-1.0.1.jar
#13 87.82 [INFO] Resolved dependency: junit-4.13.2.jar
#13 87.82 [INFO] Resolved dependency: spring-boot-starter-logging-3.3.4.jar
#13 87.82 [INFO] Resolved dependency: logging-interceptor-3.10.0.jar
#13 87.82 [INFO] Resolved dependency: byte-buddy-1.14.11.jar
#13 87.82 [INFO] Resolved dependency: google-cloud-storage-2.22.5.jar
#13 87.82 [INFO] Resolved dependency: protobuf-java-3.23.2.jar
#13 87.82 [INFO] Resolved dependency: spring-aop-6.1.12.jar
#13 87.82 [INFO] Resolved dependency: slf4j-api-1.7.30.jar
#13 87.82 [INFO] Resolved dependency: spring-rabbit-3.1.7.jar
#13 87.82 [INFO] Resolved dependency: google-cloud-core-2.20.0.jar
#13 87.82 [INFO] Resolved dependency: commons-codec-1.11.jar
#13 87.82 [INFO] Resolved dependency: spring-jcl-6.1.13.jar
#13 87.82 [INFO] Resolved dependency: jackson-datatype-jsr310-2.17.1.jar
#13 87.82 [INFO] Resolved dependency: google-api-client-2.2.0.jar
#13 87.82 [INFO] Resolved dependency: grpc-xds-1.55.1.jar
#13 87.82 [INFO] Resolved dependency: ons-19.6.0.0.jar
#13 87.82 [INFO] Resolved dependency: grpc-protobuf-1.55.1.jar
#13 87.82 [INFO] Resolved dependency: okhttp-3.10.0.jar
#13 87.82 [INFO] Resolved dependency: jsr305-3.0.2.jar
#13 87.82 [INFO] Resolved dependency: flyway-core-10.10.0.jar
#13 87.82 [INFO] Resolved dependency: grpc-auth-1.55.1.jar
#13 87.82 [INFO] Resolved dependency: junit-platform-commons-1.10.3.jar
#13 87.82 [INFO] Resolved dependency: grpc-stub-1.55.1.jar
#13 87.82 [INFO] Resolved dependency: junit-platform-engine-1.10.3.jar
#13 87.82 [INFO] Resolved dependency: mockito-junit-jupiter-5.11.0.jar
#13 87.82 [INFO] Resolved dependency: jakarta.xml.bind-api-4.0.2.jar
#13 87.82 [INFO] Resolved dependency: jdbc-1.19.8.jar
#13 87.82 [INFO] Resolved dependency: mockito-core-5.11.0.jar
#13 87.82 [INFO] Resolved dependency: regions-2.21.46.jar
#13 87.82 [INFO] Resolved dependency: jackson-dataformat-toml-2.15.2.jar
#13 87.82 [INFO] Resolved dependency: spring-boot-starter-validation-3.3.4.jar
#13 87.82 [INFO] Resolved dependency: jakarta.annotation-api-2.1.1.jar
#13 87.82 [INFO] Resolved dependency: aws-secretsmanager-jdbc-2.0.2.jar
#13 87.82 [INFO] Resolved dependency: secretsmanager-2.20.93.jar
#13 87.82 [INFO] Resolved dependency: spring-boot-starter-json-3.3.4.jar
#13 87.82 [INFO] Resolved dependency: jackson-datatype-jsr310-2.17.2.jar
#13 87.82 [INFO] Resolved dependency: crt-core-2.21.46.jar
#13 87.82 [INFO] Resolved dependency: proto-google-cloud-storage-v2-2.22.5-alpha.jar
#13 87.82 [INFO] Resolved dependency: aws-secretsmanager-caching-java-2.0.0.jar
#13 87.82 [INFO] Resolved dependency: s3-2.21.46.jar
#13 87.82 [INFO] Resolved dependency: micrometer-commons-1.13.0.jar
#13 87.82 [INFO] Resolved dependency: spring-data-keyvalue-3.3.4.jar
#13 87.82 [INFO] Resolved dependency: spotbugs-annotations-4.7.3.jar
#13 87.82 [INFO] Resolved dependency: spring-expression-6.1.12.jar
#13 87.82 [INFO] Resolved dependency: netty-codec-4.1.107.Final.jar
#13 87.82 [INFO] Resolved dependency: spring-boot-starter-amqp-3.3.4.jar
#13 87.82 [INFO] Resolved dependency: jna-platform-4.5.1.jar
#13 87.82 [INFO] Resolved dependency: eventstream-1.0.1.jar
#13 87.82 [INFO] Resolved dependency: gson-2.10.1.jar
#13 87.82 [INFO] Resolved dependency: spring-expression-6.1.8.jar
#13 87.82 [INFO] Resolved dependency: http-auth-2.21.46.jar
#13 87.82 [INFO] Resolved dependency: httpcore-4.4.jar
#13 87.82 [INFO] Resolved dependency: amqp-client-5.19.0.jar
#13 87.82 [INFO] Resolved dependency: netty-transport-4.1.107.Final.jar
#13 87.82 [INFO] Resolved dependency: json-path-2.9.0.jar
#13 87.82 [INFO] Resolved dependency: tomcat-embed-websocket-10.1.30.jar
#13 87.82 [INFO] Resolved dependency: jackson-databind-2.15.2.jar
#13 87.82 [INFO] Resolved dependency: slf4j-api-1.7.25.jar
#13 87.82 [INFO] Resolved dependency: jackson-core-2.17.1.jar
#13 87.82 [INFO] Resolved dependency: http-auth-aws-2.21.46.jar
#13 87.82 [INFO] Resolved dependency: spring-retry-2.0.8.jar
#13 87.82 [INFO] Resolved dependency: spring-boot-3.3.4.jar
#13 87.82 [INFO] Resolved dependency: spring-aop-6.1.8.jar
#13 87.82 [INFO] Resolved dependency: reactive-streams-1.0.4.jar
#13 87.82 [INFO] Resolved dependency: micrometer-observation-1.13.4.jar
#13 87.82 [INFO] Resolved dependency: spring-data-redis-3.3.4.jar
#13 87.82 [INFO] Resolved dependency: springdoc-openapi-starter-webmvc-ui-2.6.0.jar
#13 87.82 [INFO] Resolved dependency: spring-context-6.1.12.jar
#13 87.82 [INFO] Resolved dependency: micrometer-observation-1.12.9.jar
#13 87.82 [INFO] Resolved dependency: jul-to-slf4j-2.0.16.jar
#13 87.82 [INFO] Resolved dependency: netty-common-4.1.107.Final.jar
#13 87.82 [INFO] Resolved dependency: http-client-spi-2.21.46.jar
#13 87.82 [INFO] Resolved dependency: google-api-services-storage-v1-rev20230301-2.0.0.jar
#13 87.82 [INFO] Resolved dependency: opencensus-proto-0.2.0.jar
#13 87.82 [INFO] Resolved dependency: testcontainers-1.19.8.jar
#13 87.82 [INFO] Resolved dependency: jaxb-core-4.0.2.jar
#13 87.82 [INFO] Resolved dependency: protocol-core-2.21.46.jar
#13 87.82 [INFO] Resolved dependency: google-oauth-client-1.34.1.jar
#13 87.82 [INFO] Resolved dependency: google-auth-library-credentials-1.18.0.jar
#13 87.82 [INFO] Resolved dependency: commons-lang3-3.12.0.jar
#13 87.82 [INFO] Resolved dependency: spring-context-support-6.1.13.jar
#13 87.82 [INFO] Resolved dependency: spring-boot-3.3.0.jar
#13 87.82 [INFO] Resolved dependency: aws-query-protocol-2.21.46.jar
#13 87.82 [INFO] Resolved dependency: spring-jcl-6.1.8.jar
#13 87.82 [INFO] Resolved dependency: spring-boot-test-3.3.4.jar
#13 87.82 [INFO] Resolved dependency: javax.annotation-api-1.3.2.jar
#13 87.82 [INFO] Resolved dependency: spring-context-6.1.13.jar
#13 87.82 [INFO] Resolved dependency: log4j-to-slf4j-2.23.1.jar
#13 87.82 [INFO] Resolved dependency: spring-boot-starter-aop-3.3.4.jar
#13 87.82 [INFO] Resolved dependency: micrometer-jakarta9-1.13.0.jar
#13 87.82 [INFO] Resolved dependency: micrometer-commons-1.12.9.jar
#13 87.82 [INFO] Resolved dependency: cloudinary-http44-1.38.0.jar
#13 87.82 [INFO] Resolved dependency: netty-nio-client-2.21.46.jar
#13 87.82 [INFO] Resolved dependency: netty-codec-4.1.100.Final.jar
#13 87.82 [INFO] Resolved dependency: spring-boot-starter-3.3.4.jar
#13 87.82 [INFO] Resolved dependency: opentest4j-1.3.0.jar
#13 87.82 [INFO] Resolved dependency: commons-logging-1.2.jar
#13 87.82 [INFO] Resolved dependency: spring-boot-autoconfigure-3.3.0.jar
#13 87.82 [INFO] Resolved dependency: google-cloud-core-grpc-2.20.0.jar
#13 87.82 [INFO] Resolved dependency: spring-expression-6.1.13.jar
#13 87.82 [INFO] Resolved dependency: xmlunit-core-2.9.1.jar
#13 87.82 [INFO] Resolved dependency: grpc-alts-1.55.1.jar
#13 87.82 [INFO] Resolved dependency: netty-resolver-4.1.100.Final.jar
#13 87.82 [INFO] Resolved dependency: junit-platform-commons-1.10.2.jar
#13 87.82 [INFO] Resolved dependency: opencensus-contrib-http-util-0.31.1.jar
#13 87.82 [INFO] Resolved dependency: httpcore-4.4.13.jar
#13 87.82 [INFO] Resolved dependency: netty-handler-4.1.107.Final.jar
#13 87.82 [INFO] Resolved dependency: jackson-module-parameter-names-2.17.2.jar
#13 87.82 [INFO] Resolved dependency: commons-text-1.10.0.jar
#13 87.82 [INFO] Resolved dependency: jna-4.5.1.jar
#13 87.82 [INFO] Resolved dependency: byte-buddy-1.14.15.jar
#13 87.82 [INFO] Resolved dependency: duct-tape-1.0.8.jar
#13 87.82 [INFO] Resolved dependency: netty-resolver-4.1.107.Final.jar
#13 87.82 [INFO] Resolved dependency: micrometer-commons-1.13.4.jar
#13 87.82 [INFO] Resolved dependency: conscrypt-openjdk-uber-2.5.2.jar
#13 87.82 [INFO] Resolved dependency: spring-aop-6.1.13.jar
#13 87.82 [INFO] Resolved dependency: netty-buffer-4.1.100.Final.jar
#13 87.82 [INFO] Resolved dependency: arns-2.21.46.jar
#13 87.82 [INFO] Resolved dependency: spring-security-web-6.3.3.jar
#13 87.82 [INFO] Resolved dependency: identity-spi-2.21.46.jar
#13 87.82 [INFO] Resolved dependency: spring-beans-6.1.12.jar
#13 87.82 [INFO] Resolved dependency: spring-boot-starter-security-3.3.4.jar
#13 87.82 [INFO] Resolved dependency: grpc-core-1.55.1.jar
#13 87.82 [INFO] Resolved dependency: netty-common-4.1.100.Final.jar
#13 87.82 [INFO] Resolved dependency: rabbitmq-1.19.8.jar
#13 87.82 [INFO] Resolved dependency: txw2-4.0.2.jar
#13 87.82 [INFO] Resolved dependency: HdrHistogram-2.2.2.jar
#13 87.82 [INFO] Resolved dependency: waffle-jna-1.9.1.jar
#13 87.82 [INFO] Resolved dependency: spring-boot-starter-data-jpa-3.3.4.jar
#13 87.82 [INFO] Resolved dependency: hamcrest-2.2.jar
#13 87.82 [INFO] Resolved dependency: grpc-grpclb-1.55.1.jar
#13 87.82 [INFO] Resolved dependency: lombok-1.18.34.jar
#13 87.82 [INFO] Resolved dependency: istack-commons-runtime-4.1.1.jar
#13 87.82 [INFO] Resolved dependency: spring-boot-starter-actuator-3.3.0.jar
#13 87.82 [INFO] Resolved dependency: aws-xml-protocol-2.21.46.jar
#13 87.82 [INFO] Resolved dependency: annotations-4.1.1.4.jar
#13 87.82 [INFO] Resolved dependency: netty-transport-native-unix-common-4.1.107.Final.jar
#13 87.82 [INFO] Resolved dependency: jboss-logging-3.5.0.Final.jar
#13 87.82 [INFO] Resolved dependency: postgresql-42.7.4.jar
#13 87.82 [INFO] Resolved dependency: checker-qual-3.33.0.jar
#13 87.82 [INFO] Resolved dependency: tomcat-embed-core-10.1.30.jar
#13 87.82 [INFO] Resolved dependency: jackson-databind-2.12.7.1.jar
#13 87.82 [INFO] Resolved dependency: tomcat-embed-el-10.1.30.jar
#13 87.82 [INFO] Resolved dependency: auto-value-annotations-1.10.1.jar
#13 87.82 [INFO] Resolved dependency: classmate-1.5.1.jar
#13 87.82 [INFO] Resolved dependency: spring-beans-6.1.13.jar
#13 87.82 [INFO] Resolved dependency: junit-jupiter-engine-5.10.2.jar
#13 87.82 [INFO] Resolved dependency: grpc-rls-1.55.1.jar
#13 87.82 [INFO] Resolved dependency: jackson-annotations-2.10.3.jar
#13 87.82 [INFO] Resolved dependency: apache-client-2.21.46.jar
#13 87.82 [INFO] Resolved dependency: spring-core-6.1.12.jar
#13 87.82 [INFO] Resolved dependency: spring-boot-starter-actuator-3.3.4.jar
#13 87.82 [INFO] Resolved dependency: commons-text-1.3.jar
#13 87.82 [INFO] Resolved dependency: micrometer-jakarta9-1.13.4.jar
#13 87.82 [INFO] Resolved dependency: HdrHistogram-2.2.1.jar
#13 87.82 [INFO] Resolved dependency: jboss-logging-3.4.3.Final.jar
#13 87.82 [INFO] Resolved dependency: spring-boot-starter-data-redis-3.3.4.jar
#13 87.82 [INFO] Resolved dependency: aspectjweaver-1.9.22.1.jar
#13 87.82 [INFO] Resolved dependency: aws-core-2.21.46.jar
#13 87.82 [INFO] Resolved dependency: micrometer-commons-1.12.10.jar
#13 87.82 [INFO] Resolved dependency: objenesis-3.3.jar
#13 87.82 [INFO] Resolved dependency: google-http-client-gson-1.43.3.jar
#13 87.82 [INFO] Resolved dependency: slf4j-api-1.7.36.jar
#13 87.82 [INFO] Resolved dependency: micrometer-observation-1.13.0.jar
#13 87.82 [INFO] Resolved dependency: spring-web-6.1.12.jar
#13 87.82 [INFO] Resolved dependency: swagger-ui-5.17.14.jar
#13 87.82 [INFO] Resolved dependency: junit-jupiter-engine-5.10.3.jar
#13 87.82 [INFO] Resolved dependency: gax-2.30.0.jar
#13 87.83 [INFO] Resolved dependency: jackson-annotations-2.17.2.jar
#13 87.83 [INFO] Resolved dependency: spring-security-config-6.3.3.jar
#13 87.83 [INFO] Resolved dependency: netty-transport-native-unix-common-4.1.100.Final.jar
#13 87.83 [INFO] Resolved dependency: spring-tx-6.1.12.jar
#13 87.83 [INFO] Resolved dependency: jcl-over-slf4j-1.7.25.jar
#13 87.83 [INFO] Resolved dependency: spring-security-core-6.3.3.jar
#13 87.83 [INFO] Resolved dependency: spring-aspects-6.1.13.jar
#13 87.83 [INFO] Resolved dependency: log4j-api-2.23.1.jar
#13 87.83 [INFO] Resolved dependency: caffeine-2.6.2.jar
#13 87.83 [INFO] Resolved dependency: json-utils-2.21.46.jar
#13 87.83 [INFO] Resolved dependency: gax-grpc-2.30.0.jar
#13 87.83 [INFO] Resolved dependency: cloudinary-core-1.38.0.jar
#13 87.83 [INFO] Resolved dependency: hamcrest-core-1.3.jar
#13 87.83 [INFO] Resolved dependency: spring-data-commons-3.3.4.jar
#13 87.83 [INFO] Resolved dependency: swagger-annotations-jakarta-2.2.22.jar
#13 87.83 [INFO] Resolved dependency: jboss-logging-3.1.4.GA.jar
#13 87.83 [INFO] Resolved dependency: jakarta.persistence-api-3.1.0.jar
#13 87.83 [INFO] Resolved dependency: jboss-vfs-3.2.15.Final.jar
#13 87.83 [INFO] Resolved dependency: jakarta.activation-api-2.1.3.jar
#13 87.83 [INFO] Resolved dependency: netty-buffer-4.1.107.Final.jar
#13 87.83 [INFO] Resolved dependency: razorpay-java-1.4.8.jar
#13 87.83 [INFO] Resolved dependency: micrometer-core-1.13.4.jar
#13 87.83 [INFO] Resolved dependency: spring-boot-test-autoconfigure-3.3.4.jar
#13 87.83 [INFO] Resolved dependency: micrometer-observation-1.12.10.jar
#13 87.83 [INFO] Resolved dependency: jsonassert-1.5.3.jar
#13 87.83 [INFO] Resolved dependency: osdt_core-19.6.0.0.jar
#13 87.83 [INFO] Resolved dependency: protobuf-java-util-3.23.2.jar
#13 87.83 [INFO] Resolved dependency: jul-to-slf4j-2.0.13.jar
#13 87.83 [INFO] Resolved dependency: spring-boot-starter-jdbc-3.3.4.jar
#13 87.83 [INFO] Resolved dependency: jackson-annotations-2.17.1.jar
#13 87.83 [INFO] Resolved dependency: auth-2.21.46.jar
#13 87.83 [INFO] Resolved dependency: jakarta.validation-api-3.0.2.jar
#13 87.83 [INFO] Resolved dependency: commons-lang3-3.1.jar
#13 87.83 [INFO] Resolved dependency: slf4j-api-2.0.13.jar
#13 87.83 [INFO] Resolved dependency: netty-codec-http-4.1.100.Final.jar
#13 87.83 [INFO] Resolved dependency: guava-32.0.1-jre.jar
#13 87.83 [INFO] Resolved dependency: junit-jupiter-1.19.8.jar
#13 87.83 [INFO] Resolved dependency: logback-classic-1.5.8.jar
#13 87.83 [INFO] Resolved dependency: google-http-client-1.43.3.jar
#13 87.83 [INFO] Resolved dependency: spring-boot-starter-test-3.3.4.jar
#13 87.83 [INFO] Resolved dependency: junit-jupiter-params-5.10.3.jar
#13 87.83 [INFO] Resolved dependency: netty-handler-4.1.100.Final.jar
#13 87.83 [INFO] Resolved dependency: jackson-annotations-2.15.2.jar
#13 87.83 [INFO] Resolved dependency: httpmime-4.4.jar
#13 87.83 [INFO] Resolved dependency: jaxb-runtime-4.0.2.jar
#13 87.83 [INFO] Resolved dependency: awaitility-4.2.2.jar
#13 87.83 [INFO] Resolved dependency: spring-boot-starter-3.3.0.jar
#13 87.83 [INFO] Resolved dependency: commons-lang3-3.14.0.jar
#13 87.83 [INFO] Resolved dependency: jakarta.inject-api-2.0.1.jar
#13 87.83 [INFO] Resolved dependency: jakarta.annotation-api-2.0.0.jar
#13 87.83 [INFO] Resolved dependency: swagger-core-jakarta-2.2.22.jar
#13 87.83 [INFO] Resolved dependency: junit-jupiter-api-5.10.2.jar
#13 87.83 [INFO] Resolved dependency: spring-beans-6.1.8.jar
#13 87.83 [INFO] Resolved dependency: perfmark-api-0.26.0.jar
#13 87.83 [INFO] Resolved dependency: annotations-2.21.46.jar
#13 87.83 [INFO] Resolved dependency: metrics-spi-2.21.46.jar
#13 87.83 [INFO] Resolved dependency: jackson-annotations-2.12.7.jar
#13 87.83 [INFO] Resolved dependency: spring-boot-starter-web-3.3.4.jar
#13 87.83 [INFO] Resolved dependency: re2j-1.6.jar
#13 87.83 [INFO] Resolved dependency: log4j-api-2.17.1.jar
#13 87.83 [INFO] Resolved dependency: j2objc-annotations-2.8.jar
#13 87.83 [INFO] Resolved dependency: animal-sniffer-annotations-1.23.jar
#13 87.83 [INFO] Resolved dependency: jjwt-impl-0.12.6.jar
#13 87.83 [INFO] Resolved dependency: opencensus-api-0.31.1.jar
#13 87.83 [INFO] Resolved dependency: slf4j-api-2.0.15.jar
#13 87.83 [INFO] Resolved dependency: jandex-3.1.2.jar
#13 87.83 [INFO] Resolved dependency: gax-httpjson-2.30.0.jar
#13 87.83 [INFO] Resolved dependency: gapic-google-cloud-storage-v2-2.22.5-alpha.jar
#13 87.83 [INFO] Resolved dependency: spring-boot-actuator-3.3.0.jar
#13 87.83 [INFO] Resolved dependency: spring-webmvc-6.1.13.jar
#13 87.83 [INFO] Resolved dependency: reactor-core-3.6.4.jar
#13 87.83 [INFO] Resolved dependency: flyway-database-postgresql-10.10.0.jar
#13 87.83 [INFO] Resolved dependency: apiguardian-api-1.1.2.jar
#13 87.83 [INFO] Resolved dependency: lettuce-core-6.3.2.RELEASE.jar
#13 87.83 [INFO] Resolved dependency: LatencyUtils-2.0.3.jar
#13 87.83 [INFO] Resolved dependency: third-party-jackson-core-2.21.46.jar
#13 87.83 [INFO] Resolved dependency: junit-jupiter-5.10.3.jar
#13 87.83 [INFO] Resolved dependency: spring-web-6.1.13.jar
#13 87.83 [INFO] Resolved dependency: android-json-0.0.20131108.vaadin1.jar
#13 87.83 [INFO] Resolved dependency: spring-tx-6.1.13.jar
#13 87.83 [INFO] Resolved dependency: junit-jupiter-api-5.10.3.jar
#13 87.83 [INFO] Resolved dependency: aws-json-protocol-2.20.93.jar
#13 87.83 [INFO] ------------------------------------------------------------------------
#13 87.83 [INFO] BUILD SUCCESS
#13 87.83 [INFO] ------------------------------------------------------------------------
#13 87.84 [INFO] Total time:  01:26 min
#13 87.84 [INFO] Finished at: 2026-09-17T06:28:53Z
#13 87.84 [INFO] ------------------------------------------------------------------------
#13 DONE 88.5s

#14 [builder 5/6] COPY src ./src
#14 DONE 0.3s

#15 [builder 6/6] RUN mvn clean package -DskipTests
#15 2.178 [INFO] Scanning for projects...
#15 2.550 [INFO] 
#15 2.551 [INFO] -----------------< com.kanhacollection:kanha-backend >------------------
#15 2.551 [INFO] Building kanha-backend 1.0.0-SNAPSHOT
#15 2.551 [INFO]   from pom.xml
#15 2.551 [INFO] --------------------------------[ jar ]---------------------------------
#15 3.161 Downloading from central: https://repo.maven.apache.org/maven2/org/jboss/logging/jboss-logging/3.5.3.Final/jboss-logging-3.5.3.Final.pom
#15 3.588 Progress (1): 755 B
Progress (1): 1.9 kB
Progress (1): 4.2 kB
Progress (1): 8.3 kB
Progress (1): 15 kB 
Progress (1): 18 kB
Progress (1): 19 kB
                   
Downloaded from central: https://repo.maven.apache.org/maven2/org/jboss/logging/jboss-logging/3.5.3.Final/jboss-logging-3.5.3.Final.pom (19 kB at 40 kB/s)
#15 3.636 Downloading from central: https://repo.maven.apache.org/maven2/org/jboss/logging/logging-parent/1.0.1.Final/logging-parent-1.0.1.Final.pom
#15 3.678 Progress (1): 1.2 kB
Progress (1): 2.6 kB
Progress (1): 6.0 kB
                    
Downloaded from central: https://repo.maven.apache.org/maven2/org/jboss/logging/logging-parent/1.0.1.Final/logging-parent-1.0.1.Final.pom (6.0 kB at 127 kB/s)
#15 3.703 Downloading from central: https://repo.maven.apache.org/maven2/com/fasterxml/classmate/1.7.0/classmate-1.7.0.pom
#15 3.749 Progress (1): 1.2 kB
Progress (1): 2.4 kB
Progress (1): 4.4 kB
Progress (1): 7.0 kB
                    
Downloaded from central: https://repo.maven.apache.org/maven2/com/fasterxml/classmate/1.7.0/classmate-1.7.0.pom (7.0 kB at 130 kB/s)
#15 3.770 Downloading from central: https://repo.maven.apache.org/maven2/net/bytebuddy/byte-buddy/1.14.19/byte-buddy-1.14.19.pom
#15 3.830 Progress (1): 973 B
Progress (1): 2.8 kB
Progress (1): 5.9 kB
Progress (1): 13 kB 
Progress (1): 16 kB
Progress (1): 16 kB
                   
Downloaded from central: https://repo.maven.apache.org/maven2/net/bytebuddy/byte-buddy/1.14.19/byte-buddy-1.14.19.pom (16 kB at 237 kB/s)
#15 3.850 Downloading from central: https://repo.maven.apache.org/maven2/net/bytebuddy/byte-buddy-parent/1.14.19/byte-buddy-parent-1.14.19.pom
#15 3.897 Progress (1): 829 B
Progress (1): 1.7 kB
Progress (1): 3.1 kB
Progress (1): 5.5 kB
Progress (1): 7.0 kB
Progress (1): 8.9 kB
Progress (1): 12 kB 
Progress (1): 13 kB
Progress (1): 17 kB
Progress (1): 22 kB
Progress (1): 24 kB
Progress (1): 31 kB
Progress (1): 46 kB
Progress (1): 49 kB
Progress (1): 54 kB
Progress (1): 58 kB
Progress (1): 62 kB
                   
Downloaded from central: https://repo.maven.apache.org/maven2/net/bytebuddy/byte-buddy-parent/1.14.19/byte-buddy-parent-1.14.19.pom (62 kB at 741 kB/s)
#15 3.961 Downloading from central: https://repo.maven.apache.org/maven2/org/glassfish/jaxb/jaxb-runtime/4.0.5/jaxb-runtime-4.0.5.pom
#15 4.013 Progress (1): 806 B
Progress (1): 2.4 kB
Progress (1): 6.4 kB
Progress (1): 9.2 kB
Progress (1): 11 kB 
                   
Downloaded from central: https://repo.maven.apache.org/maven2/org/glassfish/jaxb/jaxb-runtime/4.0.5/jaxb-runtime-4.0.5.pom (11 kB at 175 kB/s)
#15 4.030 Downloading from central: https://repo.maven.apache.org/maven2/com/sun/xml/bind/mvn/jaxb-runtime-parent/4.0.5/jaxb-runtime-parent-4.0.5.pom
#15 4.073 Progress (1): 932 B
Progress (1): 1.2 kB
                    
Downloaded from central: https://repo.maven.apache.org/maven2/com/sun/xml/bind/mvn/jaxb-runtime-parent/4.0.5/jaxb-runtime-parent-4.0.5.pom (1.2 kB at 25 kB/s)
#15 4.085 Downloading from central: https://repo.maven.apache.org/maven2/com/sun/xml/bind/mvn/jaxb-parent/4.0.5/jaxb-parent-4.0.5.pom
#15 4.136 Progress (1): 778 B
Progress (1): 2.0 kB
Progress (1): 4.0 kB
Progress (1): 5.7 kB
Progress (1): 8.2 kB
Progress (1): 14 kB 
Progress (1): 18 kB
Progress (1): 22 kB
Progress (1): 28 kB
Progress (1): 33 kB
Progress (1): 35 kB
                   
Downloaded from central: https://repo.maven.apache.org/maven2/com/sun/xml/bind/mvn/jaxb-parent/4.0.5/jaxb-parent-4.0.5.pom (35 kB at 584 kB/s)
#15 4.153 Downloading from central: https://repo.maven.apache.org/maven2/com/sun/xml/bind/jaxb-bom-ext/4.0.5/jaxb-bom-ext-4.0.5.pom
#15 4.206 Progress (1): 863 B
Progress (1): 2.6 kB
Progress (1): 3.5 kB
                    
Downloaded from central: https://repo.maven.apache.org/maven2/com/sun/xml/bind/jaxb-bom-ext/4.0.5/jaxb-bom-ext-4.0.5.pom (3.5 kB at 60 kB/s)
#15 4.226 Downloading from central: https://repo.maven.apache.org/maven2/org/glassfish/jaxb/jaxb-core/4.0.5/jaxb-core-4.0.5.pom
#15 4.268 Progress (1): 898 B
Progress (1): 2.5 kB
Progress (1): 3.7 kB
                    
Downloaded from central: https://repo.maven.apache.org/maven2/org/glassfish/jaxb/jaxb-core/4.0.5/jaxb-core-4.0.5.pom (3.7 kB at 79 kB/s)
#15 4.283 Downloading from central: https://repo.maven.apache.org/maven2/org/eclipse/angus/angus-activation/2.0.2/angus-activation-2.0.2.pom
#15 4.340 Progress (1): 930 B
Progress (1): 2.5 kB
Progress (1): 4.0 kB
                    
Downloaded from central: https://repo.maven.apache.org/maven2/org/eclipse/angus/angus-activation/2.0.2/angus-activation-2.0.2.pom (4.0 kB at 66 kB/s)
#15 4.353 Downloading from central: https://repo.maven.apache.org/maven2/org/eclipse/angus/angus-activation-project/2.0.2/angus-activation-project-2.0.2.pom
#15 4.405 Progress (1): 873 B
Progress (1): 2.1 kB
Progress (1): 4.0 kB
Progress (1): 9.5 kB
Progress (1): 13 kB 
Progress (1): 17 kB
Progress (1): 20 kB
Progress (1): 21 kB
                   
Downloaded from central: https://repo.maven.apache.org/maven2/org/eclipse/angus/angus-activation-project/2.0.2/angus-activation-project-2.0.2.pom (21 kB at 342 kB/s)
#15 4.429 Downloading from central: https://repo.maven.apache.org/maven2/org/glassfish/jaxb/txw2/4.0.5/txw2-4.0.5.pom
#15 4.467 Progress (1): 931 B
Progress (1): 1.8 kB
                    
Downloaded from central: https://repo.maven.apache.org/maven2/org/glassfish/jaxb/txw2/4.0.5/txw2-4.0.5.pom (1.8 kB at 40 kB/s)
#15 4.481 Downloading from central: https://repo.maven.apache.org/maven2/com/sun/xml/bind/mvn/jaxb-txw-parent/4.0.5/jaxb-txw-parent-4.0.5.pom
#15 4.519 Progress (1): 930 B
Progress (1): 1.2 kB
                    
Downloaded from central: https://repo.maven.apache.org/maven2/com/sun/xml/bind/mvn/jaxb-txw-parent/4.0.5/jaxb-txw-parent-4.0.5.pom (1.2 kB at 29 kB/s)
#15 4.535 Downloading from central: https://repo.maven.apache.org/maven2/com/sun/istack/istack-commons-runtime/4.1.2/istack-commons-runtime-4.1.2.pom
#15 4.586 Progress (1): 933 B
Progress (1): 1.6 kB
                    
Downloaded from central: https://repo.maven.apache.org/maven2/com/sun/istack/istack-commons-runtime/4.1.2/istack-commons-runtime-4.1.2.pom (1.6 kB at 30 kB/s)
#15 4.597 Downloading from central: https://repo.maven.apache.org/maven2/com/sun/istack/istack-commons/4.1.2/istack-commons-4.1.2.pom
#15 4.635 Progress (1): 794 B
Progress (1): 2.6 kB
Progress (1): 4.8 kB
Progress (1): 12 kB 
Progress (1): 17 kB
Progress (1): 21 kB
Progress (1): 26 kB
Progress (1): 26 kB
                   
Downloaded from central: https://repo.maven.apache.org/maven2/com/sun/istack/istack-commons/4.1.2/istack-commons-4.1.2.pom (26 kB at 506 kB/s)
#15 4.791 Downloading from central: https://repo.maven.apache.org/maven2/io/netty/netty-common/4.1.113.Final/netty-common-4.1.113.Final.pom
#15 4.843 Progress (1): 1.3 kB
Progress (1): 4.7 kB
Progress (1): 10 kB 
Progress (1): 12 kB
                   
Downloaded from central: https://repo.maven.apache.org/maven2/io/netty/netty-common/4.1.113.Final/netty-common-4.1.113.Final.pom (12 kB at 207 kB/s)
#15 4.854 Downloading from central: https://repo.maven.apache.org/maven2/io/netty/netty-parent/4.1.113.Final/netty-parent-4.1.113.Final.pom
#15 4.900 Progress (1): 736 B
Progress (1): 2.1 kB
Progress (1): 4.2 kB
Progress (1): 7.0 kB
Progress (1): 9.1 kB
Progress (1): 22 kB 
Progress (1): 26 kB
Progress (1): 26 kB
Progress (1): 28 kB
Progress (1): 30 kB
Progress (1): 33 kB
Progress (1): 36 kB
Progress (1): 41 kB
Progress (1): 46 kB
Progress (1): 49 kB
Progress (1): 51 kB
Progress (1): 52 kB
Progress (1): 57 kB
Progress (1): 59 kB
Progress (1): 62 kB
Progress (1): 65 kB
Progress (1): 67 kB
Progress (1): 69 kB
Progress (1): 72 kB
Progress (1): 74 kB
Progress (1): 75 kB
Progress (1): 78 kB
Progress (1): 81 kB
Progress (1): 87 kB
Progress (1): 90 kB
                   
Downloaded from central: https://repo.maven.apache.org/maven2/io/netty/netty-parent/4.1.113.Final/netty-parent-4.1.113.Final.pom (90 kB at 1.3 MB/s)
#15 4.932 Downloading from central: https://repo.maven.apache.org/maven2/io/netty/netty-handler/4.1.113.Final/netty-handler-4.1.113.Final.pom
#15 4.974 Progress (1): 800 B
Progress (1): 3.9 kB
Progress (1): 4.6 kB
                    
Downloaded from central: https://repo.maven.apache.org/maven2/io/netty/netty-handler/4.1.113.Final/netty-handler-4.1.113.Final.pom (4.6 kB at 103 kB/s)
#15 4.986 Downloading from central: https://repo.maven.apache.org/maven2/io/netty/netty-resolver/4.1.113.Final/netty-resolver-4.1.113.Final.pom
#15 5.018 Progress (1): 885 B
Progress (1): 1.6 kB
                    
Downloaded from central: https://repo.maven.apache.org/maven2/io/netty/netty-resolver/4.1.113.Final/netty-resolver-4.1.113.Final.pom (1.6 kB at 44 kB/s)
#15 5.028 Downloading from central: https://repo.maven.apache.org/maven2/io/netty/netty-buffer/4.1.113.Final/netty-buffer-4.1.113.Final.pom
#15 5.069 Progress (1): 885 B
Progress (1): 1.6 kB
                    
Downloaded from central: https://repo.maven.apache.org/maven2/io/netty/netty-buffer/4.1.113.Final/netty-buffer-4.1.113.Final.pom (1.6 kB at 36 kB/s)
#15 5.083 Downloading from central: https://repo.maven.apache.org/maven2/io/netty/netty-transport/4.1.113.Final/netty-transport-4.1.113.Final.pom
#15 5.124 Progress (1): 859 B
Progress (1): 2.2 kB
                    
Downloaded from central: https://repo.maven.apache.org/maven2/io/netty/netty-transport/4.1.113.Final/netty-transport-4.1.113.Final.pom (2.2 kB at 49 kB/s)
#15 5.135 Downloading from central: https://repo.maven.apache.org/maven2/io/netty/netty-transport-native-unix-common/4.1.113.Final/netty-transport-native-unix-common-4.1.113.Final.pom
#15 5.178 Progress (1): 773 B
Progress (1): 2.2 kB
Progress (1): 4.3 kB
Progress (1): 6.8 kB
Progress (1): 15 kB 
Progress (1): 33 kB
                   
Downloaded from central: https://repo.maven.apache.org/maven2/io/netty/netty-transport-native-unix-common/4.1.113.Final/netty-transport-native-unix-common-4.1.113.Final.pom (33 kB at 675 kB/s)
#15 5.193 Downloading from central: https://repo.maven.apache.org/maven2/io/netty/netty-codec/4.1.113.Final/netty-codec-4.1.113.Final.pom
#15 5.235 Progress (1): 807 B
Progress (1): 4.5 kB
Progress (1): 5.5 kB
                    
Downloaded from central: https://repo.maven.apache.org/maven2/io/netty/netty-codec/4.1.113.Final/netty-codec-4.1.113.Final.pom (5.5 kB at 122 kB/s)
#15 5.248 Downloading from central: https://repo.maven.apache.org/maven2/io/projectreactor/reactor-core/3.6.10/reactor-core-3.6.10.pom
#15 5.293 Progress (1): 1.1 kB
Progress (1): 2.1 kB
                    
Downloaded from central: https://repo.maven.apache.org/maven2/io/projectreactor/reactor-core/3.6.10/reactor-core-3.6.10.pom (2.1 kB at 43 kB/s)
#15 5.325 Downloading from central: https://repo.maven.apache.org/maven2/org/springframework/retry/spring-retry/2.0.9/spring-retry-2.0.9.pom
#15 5.364 Progress (1): 822 B
Progress (1): 2.8 kB
Progress (1): 6.6 kB
Progress (1): 8.8 kB
                    
Downloaded from central: https://repo.maven.apache.org/maven2/org/springframework/retry/spring-retry/2.0.9/spring-retry-2.0.9.pom (8.8 kB at 209 kB/s)
#15 5.375 Downloading from central: https://repo.maven.apache.org/maven2/org/apache/logging/log4j/log4j-bom/2.24.0/log4j-bom-2.24.0.pom
#15 5.424 Progress (1): 792 B
Progress (1): 2.3 kB
Progress (1): 5.7 kB
Progress (1): 12 kB 
Progress (1): 12 kB
                   
Downloaded from central: https://repo.maven.apache.org/maven2/org/apache/logging/log4j/log4j-bom/2.24.0/log4j-bom-2.24.0.pom (12 kB at 215 kB/s)
#15 5.440 Downloading from central: https://repo.maven.apache.org/maven2/org/apache/logging/logging-parent/11.2.0/logging-parent-11.2.0.pom
#15 5.480 Progress (1): 730 B
Progress (1): 2.1 kB
Progress (1): 4.7 kB
Progress (1): 6.7 kB
Progress (1): 9.5 kB
Progress (1): 14 kB 
Progress (1): 17 kB
Progress (1): 18 kB
Progress (1): 23 kB
Progress (1): 28 kB
Progress (1): 29 kB
Progress (1): 30 kB
Progress (1): 33 kB
Progress (1): 36 kB
Progress (1): 38 kB
Progress (1): 41 kB
Progress (1): 41 kB
Progress (1): 45 kB
Progress (1): 50 kB
Progress (1): 53 kB
                   
Downloaded from central: https://repo.maven.apache.org/maven2/org/apache/logging/logging-parent/11.2.0/logging-parent-11.2.0.pom (53 kB at 944 kB/s)
#15 5.506 Downloading from central: https://repo.maven.apache.org/maven2/org/junit/junit-bom/5.11.0/junit-bom-5.11.0.pom
#15 5.550 Progress (1): 912 B
Progress (1): 4.1 kB
Progress (1): 5.6 kB
                    
Downloaded from central: https://repo.maven.apache.org/maven2/org/junit/junit-bom/5.11.0/junit-bom-5.11.0.pom (5.6 kB at 115 kB/s)
#15 5.564 Downloading from central: https://repo.maven.apache.org/maven2/com/rabbitmq/amqp-client/5.21.0/amqp-client-5.21.0.pom
#15 5.634 Progress (1): 1.1 kB
Progress (1): 2.9 kB
Progress (1): 4.8 kB
Progress (1): 6.5 kB
Progress (1): 8.3 kB
Progress (1): 10 kB 
Progress (1): 15 kB
Progress (1): 19 kB
Progress (1): 24 kB
Progress (1): 29 kB
Progress (1): 32 kB
Progress (1): 35 kB
Progress (1): 39 kB
Progress (1): 41 kB
Progress (1): 41 kB
                   
Downloaded from central: https://repo.maven.apache.org/maven2/com/rabbitmq/amqp-client/5.21.0/amqp-client-5.21.0.pom (41 kB at 519 kB/s)
#15 5.719 Downloading from central: https://repo.maven.apache.org/maven2/com/fasterxml/jackson/dataformat/jackson-dataformat-toml/2.17.2/jackson-dataformat-toml-2.17.2.pom
#15 5.769 Progress (1): 1.0 kB
Progress (1): 3.2 kB
Progress (1): 3.5 kB
                    
Downloaded from central: https://repo.maven.apache.org/maven2/com/fasterxml/jackson/dataformat/jackson-dataformat-toml/2.17.2/jackson-dataformat-toml-2.17.2.pom (3.5 kB at 64 kB/s)
#15 5.781 Downloading from central: https://repo.maven.apache.org/maven2/com/fasterxml/jackson/dataformat/jackson-dataformats-text/2.17.2/jackson-dataformats-text-2.17.2.pom
#15 5.829 Progress (1): 1.2 kB
Progress (1): 3.0 kB
Progress (1): 3.5 kB
                    
Downloaded from central: https://repo.maven.apache.org/maven2/com/fasterxml/jackson/dataformat/jackson-dataformats-text/2.17.2/jackson-dataformats-text-2.17.2.pom (3.5 kB at 66 kB/s)
#15 5.979 Downloading from central: https://repo.maven.apache.org/maven2/com/fasterxml/jackson/dataformat/jackson-dataformat-yaml/2.17.2/jackson-dataformat-yaml-2.17.2.pom
#15 6.015 Progress (1): 973 B
Progress (1): 2.5 kB
Progress (1): 2.6 kB
                    
Downloaded from central: https://repo.maven.apache.org/maven2/com/fasterxml/jackson/dataformat/jackson-dataformat-yaml/2.17.2/jackson-dataformat-yaml-2.17.2.pom (2.6 kB at 67 kB/s)
#15 6.034 Downloading from central: https://repo.maven.apache.org/maven2/com/squareup/okhttp3/okhttp/4.12.0/okhttp-4.12.0.pom
#15 6.078 Progress (1): 947 B
Progress (1): 1.8 kB
                    
Downloaded from central: https://repo.maven.apache.org/maven2/com/squareup/okhttp3/okhttp/4.12.0/okhttp-4.12.0.pom (1.8 kB at 39 kB/s)
#15 6.089 Downloading from central: https://repo.maven.apache.org/maven2/com/squareup/okio/okio/3.6.0/okio-3.6.0.pom
#15 6.138 Progress (1): 949 B
Progress (1): 1.7 kB
                    
Downloaded from central: https://repo.maven.apache.org/maven2/com/squareup/okio/okio/3.6.0/okio-3.6.0.pom (1.7 kB at 32 kB/s)
#15 6.149 Downloading from central: https://repo.maven.apache.org/maven2/com/squareup/okio/okio-jvm/3.6.0/okio-jvm-3.6.0.pom
#15 6.193 Progress (1): 941 B
Progress (1): 1.9 kB
                    
Downloaded from central: https://repo.maven.apache.org/maven2/com/squareup/okio/okio-jvm/3.6.0/okio-jvm-3.6.0.pom (1.9 kB at 40 kB/s)
#15 6.207 Downloading from central: https://repo.maven.apache.org/maven2/org/jetbrains/kotlin/kotlin-stdlib-jdk8/1.9.25/kotlin-stdlib-jdk8-1.9.25.pom
#15 6.246 Progress (1): 1.3 kB
Progress (1): 1.6 kB
                    
Downloaded from central: https://repo.maven.apache.org/maven2/org/jetbrains/kotlin/kotlin-stdlib-jdk8/1.9.25/kotlin-stdlib-jdk8-1.9.25.pom (1.6 kB at 34 kB/s)
#15 6.262 Downloading from central: https://repo.maven.apache.org/maven2/org/jetbrains/kotlin/kotlin-stdlib/1.9.25/kotlin-stdlib-1.9.25.pom
#15 6.312 Progress (1): 966 B
Progress (1): 2.8 kB
                    
Downloaded from central: https://repo.maven.apache.org/maven2/org/jetbrains/kotlin/kotlin-stdlib/1.9.25/kotlin-stdlib-1.9.25.pom (2.8 kB at 50 kB/s)
#15 6.329 Downloading from central: https://repo.maven.apache.org/maven2/org/jetbrains/annotations/13.0/annotations-13.0.pom
#15 6.368 Progress (1): 1.0 kB
Progress (1): 4.5 kB
Progress (1): 4.9 kB
                    
Downloaded from central: https://repo.maven.apache.org/maven2/org/jetbrains/annotations/13.0/annotations-13.0.pom (4.9 kB at 117 kB/s)
#15 6.379 Downloading from central: https://repo.maven.apache.org/maven2/org/jetbrains/kotlin/kotlin-stdlib-jdk7/1.9.25/kotlin-stdlib-jdk7-1.9.25.pom
#15 6.420 Progress (1): 1.3 kB
Progress (1): 1.4 kB
                    
Downloaded from central: https://repo.maven.apache.org/maven2/org/jetbrains/kotlin/kotlin-stdlib-jdk7/1.9.25/kotlin-stdlib-jdk7-1.9.25.pom (1.4 kB at 32 kB/s)
#15 6.430 Downloading from central: https://repo.maven.apache.org/maven2/org/jetbrains/kotlin/kotlin-stdlib-common/1.9.25/kotlin-stdlib-common-1.9.25.pom
#15 6.470 Progress (1): 975 B
Progress (1): 1.8 kB
                    
Downloaded from central: https://repo.maven.apache.org/maven2/org/jetbrains/kotlin/kotlin-stdlib-common/1.9.25/kotlin-stdlib-common-1.9.25.pom (1.8 kB at 34 kB/s)
#15 6.497 Downloading from central: https://repo.maven.apache.org/maven2/com/squareup/okhttp3/logging-interceptor/4.12.0/logging-interceptor-4.12.0.pom
#15 6.552 Progress (1): 939 B
Progress (1): 1.9 kB
                    
Downloaded from central: https://repo.maven.apache.org/maven2/com/squareup/okhttp3/logging-interceptor/4.12.0/logging-interceptor-4.12.0.pom (1.9 kB at 30 kB/s)
#15 6.649 Downloading from central: https://repo.maven.apache.org/maven2/org/apache/httpcomponents/httpcore/4.4.16/httpcore-4.4.16.pom
#15 6.696 Progress (1): 869 B
Progress (1): 2.5 kB
Progress (1): 4.7 kB
Progress (1): 5.0 kB
                    
Downloaded from central: https://repo.maven.apache.org/maven2/org/apache/httpcomponents/httpcore/4.4.16/httpcore-4.4.16.pom (5.0 kB at 92 kB/s)
#15 6.734 Downloading from central: https://repo.maven.apache.org/maven2/org/apache/httpcomponents/httpcomponents-core/4.4.16/httpcomponents-core-4.4.16.pom
#15 6.777 Progress (1): 850 B
Progress (1): 2.3 kB
Progress (1): 4.3 kB
Progress (1): 7.2 kB
Progress (1): 9.8 kB
Progress (1): 12 kB 
                   
Downloaded from central: https://repo.maven.apache.org/maven2/org/apache/httpcomponents/httpcomponents-core/4.4.16/httpcomponents-core-4.4.16.pom (12 kB at 254 kB/s)
#15 6.832 Downloading from central: https://repo.maven.apache.org/maven2/net/bytebuddy/byte-buddy-agent/1.14.19/byte-buddy-agent-1.14.19.pom
#15 6.880 Progress (1): 1.2 kB
Progress (1): 3.6 kB
Progress (1): 6.2 kB
Progress (1): 10 kB 
                   
Downloaded from central: https://repo.maven.apache.org/maven2/net/bytebuddy/byte-buddy-agent/1.14.19/byte-buddy-agent-1.14.19.pom (10 kB at 205 kB/s)
#15 6.912 Downloading from central: https://repo.maven.apache.org/maven2/org/hamcrest/hamcrest-core/2.2/hamcrest-core-2.2.pom
#15 6.961 Progress (1): 1.3 kB
Progress (1): 1.4 kB
                    
Downloaded from central: https://repo.maven.apache.org/maven2/org/hamcrest/hamcrest-core/2.2/hamcrest-core-2.2.pom (1.4 kB at 27 kB/s)
#15 7.069 Downloading from central: https://repo.maven.apache.org/maven2/org/jboss/logging/jboss-logging/3.5.3.Final/jboss-logging-3.5.3.Final.jar
#15 7.117 Progress (1): 7.7/59 kB
Progress (1): 7.7/59 kB
Progress (1): 24/59 kB 
Progress (1): 40/59 kB
Progress (1): 57/59 kB
Progress (1): 59 kB   
                   
Downloaded from central: https://repo.maven.apache.org/maven2/org/jboss/logging/jboss-logging/3.5.3.Final/jboss-logging-3.5.3.Final.jar (59 kB at 871 kB/s)
#15 7.144 Downloading from central: https://repo.maven.apache.org/maven2/com/fasterxml/classmate/1.7.0/classmate-1.7.0.jar
#15 7.147 Downloading from central: https://repo.maven.apache.org/maven2/net/bytebuddy/byte-buddy/1.14.19/byte-buddy-1.14.19.jar
#15 7.153 Downloading from central: https://repo.maven.apache.org/maven2/org/glassfish/jaxb/jaxb-runtime/4.0.5/jaxb-runtime-4.0.5.jar
#15 7.154 Downloading from central: https://repo.maven.apache.org/maven2/org/glassfish/jaxb/jaxb-core/4.0.5/jaxb-core-4.0.5.jar
#15 7.162 Downloading from central: https://repo.maven.apache.org/maven2/org/eclipse/angus/angus-activation/2.0.2/angus-activation-2.0.2.jar
#15 7.200 Progress (1): 7.3/69 kB
Progress (1): 15/69 kB 
Progress (1): 32/69 kB
Progress (1): 48/69 kB
Progress (1): 65/69 kB
Progress (1): 69 kB   
                   
Downloaded from central: https://repo.maven.apache.org/maven2/com/fasterxml/classmate/1.7.0/classmate-1.7.0.jar (69 kB at 774 kB/s)
#15 7.226 Downloading from central: https://repo.maven.apache.org/maven2/org/glassfish/jaxb/txw2/4.0.5/txw2-4.0.5.jar
#15 7.282 Progress (1): 3.2/73 kB
Progress (1): 11/73 kB 
Progress (1): 28/73 kB
Progress (2): 28/73 kB | 0.9/920 kB
Progress (2): 44/73 kB | 0.9/920 kB
Progress (2): 44/73 kB | 2.3/920 kB
Progress (2): 61/73 kB | 2.3/920 kB
Progress (2): 73 kB | 2.3/920 kB   
Progress (2): 73 kB | 3.6/920 kB
                                
Downloaded from central: https://repo.maven.apache.org/maven2/org/glassfish/jaxb/txw2/4.0.5/txw2-4.0.5.jar (73 kB at 535 kB/s)
#15 7.293 Downloading from central: https://repo.maven.apache.org/maven2/com/sun/istack/istack-commons-runtime/4.1.2/istack-commons-runtime-4.1.2.jar
#15 7.300 Progress (1): 5.0/920 kB
Progress (1): 6.4/920 kB
Progress (1): 7.7/920 kB
Progress (1): 9.1/920 kB
Progress (1): 10/920 kB 
Progress (2): 10/920 kB | 0/4.2 MB
Progress (2): 12/920 kB | 0/4.2 MB
Progress (2): 12/920 kB | 0/4.2 MB
Progress (2): 13/920 kB | 0/4.2 MB
Progress (2): 15/920 kB | 0/4.2 MB
Progress (2): 16/920 kB | 0/4.2 MB
Progress (2): 17/920 kB | 0/4.2 MB
Progress (2): 19/920 kB | 0/4.2 MB
Progress (2): 19/920 kB | 0/4.2 MB
Progress (2): 20/920 kB | 0/4.2 MB
Progress (2): 20/920 kB | 0/4.2 MB
Progress (2): 21/920 kB | 0/4.2 MB
Progress (2): 21/920 kB | 0/4.2 MB
Progress (2): 23/920 kB | 0/4.2 MB
Progress (2): 23/920 kB | 0/4.2 MB
Progress (2): 24/920 kB | 0/4.2 MB
Progress (2): 24/920 kB | 0/4.2 MB
Progress (2): 25/920 kB | 0/4.2 MB
Progress (2): 25/920 kB | 0/4.2 MB
Progress (2): 27/920 kB | 0/4.2 MB
Progress (2): 27/920 kB | 0/4.2 MB
Progress (2): 28/920 kB | 0/4.2 MB
Progress (2): 28/920 kB | 0/4.2 MB
Progress (2): 30/920 kB | 0/4.2 MB
Progress (2): 30/920 kB | 0/4.2 MB
Progress (2): 31/920 kB | 0/4.2 MB
Progress (2): 31/920 kB | 0/4.2 MB
Progress (2): 31/920 kB | 0/4.2 MB
Progress (3): 31/920 kB | 0/4.2 MB | 0.9/27 kB
Progress (3): 31/920 kB | 0/4.2 MB | 0.9/27 kB
Progress (3): 32/920 kB | 0/4.2 MB | 0.9/27 kB
Progress (3): 32/920 kB | 0/4.2 MB | 0.9/27 kB
Progress (3): 32/920 kB | 0/4.2 MB | 0.9/27 kB
Progress (3): 34/920 kB | 0/4.2 MB | 0.9/27 kB
Progress (3): 34/920 kB | 0/4.2 MB | 2.3/27 kB
Progress (3): 34/920 kB | 0/4.2 MB | 2.3/27 kB
Progress (3): 34/920 kB | 0/4.2 MB | 3.6/27 kB
Progress (3): 34/920 kB | 0/4.2 MB | 3.6/27 kB
Progress (3): 34/920 kB | 0/4.2 MB | 3.6/27 kB
Progress (3): 35/920 kB | 0/4.2 MB | 3.6/27 kB
Progress (3): 35/920 kB | 0/4.2 MB | 3.6/27 kB
Progress (3): 35/920 kB | 0/4.2 MB | 5.0/27 kB
Progress (3): 35/920 kB | 0/4.2 MB | 5.0/27 kB
Progress (3): 36/920 kB | 0/4.2 MB | 5.0/27 kB
Progress (3): 36/920 kB | 0/4.2 MB | 5.0/27 kB
Progress (3): 36/920 kB | 0/4.2 MB | 5.0/27 kB
Progress (3): 36/920 kB | 0/4.2 MB | 6.4/27 kB
Progress (3): 36/920 kB | 0/4.2 MB | 6.4/27 kB
Progress (3): 36/920 kB | 0/4.2 MB | 7.7/27 kB
Progress (3): 36/920 kB | 0/4.2 MB | 9.1/27 kB
Progress (3): 36/920 kB | 0/4.2 MB | 10/27 kB 
Progress (3): 36/920 kB | 0/4.2 MB | 12/27 kB
Progress (3): 36/920 kB | 0/4.2 MB | 13/27 kB
Progress (3): 36/920 kB | 0/4.2 MB | 15/27 kB
Progress (3): 36/920 kB | 0/4.2 MB | 16/27 kB
Progress (3): 36/920 kB | 0/4.2 MB | 17/27 kB
Progress (3): 36/920 kB | 0/4.2 MB | 19/27 kB
Progress (3): 38/920 kB | 0/4.2 MB | 19/27 kB
Progress (3): 38/920 kB | 0/4.2 MB | 19/27 kB
Progress (3): 38/920 kB | 0/4.2 MB | 20/27 kB
Progress (3): 39/920 kB | 0/4.2 MB | 20/27 kB
Progress (3): 39/920 kB | 0/4.2 MB | 21/27 kB
Progress (3): 39/920 kB | 0/4.2 MB | 21/27 kB
Progress (3): 39/920 kB | 0/4.2 MB | 23/27 kB
Progress (3): 41/920 kB | 0/4.2 MB | 23/27 kB
Progress (3): 41/920 kB | 0/4.2 MB | 23/27 kB
Progress (3): 42/920 kB | 0/4.2 MB | 23/27 kB
Progress (3): 42/920 kB | 0/4.2 MB | 24/27 kB
Progress (3): 43/920 kB | 0/4.2 MB | 24/27 kB
Progress (3): 43/920 kB | 0/4.2 MB | 25/27 kB
Progress (3): 43/920 kB | 0/4.2 MB | 25/27 kB
Progress (3): 43/920 kB | 0/4.2 MB | 27/27 kB
Progress (3): 45/920 kB | 0/4.2 MB | 27/27 kB
Progress (3): 45/920 kB | 0/4.2 MB | 27 kB   
Progress (3): 45/920 kB | 0/4.2 MB | 27 kB
Progress (3): 46/920 kB | 0/4.2 MB | 27 kB
Progress (3): 47/920 kB | 0/4.2 MB | 27 kB
Progress (3): 47/920 kB | 0/4.2 MB | 27 kB
Progress (3): 49/920 kB | 0/4.2 MB | 27 kB
Progress (3): 49/920 kB | 0/4.2 MB | 27 kB
                                          
Downloaded from central: https://repo.maven.apache.org/maven2/org/eclipse/angus/angus-activation/2.0.2/angus-activation-2.0.2.jar (27 kB at 139 kB/s)
#15 7.350 Progress (2): 49/920 kB | 0/4.2 MB
Progress (2): 50/920 kB | 0/4.2 MB
                                  
Downloading from central: https://repo.maven.apache.org/maven2/org/slf4j/slf4j-api/2.0.16/slf4j-api-2.0.16.jar
#15 7.352 Progress (2): 51/920 kB | 0/4.2 MB
Progress (2): 53/920 kB | 0/4.2 MB
Progress (2): 53/920 kB | 0/4.2 MB
Progress (2): 54/920 kB | 0/4.2 MB
Progress (2): 54/920 kB | 0/4.2 MB
Progress (2): 56/920 kB | 0/4.2 MB
Progress (2): 56/920 kB | 0/4.2 MB
Progress (2): 57/920 kB | 0/4.2 MB
Progress (2): 57/920 kB | 0/4.2 MB
Progress (2): 61/920 kB | 0/4.2 MB
Progress (2): 61/920 kB | 0.1/4.2 MB
Progress (2): 65/920 kB | 0.1/4.2 MB
Progress (2): 65/920 kB | 0.1/4.2 MB
Progress (2): 70/920 kB | 0.1/4.2 MB
Progress (2): 70/920 kB | 0.1/4.2 MB
Progress (2): 74/920 kB | 0.1/4.2 MB
Progress (2): 74/920 kB | 0.1/4.2 MB
Progress (2): 78/920 kB | 0.1/4.2 MB
Progress (3): 78/920 kB | 0.1/4.2 MB | 3.2/26 kB
Progress (3): 82/920 kB | 0.1/4.2 MB | 3.2/26 kB
Progress (3): 82/920 kB | 0.1/4.2 MB | 3.2/26 kB
Progress (3): 82/920 kB | 0.1/4.2 MB | 11/26 kB 
Progress (3): 82/920 kB | 0.1/4.2 MB | 11/26 kB
Progress (3): 82/920 kB | 0.1/4.2 MB | 11/26 kB
Progress (3): 86/920 kB | 0.1/4.2 MB | 11/26 kB
Progress (3): 86/920 kB | 0.1/4.2 MB | 11/26 kB
Progress (3): 91/920 kB | 0.1/4.2 MB | 11/26 kB
Progress (3): 91/920 kB | 0.1/4.2 MB | 11/26 kB
Progress (3): 91/920 kB | 0.1/4.2 MB | 26 kB   
Progress (4): 91/920 kB | 0.1/4.2 MB | 26 kB | 0.9/139 kB
Progress (4): 91/920 kB | 0.1/4.2 MB | 26 kB | 0.9/139 kB
                                                         
Downloaded from central: https://repo.maven.apache.org/maven2/com/sun/istack/istack-commons-runtime/4.1.2/istack-commons-runtime-4.1.2.jar (26 kB at 122 kB/s)
#15 7.369 Progress (3): 93/920 kB | 0.1/4.2 MB | 0.9/139 kB
Progress (3): 93/920 kB | 0.1/4.2 MB | 0.9/139 kB
                                                 
Downloading from central: https://repo.maven.apache.org/maven2/io/netty/netty-common/4.1.113.Final/netty-common-4.1.113.Final.jar
#15 7.371 Progress (3): 93/920 kB | 0.1/4.2 MB | 2.3/139 kB
Progress (3): 98/920 kB | 0.1/4.2 MB | 2.3/139 kB
Progress (3): 98/920 kB | 0.1/4.2 MB | 3.6/139 kB
Progress (3): 98/920 kB | 0.1/4.2 MB | 5.0/139 kB
Progress (3): 98/920 kB | 0.1/4.2 MB | 5.0/139 kB
Progress (3): 98/920 kB | 0.1/4.2 MB | 6.4/139 kB
Progress (3): 102/920 kB | 0.1/4.2 MB | 6.4/139 kB
Progress (3): 102/920 kB | 0.1/4.2 MB | 6.4/139 kB
Progress (3): 106/920 kB | 0.1/4.2 MB | 6.4/139 kB
Progress (3): 106/920 kB | 0.1/4.2 MB | 7.7/139 kB
Progress (3): 106/920 kB | 0.1/4.2 MB | 9.1/139 kB
Progress (3): 110/920 kB | 0.1/4.2 MB | 9.1/139 kB
Progress (3): 110/920 kB | 0.1/4.2 MB | 10/139 kB 
Progress (3): 110/920 kB | 0.1/4.2 MB | 12/139 kB
Progress (3): 110/920 kB | 0.1/4.2 MB | 12/139 kB
Progress (3): 110/920 kB | 0.1/4.2 MB | 13/139 kB
Progress (3): 110/920 kB | 0.1/4.2 MB | 13/139 kB
Progress (3): 115/920 kB | 0.1/4.2 MB | 13/139 kB
Progress (3): 115/920 kB | 0.1/4.2 MB | 15/139 kB
Progress (3): 115/920 kB | 0.1/4.2 MB | 15/139 kB
Progress (3): 115/920 kB | 0.1/4.2 MB | 16/139 kB
Progress (3): 115/920 kB | 0.1/4.2 MB | 17/139 kB
Progress (3): 119/920 kB | 0.1/4.2 MB | 17/139 kB
Progress (3): 119/920 kB | 0.1/4.2 MB | 19/139 kB
Progress (3): 119/920 kB | 0.1/4.2 MB | 20/139 kB
Progress (3): 119/920 kB | 0.1/4.2 MB | 21/139 kB
Progress (3): 119/920 kB | 0.1/4.2 MB | 21/139 kB
Progress (3): 119/920 kB | 0.1/4.2 MB | 23/139 kB
Progress (3): 122/920 kB | 0.1/4.2 MB | 23/139 kB
Progress (3): 122/920 kB | 0.1/4.2 MB | 23/139 kB
Progress (3): 122/920 kB | 0.1/4.2 MB | 24/139 kB
Progress (3): 127/920 kB | 0.1/4.2 MB | 24/139 kB
Progress (3): 127/920 kB | 0.1/4.2 MB | 24/139 kB
Progress (3): 131/920 kB | 0.1/4.2 MB | 24/139 kB
Progress (3): 131/920 kB | 0.1/4.2 MB | 26/139 kB
Progress (3): 131/920 kB | 0.1/4.2 MB | 26/139 kB
Progress (3): 135/920 kB | 0.1/4.2 MB | 26/139 kB
Progress (3): 135/920 kB | 0.1/4.2 MB | 27/139 kB
Progress (3): 135/920 kB | 0.1/4.2 MB | 28/139 kB
Progress (3): 139/920 kB | 0.1/4.2 MB | 28/139 kB
Progress (3): 139/920 kB | 0.1/4.2 MB | 28/139 kB
Progress (3): 139/920 kB | 0.1/4.2 MB | 29/139 kB
Progress (3): 144/920 kB | 0.1/4.2 MB | 29/139 kB
Progress (3): 144/920 kB | 0.1/4.2 MB | 30/139 kB
Progress (3): 144/920 kB | 0.1/4.2 MB | 30/139 kB
Progress (3): 148/920 kB | 0.1/4.2 MB | 30/139 kB
Progress (3): 148/920 kB | 0.1/4.2 MB | 30/139 kB
Progress (3): 148/920 kB | 0.1/4.2 MB | 32/139 kB
Progress (3): 152/920 kB | 0.1/4.2 MB | 32/139 kB
Progress (3): 152/920 kB | 0.1/4.2 MB | 33/139 kB
Progress (3): 152/920 kB | 0.1/4.2 MB | 35/139 kB
Progress (3): 152/920 kB | 0.1/4.2 MB | 36/139 kB
Progress (3): 152/920 kB | 0.1/4.2 MB | 37/139 kB
Progress (3): 152/920 kB | 0.1/4.2 MB | 39/139 kB
Progress (3): 152/920 kB | 0.1/4.2 MB | 39/139 kB
Progress (3): 156/920 kB | 0.1/4.2 MB | 39/139 kB
Progress (3): 159/920 kB | 0.1/4.2 MB | 39/139 kB
Progress (3): 159/920 kB | 0.1/4.2 MB | 39/139 kB
Progress (3): 159/920 kB | 0.1/4.2 MB | 40/139 kB
Progress (3): 163/920 kB | 0.1/4.2 MB | 40/139 kB
Progress (3): 163/920 kB | 0.1/4.2 MB | 41/139 kB
Progress (3): 163/920 kB | 0.1/4.2 MB | 41/139 kB
Progress (3): 163/920 kB | 0.1/4.2 MB | 43/139 kB
Progress (3): 167/920 kB | 0.1/4.2 MB | 43/139 kB
Progress (3): 167/920 kB | 0.1/4.2 MB | 44/139 kB
Progress (3): 167/920 kB | 0.1/4.2 MB | 46/139 kB
Progress (3): 167/920 kB | 0.1/4.2 MB | 46/139 kB
Progress (3): 167/920 kB | 0.1/4.2 MB | 47/139 kB
Progress (3): 172/920 kB | 0.1/4.2 MB | 47/139 kB
Progress (3): 172/920 kB | 0.2/4.2 MB | 47/139 kB
Progress (3): 172/920 kB | 0.2/4.2 MB | 48/139 kB
Progress (3): 172/920 kB | 0.2/4.2 MB | 48/139 kB
Progress (3): 172/920 kB | 0.2/4.2 MB | 50/139 kB
Progress (3): 172/920 kB | 0.2/4.2 MB | 51/139 kB
Progress (3): 176/920 kB | 0.2/4.2 MB | 51/139 kB
Progress (3): 176/920 kB | 0.2/4.2 MB | 51/139 kB
Progress (3): 180/920 kB | 0.2/4.2 MB | 51/139 kB
Progress (3): 184/920 kB | 0.2/4.2 MB | 51/139 kB
Progress (3): 184/920 kB | 0.2/4.2 MB | 52/139 kB
Progress (3): 188/920 kB | 0.2/4.2 MB | 52/139 kB
Progress (3): 188/920 kB | 0.2/4.2 MB | 52/139 kB
Progress (3): 192/920 kB | 0.2/4.2 MB | 52/139 kB
Progress (3): 192/920 kB | 0.2/4.2 MB | 52/139 kB
Progress (3): 192/920 kB | 0.2/4.2 MB | 52/139 kB
Progress (3): 192/920 kB | 0.2/4.2 MB | 52/139 kB
Progress (3): 192/920 kB | 0.2/4.2 MB | 52/139 kB
Progress (3): 192/920 kB | 0.2/4.2 MB | 54/139 kB
Progress (3): 192/920 kB | 0.2/4.2 MB | 54/139 kB
Progress (3): 192/920 kB | 0.2/4.2 MB | 55/139 kB
Progress (3): 196/920 kB | 0.2/4.2 MB | 55/139 kB
Progress (3): 196/920 kB | 0.2/4.2 MB | 55/139 kB
Progress (3): 196/920 kB | 0.2/4.2 MB | 59/139 kB
Progress (3): 201/920 kB | 0.2/4.2 MB | 59/139 kB
Progress (3): 201/920 kB | 0.2/4.2 MB | 59/139 kB
Progress (3): 205/920 kB | 0.2/4.2 MB | 59/139 kB
Progress (3): 205/920 kB | 0.2/4.2 MB | 61/139 kB
Progress (3): 205/920 kB | 0.2/4.2 MB | 61/139 kB
Progress (3): 209/920 kB | 0.2/4.2 MB | 61/139 kB
Progress (3): 209/920 kB | 0.2/4.2 MB | 61/139 kB
Progress (3): 209/920 kB | 0.2/4.2 MB | 65/139 kB
Progress (3): 209/920 kB | 0.2/4.2 MB | 65/139 kB
Progress (3): 209/920 kB | 0.2/4.2 MB | 69/139 kB
Progress (3): 209/920 kB | 0.2/4.2 MB | 69/139 kB
Progress (3): 213/920 kB | 0.2/4.2 MB | 69/139 kB
Progress (3): 213/920 kB | 0.2/4.2 MB | 69/139 kB
Progress (3): 213/920 kB | 0.2/4.2 MB | 73/139 kB
Progress (3): 218/920 kB | 0.2/4.2 MB | 73/139 kB
Progress (3): 218/920 kB | 0.2/4.2 MB | 73/139 kB
Progress (3): 218/920 kB | 0.2/4.2 MB | 77/139 kB
Progress (3): 218/920 kB | 0.2/4.2 MB | 77/139 kB
Progress (3): 218/920 kB | 0.2/4.2 MB | 82/139 kB
Progress (3): 234/920 kB | 0.2/4.2 MB | 82/139 kB
Progress (3): 234/920 kB | 0.2/4.2 MB | 86/139 kB
Progress (3): 234/920 kB | 0.2/4.2 MB | 86/139 kB
Progress (3): 250/920 kB | 0.2/4.2 MB | 86/139 kB
Progress (3): 250/920 kB | 0.2/4.2 MB | 90/139 kB
Progress (3): 250/920 kB | 0.3/4.2 MB | 90/139 kB
Progress (3): 250/920 kB | 0.3/4.2 MB | 94/139 kB
Progress (3): 250/920 kB | 0.3/4.2 MB | 99/139 kB
Progress (3): 250/920 kB | 0.3/4.2 MB | 99/139 kB
Progress (3): 250/920 kB | 0.3/4.2 MB | 103/139 kB
Progress (3): 250/920 kB | 0.3/4.2 MB | 107/139 kB
Progress (3): 267/920 kB | 0.3/4.2 MB | 107/139 kB
Progress (3): 267/920 kB | 0.3/4.2 MB | 111/139 kB
Progress (3): 267/920 kB | 0.3/4.2 MB | 115/139 kB
Progress (3): 267/920 kB | 0.3/4.2 MB | 115/139 kB
Progress (3): 267/920 kB | 0.3/4.2 MB | 120/139 kB
Progress (3): 267/920 kB | 0.3/4.2 MB | 124/139 kB
Progress (3): 267/920 kB | 0.3/4.2 MB | 124/139 kB
Progress (3): 267/920 kB | 0.3/4.2 MB | 128/139 kB
Progress (3): 267/920 kB | 0.3/4.2 MB | 132/139 kB
Progress (3): 267/920 kB | 0.3/4.2 MB | 137/139 kB
Progress (3): 267/920 kB | 0.3/4.2 MB | 137/139 kB
Progress (3): 267/920 kB | 0.3/4.2 MB | 139 kB    
Progress (3): 283/920 kB | 0.3/4.2 MB | 139 kB
Progress (4): 283/920 kB | 0.3/4.2 MB | 139 kB | 3.2/695 kB
Progress (4): 283/920 kB | 0.3/4.2 MB | 139 kB | 11/695 kB 
Progress (4): 283/920 kB | 0.3/4.2 MB | 139 kB | 11/695 kB
                                                          
Downloaded from central: https://repo.maven.apache.org/maven2/org/glassfish/jaxb/jaxb-core/4.0.5/jaxb-core-4.0.5.jar (139 kB at 490 kB/s)
#15 7.436 Progress (3): 299/920 kB | 0.3/4.2 MB | 11/695 kB
                                                 
Downloading from central: https://repo.maven.apache.org/maven2/io/netty/netty-handler/4.1.113.Final/netty-handler-4.1.113.Final.jar
#15 7.437 Progress (3): 316/920 kB | 0.3/4.2 MB | 11/695 kB
Progress (3): 316/920 kB | 0.3/4.2 MB | 11/695 kB
Progress (3): 319/920 kB | 0.3/4.2 MB | 11/695 kB
Progress (4): 319/920 kB | 0.3/4.2 MB | 11/695 kB | 0.9/69 kB
Progress (4): 319/920 kB | 0.3/4.2 MB | 11/695 kB | 2.3/69 kB
Progress (4): 335/920 kB | 0.3/4.2 MB | 11/695 kB | 2.3/69 kB
Progress (4): 335/920 kB | 0.3/4.2 MB | 11/695 kB | 3.6/69 kB
Progress (4): 335/920 kB | 0.3/4.2 MB | 11/695 kB | 5.0/69 kB
Progress (4): 352/920 kB | 0.3/4.2 MB | 11/695 kB | 5.0/69 kB
Progress (4): 352/920 kB | 0.4/4.2 MB | 11/695 kB | 5.0/69 kB
Progress (4): 368/920 kB | 0.4/4.2 MB | 11/695 kB | 5.0/69 kB
Progress (4): 368/920 kB | 0.4/4.2 MB | 11/695 kB | 6.4/69 kB
Progress (4): 368/920 kB | 0.4/4.2 MB | 11/695 kB | 7.7/69 kB
Progress (4): 368/920 kB | 0.4/4.2 MB | 11/695 kB | 9.1/69 kB
Progress (4): 385/920 kB | 0.4/4.2 MB | 11/695 kB | 9.1/69 kB
Progress (4): 385/920 kB | 0.4/4.2 MB | 11/695 kB | 10/69 kB 
Progress (4): 385/920 kB | 0.4/4.2 MB | 11/695 kB | 12/69 kB
Progress (4): 385/920 kB | 0.4/4.2 MB | 11/695 kB | 13/69 kB
Progress (4): 385/920 kB | 0.4/4.2 MB | 11/695 kB | 13/69 kB
Progress (4): 385/920 kB | 0.4/4.2 MB | 28/695 kB | 13/69 kB
Progress (4): 385/920 kB | 0.4/4.2 MB | 44/695 kB | 13/69 kB
Progress (4): 385/920 kB | 0.4/4.2 MB | 44/695 kB | 13/69 kB
Progress (4): 401/920 kB | 0.4/4.2 MB | 44/695 kB | 13/69 kB
Progress (4): 401/920 kB | 0.4/4.2 MB | 44/695 kB | 15/69 kB
Progress (4): 417/920 kB | 0.4/4.2 MB | 44/695 kB | 15/69 kB
Progress (4): 417/920 kB | 0.4/4.2 MB | 44/695 kB | 15/69 kB
Progress (4): 417/920 kB | 0.4/4.2 MB | 44/695 kB | 16/69 kB
Progress (4): 417/920 kB | 0.4/4.2 MB | 44/695 kB | 17/69 kB
Progress (4): 417/920 kB | 0.4/4.2 MB | 44/695 kB | 19/69 kB
Progress (4): 417/920 kB | 0.4/4.2 MB | 44/695 kB | 20/69 kB
Progress (4): 417/920 kB | 0.4/4.2 MB | 44/695 kB | 21/69 kB
Progress (4): 417/920 kB | 0.4/4.2 MB | 44/695 kB | 23/69 kB
Progress (4): 417/920 kB | 0.4/4.2 MB | 44/695 kB | 24/69 kB
Progress (4): 417/920 kB | 0.4/4.2 MB | 44/695 kB | 25/69 kB
Progress (4): 417/920 kB | 0.4/4.2 MB | 61/695 kB | 25/69 kB
Progress (4): 417/920 kB | 0.4/4.2 MB | 61/695 kB | 27/69 kB
Progress (4): 417/920 kB | 0.4/4.2 MB | 61/695 kB | 27/69 kB
Progress (4): 434/920 kB | 0.4/4.2 MB | 61/695 kB | 27/69 kB
Progress (4): 434/920 kB | 0.4/4.2 MB | 61/695 kB | 31/69 kB
Progress (4): 434/920 kB | 0.4/4.2 MB | 61/695 kB | 35/69 kB
Progress (4): 434/920 kB | 0.4/4.2 MB | 61/695 kB | 35/69 kB
Progress (4): 450/920 kB | 0.4/4.2 MB | 61/695 kB | 35/69 kB
Progress (4): 466/920 kB | 0.4/4.2 MB | 61/695 kB | 35/69 kB
Progress (4): 466/920 kB | 0.4/4.2 MB | 77/695 kB | 35/69 kB
Progress (4): 483/920 kB | 0.4/4.2 MB | 77/695 kB | 35/69 kB
Progress (4): 483/920 kB | 0.4/4.2 MB | 77/695 kB | 40/69 kB
Progress (4): 483/920 kB | 0.4/4.2 MB | 93/695 kB | 40/69 kB
Progress (4): 483/920 kB | 0.4/4.2 MB | 93/695 kB | 44/69 kB
Progress (4): 499/920 kB | 0.4/4.2 MB | 93/695 kB | 44/69 kB
Progress (4): 499/920 kB | 0.4/4.2 MB | 93/695 kB | 48/69 kB
Progress (4): 499/920 kB | 0.4/4.2 MB | 110/695 kB | 48/69 kB
Progress (4): 499/920 kB | 0.4/4.2 MB | 110/695 kB | 52/69 kB
Progress (4): 516/920 kB | 0.4/4.2 MB | 110/695 kB | 52/69 kB
Progress (4): 516/920 kB | 0.4/4.2 MB | 110/695 kB | 56/69 kB
Progress (4): 516/920 kB | 0.4/4.2 MB | 110/695 kB | 57/69 kB
Progress (4): 532/920 kB | 0.4/4.2 MB | 110/695 kB | 57/69 kB
Progress (4): 532/920 kB | 0.4/4.2 MB | 110/695 kB | 61/69 kB
Progress (4): 532/920 kB | 0.4/4.2 MB | 110/695 kB | 65/69 kB
Progress (4): 548/920 kB | 0.4/4.2 MB | 110/695 kB | 65/69 kB
Progress (4): 548/920 kB | 0.4/4.2 MB | 110/695 kB | 69 kB   
Progress (4): 548/920 kB | 0.5/4.2 MB | 110/695 kB | 69 kB
Progress (4): 565/920 kB | 0.5/4.2 MB | 110/695 kB | 69 kB
                                                          
Downloaded from central: https://repo.maven.apache.org/maven2/org/slf4j/slf4j-api/2.0.16/slf4j-api-2.0.16.jar (69 kB at 223 kB/s)
#15 7.468 Downloading from central: https://repo.maven.apache.org/maven2/io/netty/netty-resolver/4.1.113.Final/netty-resolver-4.1.113.Final.jar
#15 7.468 Progress (3): 581/920 kB | 0.5/4.2 MB | 110/695 kB
Progress (3): 581/920 kB | 0.5/4.2 MB | 110/695 kB
Progress (3): 581/920 kB | 0.5/4.2 MB | 110/695 kB
Progress (3): 581/920 kB | 0.5/4.2 MB | 110/695 kB
Progress (3): 598/920 kB | 0.5/4.2 MB | 110/695 kB
Progress (3): 614/920 kB | 0.5/4.2 MB | 110/695 kB
Progress (3): 614/920 kB | 0.5/4.2 MB | 126/695 kB
Progress (3): 630/920 kB | 0.5/4.2 MB | 126/695 kB
Progress (3): 630/920 kB | 0.5/4.2 MB | 142/695 kB
Progress (3): 647/920 kB | 0.5/4.2 MB | 142/695 kB
Progress (3): 647/920 kB | 0.5/4.2 MB | 159/695 kB
Progress (3): 663/920 kB | 0.5/4.2 MB | 159/695 kB
Progress (3): 679/920 kB | 0.5/4.2 MB | 159/695 kB
Progress (3): 679/920 kB | 0.5/4.2 MB | 175/695 kB
Progress (3): 679/920 kB | 0.5/4.2 MB | 192/695 kB
Progress (3): 679/920 kB | 0.5/4.2 MB | 192/695 kB
Progress (3): 696/920 kB | 0.5/4.2 MB | 192/695 kB
Progress (3): 696/920 kB | 0.5/4.2 MB | 208/695 kB
Progress (3): 696/920 kB | 0.5/4.2 MB | 217/695 kB
Progress (3): 712/920 kB | 0.5/4.2 MB | 217/695 kB
Progress (3): 712/920 kB | 0.5/4.2 MB | 217/695 kB
Progress (3): 729/920 kB | 0.5/4.2 MB | 217/695 kB
Progress (3): 745/920 kB | 0.5/4.2 MB | 217/695 kB
Progress (3): 745/920 kB | 0.5/4.2 MB | 233/695 kB
Progress (3): 761/920 kB | 0.5/4.2 MB | 233/695 kB
Progress (3): 778/920 kB | 0.5/4.2 MB | 233/695 kB
Progress (3): 794/920 kB | 0.5/4.2 MB | 233/695 kB
Progress (3): 794/920 kB | 0.5/4.2 MB | 233/695 kB
Progress (3): 811/920 kB | 0.5/4.2 MB | 233/695 kB
Progress (3): 811/920 kB | 0.5/4.2 MB | 250/695 kB
Progress (3): 827/920 kB | 0.5/4.2 MB | 250/695 kB
Progress (3): 827/920 kB | 0.5/4.2 MB | 266/695 kB
Progress (3): 843/920 kB | 0.5/4.2 MB | 266/695 kB
Progress (3): 859/920 kB | 0.5/4.2 MB | 266/695 kB
Progress (3): 859/920 kB | 0.6/4.2 MB | 266/695 kB
Progress (3): 859/920 kB | 0.6/4.2 MB | 282/695 kB
Progress (3): 860/920 kB | 0.6/4.2 MB | 282/695 kB
Progress (3): 860/920 kB | 0.6/4.2 MB | 282/695 kB
Progress (3): 860/920 kB | 0.6/4.2 MB | 282/695 kB
Progress (3): 876/920 kB | 0.6/4.2 MB | 282/695 kB
Progress (3): 876/920 kB | 0.6/4.2 MB | 299/695 kB
Progress (3): 876/920 kB | 0.6/4.2 MB | 299/695 kB
Progress (3): 876/920 kB | 0.6/4.2 MB | 315/695 kB
Progress (3): 892/920 kB | 0.6/4.2 MB | 315/695 kB
Progress (3): 892/920 kB | 0.6/4.2 MB | 315/695 kB
Progress (3): 909/920 kB | 0.6/4.2 MB | 315/695 kB
Progress (3): 909/920 kB | 0.6/4.2 MB | 331/695 kB
Progress (3): 909/920 kB | 0.6/4.2 MB | 331/695 kB
Progress (3): 920 kB | 0.6/4.2 MB | 331/695 kB    
Progress (3): 920 kB | 0.7/4.2 MB | 331/695 kB
Progress (3): 920 kB | 0.7/4.2 MB | 348/695 kB
Progress (3): 920 kB | 0.7/4.2 MB | 348/695 kB
Progress (3): 920 kB | 0.7/4.2 MB | 364/695 kB
Progress (3): 920 kB | 0.7/4.2 MB | 381/695 kB
Progress (3): 920 kB | 0.7/4.2 MB | 381/695 kB
Progress (3): 920 kB | 0.7/4.2 MB | 397/695 kB
Progress (3): 920 kB | 0.7/4.2 MB | 397/695 kB
Progress (3): 920 kB | 0.7/4.2 MB | 413/695 kB
Progress (3): 920 kB | 0.7/4.2 MB | 413/695 kB
Progress (3): 920 kB | 0.7/4.2 MB | 430/695 kB
                                              
Downloaded from central: https://repo.maven.apache.org/maven2/org/glassfish/jaxb/jaxb-runtime/4.0.5/jaxb-runtime-4.0.5.jar (920 kB at 2.5 MB/s)
#15 7.516 Downloading from central: https://repo.maven.apache.org/maven2/io/netty/netty-buffer/4.1.113.Final/netty-buffer-4.1.113.Final.jar
#15 7.516 Progress (3): 0.7/4.2 MB | 430/695 kB | 3.2/38 kB
Progress (3): 0.7/4.2 MB | 446/695 kB | 3.2/38 kB
Progress (3): 0.7/4.2 MB | 446/695 kB | 7.4/38 kB
Progress (3): 0.7/4.2 MB | 446/695 kB | 11/38 kB 
Progress (3): 0.7/4.2 MB | 446/695 kB | 11/38 kB
Progress (3): 0.7/4.2 MB | 463/695 kB | 11/38 kB
Progress (3): 0.7/4.2 MB | 463/695 kB | 16/38 kB
Progress (3): 0.7/4.2 MB | 463/695 kB | 20/38 kB
Progress (3): 0.7/4.2 MB | 479/695 kB | 20/38 kB
Progress (3): 0.7/4.2 MB | 479/695 kB | 24/38 kB
Progress (3): 0.7/4.2 MB | 479/695 kB | 28/38 kB
Progress (3): 0.7/4.2 MB | 495/695 kB | 28/38 kB
Progress (3): 0.7/4.2 MB | 495/695 kB | 33/38 kB
Progress (3): 0.7/4.2 MB | 495/695 kB | 37/38 kB
Progress (3): 0.7/4.2 MB | 495/695 kB | 38 kB   
Progress (3): 0.7/4.2 MB | 512/695 kB | 38 kB
Progress (3): 0.8/4.2 MB | 512/695 kB | 38 kB
Progress (3): 0.8/4.2 MB | 528/695 kB | 38 kB
Progress (3): 0.8/4.2 MB | 528/695 kB | 38 kB
                                             
Downloaded from central: https://repo.maven.apache.org/maven2/io/netty/netty-resolver/4.1.113.Final/netty-resolver-4.1.113.Final.jar (38 kB at 101 kB/s)
#15 7.531 Progress (2): 0.8/4.2 MB | 544/695 kB
                                     
Downloading from central: https://repo.maven.apache.org/maven2/io/netty/netty-transport-native-unix-common/4.1.113.Final/netty-transport-native-unix-common-4.1.113.Final.jar
#15 7.532 Progress (3): 0.8/4.2 MB | 544/695 kB | 3.2/571 kB
Progress (3): 0.8/4.2 MB | 544/695 kB | 3.2/571 kB
Progress (3): 0.8/4.2 MB | 544/695 kB | 7.4/571 kB
Progress (3): 0.8/4.2 MB | 544/695 kB | 12/571 kB 
Progress (3): 0.8/4.2 MB | 561/695 kB | 12/571 kB
Progress (3): 0.8/4.2 MB | 577/695 kB | 12/571 kB
Progress (3): 0.8/4.2 MB | 577/695 kB | 16/571 kB
Progress (3): 0.8/4.2 MB | 594/695 kB | 16/571 kB
Progress (3): 0.8/4.2 MB | 594/695 kB | 20/571 kB
Progress (3): 0.8/4.2 MB | 594/695 kB | 20/571 kB
Progress (3): 0.8/4.2 MB | 594/695 kB | 24/571 kB
Progress (3): 0.8/4.2 MB | 610/695 kB | 24/571 kB
Progress (3): 0.8/4.2 MB | 610/695 kB | 24/571 kB
Progress (3): 0.8/4.2 MB | 626/695 kB | 24/571 kB
Progress (3): 0.8/4.2 MB | 643/695 kB | 24/571 kB
Progress (3): 0.8/4.2 MB | 643/695 kB | 29/571 kB
Progress (3): 0.8/4.2 MB | 643/695 kB | 33/571 kB
Progress (3): 0.8/4.2 MB | 643/695 kB | 37/571 kB
Progress (3): 0.8/4.2 MB | 643/695 kB | 41/571 kB
Progress (3): 0.8/4.2 MB | 643/695 kB | 45/571 kB
Progress (3): 0.8/4.2 MB | 659/695 kB | 45/571 kB
Progress (3): 0.8/4.2 MB | 659/695 kB | 45/571 kB
Progress (3): 0.8/4.2 MB | 676/695 kB | 45/571 kB
Progress (3): 0.9/4.2 MB | 676/695 kB | 45/571 kB
Progress (3): 0.9/4.2 MB | 692/695 kB | 45/571 kB
Progress (3): 0.9/4.2 MB | 695 kB | 45/571 kB    
Progress (3): 0.9/4.2 MB | 695 kB | 50/571 kB
Progress (3): 0.9/4.2 MB | 695 kB | 54/571 kB
Progress (3): 0.9/4.2 MB | 695 kB | 58/571 kB
Progress (3): 0.9/4.2 MB | 695 kB | 62/571 kB
Progress (3): 0.9/4.2 MB | 695 kB | 67/571 kB
Progress (3): 0.9/4.2 MB | 695 kB | 71/571 kB
Progress (3): 0.9/4.2 MB | 695 kB | 75/571 kB
Progress (3): 0.9/4.2 MB | 695 kB | 79/571 kB
Progress (3): 0.9/4.2 MB | 695 kB | 96/571 kB
Progress (3): 0.9/4.2 MB | 695 kB | 112/571 kB
Progress (3): 0.9/4.2 MB | 695 kB | 112/571 kB
                                              
Downloaded from central: https://repo.maven.apache.org/maven2/io/netty/netty-common/4.1.113.Final/netty-common-4.1.113.Final.jar (695 kB at 1.7 MB/s)
#15 7.556 Downloading from central: https://repo.maven.apache.org/maven2/io/netty/netty-codec/4.1.113.Final/netty-codec-4.1.113.Final.jar
#15 7.557 Progress (2): 0.9/4.2 MB | 112/571 kB
Progress (2): 0.9/4.2 MB | 112/571 kB
Progress (2): 0.9/4.2 MB | 112/571 kB
Progress (2): 0.9/4.2 MB | 112/571 kB
Progress (2): 0.9/4.2 MB | 128/571 kB
Progress (2): 0.9/4.2 MB | 134/571 kB
Progress (3): 0.9/4.2 MB | 134/571 kB | 7.7/337 kB
Progress (3): 0.9/4.2 MB | 151/571 kB | 7.7/337 kB
Progress (3): 0.9/4.2 MB | 151/571 kB | 7.7/337 kB
Progress (3): 0.9/4.2 MB | 151/571 kB | 15/337 kB 
Progress (3): 0.9/4.2 MB | 167/571 kB | 15/337 kB
Progress (3): 1.0/4.2 MB | 167/571 kB | 15/337 kB
Progress (3): 1.0/4.2 MB | 183/571 kB | 15/337 kB
Progress (3): 1.0/4.2 MB | 183/571 kB | 32/337 kB
Progress (3): 1.0/4.2 MB | 183/571 kB | 32/337 kB
Progress (3): 1.0/4.2 MB | 200/571 kB | 32/337 kB
Progress (3): 1.0/4.2 MB | 200/571 kB | 32/337 kB
Progress (3): 1.0/4.2 MB | 216/571 kB | 32/337 kB
Progress (3): 1.0/4.2 MB | 217/571 kB | 32/337 kB
Progress (3): 1.0/4.2 MB | 217/571 kB | 32/337 kB
Progress (3): 1.0/4.2 MB | 217/571 kB | 48/337 kB
Progress (3): 1.0/4.2 MB | 217/571 kB | 53/337 kB
Progress (3): 1.0/4.2 MB | 217/571 kB | 53/337 kB
Progress (3): 1.0/4.2 MB | 217/571 kB | 65/337 kB
Progress (3): 1.0/4.2 MB | 217/571 kB | 65/337 kB
Progress (3): 1.0/4.2 MB | 233/571 kB | 65/337 kB
Progress (3): 1.0/4.2 MB | 233/571 kB | 81/337 kB
Progress (3): 1.1/4.2 MB | 233/571 kB | 81/337 kB
Progress (3): 1.1/4.2 MB | 250/571 kB | 81/337 kB
Progress (3): 1.1/4.2 MB | 250/571 kB | 81/337 kB
Progress (3): 1.1/4.2 MB | 250/571 kB | 81/337 kB
Progress (3): 1.1/4.2 MB | 250/571 kB | 97/337 kB
Progress (3): 1.1/4.2 MB | 250/571 kB | 97/337 kB
Progress (3): 1.1/4.2 MB | 250/571 kB | 97/337 kB
Progress (3): 1.1/4.2 MB | 250/571 kB | 114/337 kB
Progress (3): 1.1/4.2 MB | 250/571 kB | 130/337 kB
Progress (3): 1.1/4.2 MB | 250/571 kB | 130/337 kB
Progress (3): 1.1/4.2 MB | 250/571 kB | 147/337 kB
Progress (3): 1.2/4.2 MB | 250/571 kB | 147/337 kB
Progress (3): 1.2/4.2 MB | 250/571 kB | 147/337 kB
Progress (3): 1.2/4.2 MB | 250/571 kB | 163/337 kB
Progress (3): 1.2/4.2 MB | 250/571 kB | 163/337 kB
Progress (3): 1.2/4.2 MB | 250/571 kB | 179/337 kB
Progress (3): 1.2/4.2 MB | 250/571 kB | 179/337 kB
Progress (3): 1.2/4.2 MB | 250/571 kB | 196/337 kB
Progress (3): 1.2/4.2 MB | 250/571 kB | 196/337 kB
Progress (3): 1.2/4.2 MB | 250/571 kB | 196/337 kB
Progress (3): 1.3/4.2 MB | 250/571 kB | 196/337 kB
Progress (3): 1.3/4.2 MB | 250/571 kB | 196/337 kB
Progress (3): 1.3/4.2 MB | 250/571 kB | 196/337 kB
Progress (3): 1.3/4.2 MB | 250/571 kB | 196/337 kB
Progress (3): 1.3/4.2 MB | 250/571 kB | 196/337 kB
Progress (3): 1.3/4.2 MB | 250/571 kB | 196/337 kB
Progress (3): 1.4/4.2 MB | 250/571 kB | 196/337 kB
Progress (3): 1.4/4.2 MB | 250/571 kB | 196/337 kB
Progress (3): 1.4/4.2 MB | 250/571 kB | 196/337 kB
Progress (3): 1.4/4.2 MB | 250/571 kB | 196/337 kB
Progress (3): 1.4/4.2 MB | 250/571 kB | 196/337 kB
Progress (3): 1.4/4.2 MB | 250/571 kB | 196/337 kB
Progress (3): 1.5/4.2 MB | 250/571 kB | 196/337 kB
Progress (3): 1.5/4.2 MB | 250/571 kB | 212/337 kB
Progress (3): 1.5/4.2 MB | 250/571 kB | 212/337 kB
Progress (3): 1.5/4.2 MB | 250/571 kB | 212/337 kB
Progress (3): 1.5/4.2 MB | 250/571 kB | 228/337 kB
Progress (3): 1.5/4.2 MB | 250/571 kB | 245/337 kB
Progress (3): 1.5/4.2 MB | 250/571 kB | 245/337 kB
Progress (3): 1.5/4.2 MB | 250/571 kB | 245/337 kB
Progress (3): 1.5/4.2 MB | 250/571 kB | 245/337 kB
Progress (3): 1.6/4.2 MB | 250/571 kB | 245/337 kB
Progress (3): 1.6/4.2 MB | 250/571 kB | 261/337 kB
Progress (3): 1.6/4.2 MB | 250/571 kB | 261/337 kB
Progress (3): 1.6/4.2 MB | 250/571 kB | 261/337 kB
Progress (3): 1.6/4.2 MB | 250/571 kB | 261/337 kB
Progress (3): 1.6/4.2 MB | 250/571 kB | 278/337 kB
Progress (3): 1.6/4.2 MB | 250/571 kB | 278/337 kB
Progress (3): 1.6/4.2 MB | 250/571 kB | 294/337 kB
Progress (3): 1.6/4.2 MB | 250/571 kB | 294/337 kB
Progress (3): 1.6/4.2 MB | 266/571 kB | 294/337 kB
Progress (3): 1.6/4.2 MB | 266/571 kB | 310/337 kB
Progress (3): 1.6/4.2 MB | 266/571 kB | 310/337 kB
Progress (3): 1.7/4.2 MB | 266/571 kB | 310/337 kB
Progress (3): 1.7/4.2 MB | 266/571 kB | 327/337 kB
Progress (3): 1.7/4.2 MB | 266/571 kB | 337 kB    
Progress (3): 1.7/4.2 MB | 266/571 kB | 337 kB
Progress (4): 1.7/4.2 MB | 266/571 kB | 337 kB | 3.8/44 kB
Progress (4): 1.7/4.2 MB | 266/571 kB | 337 kB | 7.3/44 kB
Progress (4): 1.7/4.2 MB | 266/571 kB | 337 kB | 7.3/44 kB
                                                          
Downloaded from central: https://repo.maven.apache.org/maven2/io/netty/netty-buffer/4.1.113.Final/netty-buffer-4.1.113.Final.jar (337 kB at 731 kB/s)
#15 7.619 Downloading from central: https://repo.maven.apache.org/maven2/io/netty/netty-transport/4.1.113.Final/netty-transport-4.1.113.Final.jar
#15 7.619 Progress (3): 1.7/4.2 MB | 266/571 kB | 7.3/44 kB
Progress (3): 1.7/4.2 MB | 266/571 kB | 7.3/44 kB
Progress (3): 1.7/4.2 MB | 266/571 kB | 12/44 kB 
Progress (3): 1.7/4.2 MB | 266/571 kB | 12/44 kB
Progress (3): 1.7/4.2 MB | 282/571 kB | 12/44 kB
Progress (3): 1.7/4.2 MB | 282/571 kB | 15/44 kB
Progress (3): 1.8/4.2 MB | 282/571 kB | 15/44 kB
Progress (3): 1.8/4.2 MB | 282/571 kB | 20/44 kB
Progress (3): 1.8/4.2 MB | 282/571 kB | 24/44 kB
Progress (3): 1.8/4.2 MB | 299/571 kB | 24/44 kB
Progress (3): 1.8/4.2 MB | 299/571 kB | 24/44 kB
Progress (3): 1.8/4.2 MB | 299/571 kB | 24/44 kB
Progress (3): 1.8/4.2 MB | 315/571 kB | 24/44 kB
Progress (3): 1.8/4.2 MB | 315/571 kB | 28/44 kB
Progress (3): 1.8/4.2 MB | 315/571 kB | 28/44 kB
Progress (3): 1.8/4.2 MB | 315/571 kB | 32/44 kB
Progress (3): 1.8/4.2 MB | 315/571 kB | 32/44 kB
Progress (3): 1.8/4.2 MB | 315/571 kB | 36/44 kB
Progress (3): 1.8/4.2 MB | 331/571 kB | 36/44 kB
Progress (3): 1.8/4.2 MB | 331/571 kB | 40/44 kB
Progress (3): 1.8/4.2 MB | 331/571 kB | 40/44 kB
Progress (3): 1.8/4.2 MB | 331/571 kB | 44 kB   
Progress (3): 1.8/4.2 MB | 331/571 kB | 44 kB
Progress (3): 1.9/4.2 MB | 331/571 kB | 44 kB
Progress (3): 1.9/4.2 MB | 348/571 kB | 44 kB
                                             
Downloaded from central: https://repo.maven.apache.org/maven2/io/netty/netty-transport-native-unix-common/4.1.113.Final/netty-transport-native-unix-common-4.1.113.Final.jar (44 kB at 94 kB/s)
#15 7.632 Progress (2): 1.9/4.2 MB | 348/571 kB
Progress (2): 1.9/4.2 MB | 348/571 kB
Progress (2): 1.9/4.2 MB | 364/571 kB
                                     
Downloading from central: https://repo.maven.apache.org/maven2/io/projectreactor/reactor-core/3.6.10/reactor-core-3.6.10.jar
#15 7.633 Progress (2): 1.9/4.2 MB | 364/571 kB
Progress (2): 1.9/4.2 MB | 381/571 kB
Progress (2): 1.9/4.2 MB | 397/571 kB
Progress (2): 1.9/4.2 MB | 397/571 kB
Progress (2): 1.9/4.2 MB | 413/571 kB
Progress (2): 1.9/4.2 MB | 413/571 kB
Progress (2): 1.9/4.2 MB | 430/571 kB
Progress (2): 2.0/4.2 MB | 430/571 kB
Progress (2): 2.0/4.2 MB | 446/571 kB
Progress (2): 2.0/4.2 MB | 446/571 kB
Progress (2): 2.0/4.2 MB | 446/571 kB
Progress (2): 2.0/4.2 MB | 446/571 kB
Progress (2): 2.0/4.2 MB | 463/571 kB
Progress (2): 2.0/4.2 MB | 463/571 kB
Progress (2): 2.0/4.2 MB | 479/571 kB
Progress (2): 2.0/4.2 MB | 479/571 kB
Progress (2): 2.1/4.2 MB | 479/571 kB
Progress (2): 2.1/4.2 MB | 495/571 kB
Progress (2): 2.1/4.2 MB | 495/571 kB
Progress (2): 2.1/4.2 MB | 495/571 kB
Progress (3): 2.1/4.2 MB | 495/571 kB | 7.7/352 kB
Progress (3): 2.1/4.2 MB | 495/571 kB | 16/352 kB 
Progress (3): 2.1/4.2 MB | 512/571 kB | 16/352 kB
Progress (3): 2.1/4.2 MB | 512/571 kB | 32/352 kB
Progress (3): 2.1/4.2 MB | 512/571 kB | 32/352 kB
Progress (3): 2.1/4.2 MB | 512/571 kB | 49/352 kB
Progress (3): 2.1/4.2 MB | 512/571 kB | 49/352 kB
Progress (3): 2.1/4.2 MB | 512/571 kB | 49/352 kB
Progress (3): 2.2/4.2 MB | 512/571 kB | 49/352 kB
Progress (3): 2.2/4.2 MB | 512/571 kB | 49/352 kB
Progress (3): 2.2/4.2 MB | 512/571 kB | 65/352 kB
Progress (3): 2.2/4.2 MB | 512/571 kB | 81/352 kB
Progress (3): 2.2/4.2 MB | 512/571 kB | 81/352 kB
Progress (3): 2.2/4.2 MB | 512/571 kB | 98/352 kB
Progress (3): 2.2/4.2 MB | 512/571 kB | 98/352 kB
Progress (3): 2.2/4.2 MB | 512/571 kB | 98/352 kB
Progress (3): 2.2/4.2 MB | 512/571 kB | 98/352 kB
Progress (3): 2.3/4.2 MB | 512/571 kB | 98/352 kB
Progress (3): 2.3/4.2 MB | 512/571 kB | 98/352 kB
Progress (3): 2.3/4.2 MB | 512/571 kB | 98/352 kB
Progress (3): 2.3/4.2 MB | 512/571 kB | 98/352 kB
Progress (3): 2.3/4.2 MB | 512/571 kB | 98/352 kB
Progress (3): 2.3/4.2 MB | 512/571 kB | 98/352 kB
Progress (3): 2.4/4.2 MB | 512/571 kB | 98/352 kB
Progress (3): 2.4/4.2 MB | 512/571 kB | 98/352 kB
Progress (3): 2.4/4.2 MB | 512/571 kB | 98/352 kB
Progress (3): 2.4/4.2 MB | 512/571 kB | 114/352 kB
Progress (3): 2.4/4.2 MB | 528/571 kB | 114/352 kB
Progress (3): 2.4/4.2 MB | 528/571 kB | 114/352 kB
Progress (3): 2.4/4.2 MB | 528/571 kB | 130/352 kB
Progress (3): 2.4/4.2 MB | 528/571 kB | 130/352 kB
Progress (3): 2.4/4.2 MB | 544/571 kB | 130/352 kB
Progress (3): 2.4/4.2 MB | 544/571 kB | 147/352 kB
Progress (3): 2.4/4.2 MB | 544/571 kB | 147/352 kB
Progress (3): 2.4/4.2 MB | 561/571 kB | 147/352 kB
Progress (3): 2.5/4.2 MB | 561/571 kB | 147/352 kB
Progress (3): 2.5/4.2 MB | 571 kB | 147/352 kB    
Progress (3): 2.5/4.2 MB | 571 kB | 147/352 kB
Progress (3): 2.5/4.2 MB | 571 kB | 163/352 kB
Progress (3): 2.5/4.2 MB | 571 kB | 163/352 kB
                                              
Downloaded from central: https://repo.maven.apache.org/maven2/io/netty/netty-handler/4.1.113.Final/netty-handler-4.1.113.Final.jar (571 kB at 1.1 MB/s)
#15 7.682 Downloading from central: https://repo.maven.apache.org/maven2/org/springframework/retry/spring-retry/2.0.9/spring-retry-2.0.9.jar
#15 7.683 Progress (2): 2.5/4.2 MB | 163/352 kB
Progress (2): 2.5/4.2 MB | 179/352 kB
Progress (2): 2.5/4.2 MB | 196/352 kB
Progress (2): 2.5/4.2 MB | 212/352 kB
Progress (3): 2.5/4.2 MB | 212/352 kB | 7.7/521 kB
Progress (3): 2.5/4.2 MB | 212/352 kB | 7.7/521 kB
Progress (3): 2.5/4.2 MB | 228/352 kB | 7.7/521 kB
Progress (3): 2.5/4.2 MB | 228/352 kB | 7.7/521 kB
Progress (3): 2.5/4.2 MB | 245/352 kB | 7.7/521 kB
Progress (3): 2.5/4.2 MB | 245/352 kB | 7.7/521 kB
Progress (3): 2.5/4.2 MB | 245/352 kB | 24/521 kB 
Progress (3): 2.6/4.2 MB | 245/352 kB | 24/521 kB
Progress (3): 2.6/4.2 MB | 245/352 kB | 24/521 kB
Progress (3): 2.6/4.2 MB | 261/352 kB | 24/521 kB
Progress (3): 2.6/4.2 MB | 278/352 kB | 24/521 kB
Progress (3): 2.6/4.2 MB | 294/352 kB | 24/521 kB
Progress (3): 2.6/4.2 MB | 310/352 kB | 24/521 kB
Progress (3): 2.6/4.2 MB | 327/352 kB | 24/521 kB
Progress (3): 2.6/4.2 MB | 327/352 kB | 24/521 kB
Progress (3): 2.6/4.2 MB | 327/352 kB | 40/521 kB
Progress (3): 2.6/4.2 MB | 327/352 kB | 40/521 kB
Progress (3): 2.6/4.2 MB | 343/352 kB | 40/521 kB
Progress (3): 2.6/4.2 MB | 343/352 kB | 40/521 kB
Progress (4): 2.6/4.2 MB | 343/352 kB | 40/521 kB | 0/1.9 MB
Progress (4): 2.6/4.2 MB | 343/352 kB | 40/521 kB | 0/1.9 MB
Progress (4): 2.6/4.2 MB | 343/352 kB | 40/521 kB | 0/1.9 MB
Progress (4): 2.6/4.2 MB | 343/352 kB | 40/521 kB | 0/1.9 MB
Progress (4): 2.6/4.2 MB | 343/352 kB | 40/521 kB | 0/1.9 MB
Progress (4): 2.6/4.2 MB | 343/352 kB | 40/521 kB | 0/1.9 MB
Progress (4): 2.6/4.2 MB | 343/352 kB | 57/521 kB | 0/1.9 MB
Progress (4): 2.6/4.2 MB | 352 kB | 57/521 kB | 0/1.9 MB    
Progress (4): 2.6/4.2 MB | 352 kB | 73/521 kB | 0/1.9 MB
Progress (4): 2.6/4.2 MB | 352 kB | 90/521 kB | 0/1.9 MB
Progress (4): 2.6/4.2 MB | 352 kB | 90/521 kB | 0/1.9 MB
                                                        
Downloaded from central: https://repo.maven.apache.org/maven2/io/netty/netty-codec/4.1.113.Final/netty-codec-4.1.113.Final.jar (352 kB at 629 kB/s)
#15 7.721 Progress (3): 2.6/4.2 MB | 90/521 kB | 0/1.9 MB
Progress (3): 2.6/4.2 MB | 106/521 kB | 0/1.9 MB
                                                
Downloading from central: https://repo.maven.apache.org/maven2/com/rabbitmq/amqp-client/5.21.0/amqp-client-5.21.0.jar
#15 7.721 Progress (3): 2.6/4.2 MB | 106/521 kB | 0/1.9 MB
Progress (3): 2.6/4.2 MB | 106/521 kB | 0/1.9 MB
Progress (3): 2.7/4.2 MB | 106/521 kB | 0/1.9 MB
Progress (3): 2.7/4.2 MB | 122/521 kB | 0/1.9 MB
Progress (3): 2.7/4.2 MB | 122/521 kB | 0/1.9 MB
Progress (3): 2.7/4.2 MB | 122/521 kB | 0/1.9 MB
Progress (3): 2.7/4.2 MB | 139/521 kB | 0/1.9 MB
Progress (3): 2.7/4.2 MB | 139/521 kB | 0/1.9 MB
Progress (3): 2.7/4.2 MB | 155/521 kB | 0/1.9 MB
Progress (3): 2.7/4.2 MB | 155/521 kB | 0/1.9 MB
Progress (3): 2.7/4.2 MB | 155/521 kB | 0.1/1.9 MB
Progress (3): 2.7/4.2 MB | 172/521 kB | 0.1/1.9 MB
Progress (3): 2.7/4.2 MB | 172/521 kB | 0.1/1.9 MB
Progress (3): 2.7/4.2 MB | 172/521 kB | 0.1/1.9 MB
Progress (3): 2.7/4.2 MB | 188/521 kB | 0.1/1.9 MB
Progress (3): 2.7/4.2 MB | 188/521 kB | 0.1/1.9 MB
Progress (3): 2.7/4.2 MB | 188/521 kB | 0.1/1.9 MB
Progress (3): 2.7/4.2 MB | 204/521 kB | 0.1/1.9 MB
Progress (3): 2.8/4.2 MB | 204/521 kB | 0.1/1.9 MB
Progress (3): 2.8/4.2 MB | 221/521 kB | 0.1/1.9 MB
Progress (3): 2.8/4.2 MB | 221/521 kB | 0.1/1.9 MB
Progress (3): 2.8/4.2 MB | 237/521 kB | 0.1/1.9 MB
Progress (3): 2.8/4.2 MB | 237/521 kB | 0.1/1.9 MB
Progress (3): 2.8/4.2 MB | 237/521 kB | 0.1/1.9 MB
Progress (3): 2.8/4.2 MB | 237/521 kB | 0.1/1.9 MB
Progress (3): 2.8/4.2 MB | 237/521 kB | 0.1/1.9 MB
Progress (3): 2.8/4.2 MB | 253/521 kB | 0.1/1.9 MB
Progress (3): 2.8/4.2 MB | 253/521 kB | 0.1/1.9 MB
Progress (3): 2.8/4.2 MB | 253/521 kB | 0.1/1.9 MB
Progress (3): 2.8/4.2 MB | 270/521 kB | 0.1/1.9 MB
Progress (3): 2.9/4.2 MB | 270/521 kB | 0.1/1.9 MB
Progress (3): 2.9/4.2 MB | 270/521 kB | 0.1/1.9 MB
Progress (3): 2.9/4.2 MB | 270/521 kB | 0.1/1.9 MB
Progress (4): 2.9/4.2 MB | 270/521 kB | 0.1/1.9 MB | 7.3/156 kB
Progress (4): 2.9/4.2 MB | 279/521 kB | 0.1/1.9 MB | 7.3/156 kB
Progress (4): 2.9/4.2 MB | 279/521 kB | 0.1/1.9 MB | 24/156 kB 
Progress (4): 2.9/4.2 MB | 279/521 kB | 0.1/1.9 MB | 32/156 kB
Progress (4): 2.9/4.2 MB | 279/521 kB | 0.1/1.9 MB | 32/156 kB
Progress (4): 2.9/4.2 MB | 279/521 kB | 0.1/1.9 MB | 48/156 kB
Progress (4): 2.9/4.2 MB | 279/521 kB | 0.1/1.9 MB | 48/156 kB
Progress (4): 2.9/4.2 MB | 279/521 kB | 0.2/1.9 MB | 48/156 kB
Progress (4): 2.9/4.2 MB | 279/521 kB | 0.2/1.9 MB | 65/156 kB
Progress (4): 2.9/4.2 MB | 295/521 kB | 0.2/1.9 MB | 65/156 kB
Progress (4): 2.9/4.2 MB | 295/521 kB | 0.2/1.9 MB | 65/156 kB
Progress (4): 2.9/4.2 MB | 295/521 kB | 0.2/1.9 MB | 65/156 kB
Progress (4): 2.9/4.2 MB | 295/521 kB | 0.2/1.9 MB | 81/156 kB
Progress (4): 2.9/4.2 MB | 295/521 kB | 0.2/1.9 MB | 81/156 kB
Progress (4): 2.9/4.2 MB | 295/521 kB | 0.2/1.9 MB | 97/156 kB
Progress (4): 2.9/4.2 MB | 311/521 kB | 0.2/1.9 MB | 97/156 kB
Progress (4): 2.9/4.2 MB | 311/521 kB | 0.2/1.9 MB | 114/156 kB
Progress (4): 2.9/4.2 MB | 311/521 kB | 0.2/1.9 MB | 114/156 kB
Progress (4): 2.9/4.2 MB | 311/521 kB | 0.2/1.9 MB | 114/156 kB
Progress (4): 2.9/4.2 MB | 311/521 kB | 0.2/1.9 MB | 114/156 kB
Progress (4): 2.9/4.2 MB | 311/521 kB | 0.2/1.9 MB | 130/156 kB
Progress (4): 3.0/4.2 MB | 311/521 kB | 0.2/1.9 MB | 130/156 kB
Progress (4): 3.0/4.2 MB | 328/521 kB | 0.2/1.9 MB | 130/156 kB
Progress (4): 3.0/4.2 MB | 344/521 kB | 0.2/1.9 MB | 130/156 kB
Progress (4): 3.0/4.2 MB | 344/521 kB | 0.2/1.9 MB | 147/156 kB
Progress (4): 3.0/4.2 MB | 344/521 kB | 0.2/1.9 MB | 156 kB    
Progress (4): 3.0/4.2 MB | 344/521 kB | 0.2/1.9 MB | 156 kB
Progress (4): 3.0/4.2 MB | 360/521 kB | 0.2/1.9 MB | 156 kB
                                                           
Downloaded from central: https://repo.maven.apache.org/maven2/org/springframework/retry/spring-retry/2.0.9/spring-retry-2.0.9.jar (156 kB at 254 kB/s)
#15 7.774 Downloading from central: https://repo.maven.apache.org/maven2/com/fasterxml/jackson/dataformat/jackson-dataformat-toml/2.17.2/jackson-dataformat-toml-2.17.2.jar
#15 7.776 Progress (3): 3.0/4.2 MB | 377/521 kB | 0.2/1.9 MB
Progress (3): 3.0/4.2 MB | 377/521 kB | 0.2/1.9 MB
Progress (3): 3.0/4.2 MB | 393/521 kB | 0.2/1.9 MB
Progress (3): 3.0/4.2 MB | 410/521 kB | 0.2/1.9 MB
Progress (3): 3.0/4.2 MB | 410/521 kB | 0.2/1.9 MB
Progress (3): 3.0/4.2 MB | 410/521 kB | 0.2/1.9 MB
Progress (4): 3.0/4.2 MB | 410/521 kB | 0.2/1.9 MB | 4.1/697 kB
Progress (4): 3.0/4.2 MB | 410/521 kB | 0.2/1.9 MB | 4.1/697 kB
Progress (4): 3.0/4.2 MB | 426/521 kB | 0.2/1.9 MB | 4.1/697 kB
Progress (4): 3.0/4.2 MB | 426/521 kB | 0.2/1.9 MB | 12/697 kB 
Progress (4): 3.0/4.2 MB | 426/521 kB | 0.2/1.9 MB | 12/697 kB
Progress (4): 3.0/4.2 MB | 426/521 kB | 0.2/1.9 MB | 29/697 kB
Progress (4): 3.0/4.2 MB | 442/521 kB | 0.2/1.9 MB | 29/697 kB
Progress (4): 3.0/4.2 MB | 442/521 kB | 0.3/1.9 MB | 29/697 kB
Progress (4): 3.0/4.2 MB | 442/521 kB | 0.3/1.9 MB | 29/697 kB
Progress (4): 3.0/4.2 MB | 459/521 kB | 0.3/1.9 MB | 29/697 kB
Progress (4): 3.0/4.2 MB | 459/521 kB | 0.3/1.9 MB | 29/697 kB
Progress (4): 3.0/4.2 MB | 459/521 kB | 0.3/1.9 MB | 45/697 kB
Progress (4): 3.0/4.2 MB | 475/521 kB | 0.3/1.9 MB | 45/697 kB
Progress (4): 3.0/4.2 MB | 475/521 kB | 0.3/1.9 MB | 45/697 kB
Progress (4): 3.0/4.2 MB | 475/521 kB | 0.3/1.9 MB | 61/697 kB
Progress (4): 3.0/4.2 MB | 475/521 kB | 0.3/1.9 MB | 61/697 kB
Progress (4): 3.1/4.2 MB | 475/521 kB | 0.3/1.9 MB | 61/697 kB
Progress (4): 3.1/4.2 MB | 475/521 kB | 0.3/1.9 MB | 61/697 kB
Progress (4): 3.1/4.2 MB | 475/521 kB | 0.3/1.9 MB | 61/697 kB
Progress (4): 3.1/4.2 MB | 492/521 kB | 0.3/1.9 MB | 61/697 kB
Progress (4): 3.1/4.2 MB | 492/521 kB | 0.3/1.9 MB | 78/697 kB
Progress (4): 3.1/4.2 MB | 492/521 kB | 0.3/1.9 MB | 78/697 kB
Progress (4): 3.1/4.2 MB | 492/521 kB | 0.3/1.9 MB | 78/697 kB
Progress (4): 3.1/4.2 MB | 492/521 kB | 0.3/1.9 MB | 94/697 kB
Progress (4): 3.1/4.2 MB | 492/521 kB | 0.3/1.9 MB | 111/697 kB
Progress (4): 3.1/4.2 MB | 492/521 kB | 0.3/1.9 MB | 111/697 kB
Progress (4): 3.1/4.2 MB | 508/521 kB | 0.3/1.9 MB | 111/697 kB
Progress (4): 3.1/4.2 MB | 508/521 kB | 0.3/1.9 MB | 111/697 kB
Progress (4): 3.1/4.2 MB | 508/521 kB | 0.3/1.9 MB | 127/697 kB
Progress (4): 3.1/4.2 MB | 521 kB | 0.3/1.9 MB | 127/697 kB    
                                                           
Downloaded from central: https://repo.maven.apache.org/maven2/io/netty/netty-transport/4.1.113.Final/netty-transport-4.1.113.Final.jar (521 kB at 795 kB/s)
#15 7.815 Downloading from central: https://repo.maven.apache.org/maven2/com/fasterxml/jackson/dataformat/jackson-dataformat-yaml/2.17.2/jackson-dataformat-yaml-2.17.2.jar
#15 7.815 Progress (3): 3.1/4.2 MB | 0.4/1.9 MB | 127/697 kB
Progress (3): 3.1/4.2 MB | 0.4/1.9 MB | 127/697 kB
Progress (3): 3.1/4.2 MB | 0.4/1.9 MB | 127/697 kB
Progress (3): 3.1/4.2 MB | 0.4/1.9 MB | 143/697 kB
Progress (3): 3.2/4.2 MB | 0.4/1.9 MB | 143/697 kB
Progress (3): 3.2/4.2 MB | 0.4/1.9 MB | 143/697 kB
Progress (3): 3.2/4.2 MB | 0.4/1.9 MB | 160/697 kB
Progress (3): 3.2/4.2 MB | 0.4/1.9 MB | 176/697 kB
Progress (3): 3.2/4.2 MB | 0.4/1.9 MB | 176/697 kB
Progress (3): 3.2/4.2 MB | 0.4/1.9 MB | 176/697 kB
Progress (3): 3.2/4.2 MB | 0.4/1.9 MB | 176/697 kB
Progress (3): 3.2/4.2 MB | 0.4/1.9 MB | 193/697 kB
Progress (3): 3.2/4.2 MB | 0.4/1.9 MB | 193/697 kB
Progress (4): 3.2/4.2 MB | 0.4/1.9 MB | 193/697 kB | 3.2/56 kB
Progress (4): 3.2/4.2 MB | 0.4/1.9 MB | 193/697 kB | 3.2/56 kB
Progress (4): 3.2/4.2 MB | 0.4/1.9 MB | 209/697 kB | 3.2/56 kB
Progress (4): 3.2/4.2 MB | 0.4/1.9 MB | 209/697 kB | 3.2/56 kB
Progress (4): 3.2/4.2 MB | 0.4/1.9 MB | 225/697 kB | 3.2/56 kB
Progress (4): 3.2/4.2 MB | 0.4/1.9 MB | 225/697 kB | 20/56 kB 
Progress (4): 3.2/4.2 MB | 0.4/1.9 MB | 225/697 kB | 28/56 kB
Progress (4): 3.2/4.2 MB | 0.4/1.9 MB | 242/697 kB | 28/56 kB
Progress (4): 3.2/4.2 MB | 0.5/1.9 MB | 242/697 kB | 28/56 kB
Progress (4): 3.2/4.2 MB | 0.5/1.9 MB | 258/697 kB | 28/56 kB
Progress (4): 3.2/4.2 MB | 0.5/1.9 MB | 258/697 kB | 28/56 kB
Progress (4): 3.2/4.2 MB | 0.5/1.9 MB | 258/697 kB | 28/56 kB
Progress (4): 3.2/4.2 MB | 0.5/1.9 MB | 258/697 kB | 28/56 kB
Progress (4): 3.2/4.2 MB | 0.5/1.9 MB | 274/697 kB | 28/56 kB
Progress (4): 3.2/4.2 MB | 0.5/1.9 MB | 274/697 kB | 44/56 kB
Progress (4): 3.2/4.2 MB | 0.5/1.9 MB | 274/697 kB | 44/56 kB
Progress (4): 3.2/4.2 MB | 0.5/1.9 MB | 274/697 kB | 56 kB   
Progress (4): 3.3/4.2 MB | 0.5/1.9 MB | 274/697 kB | 56 kB
Progress (4): 3.3/4.2 MB | 0.5/1.9 MB | 291/697 kB | 56 kB
Progress (4): 3.3/4.2 MB | 0.5/1.9 MB | 291/697 kB | 56 kB
                                                          
Downloaded from central: https://repo.maven.apache.org/maven2/com/fasterxml/jackson/dataformat/jackson-dataformat-toml/2.17.2/jackson-dataformat-toml-2.17.2.jar (56 kB at 82 kB/s)
#15 7.846 Downloading from central: https://repo.maven.apache.org/maven2/com/squareup/okhttp3/okhttp/4.12.0/okhttp-4.12.0.jar
#15 7.849 Progress (3): 3.3/4.2 MB | 0.5/1.9 MB | 291/697 kB
Progress (3): 3.3/4.2 MB | 0.5/1.9 MB | 291/697 kB
Progress (3): 3.3/4.2 MB | 0.5/1.9 MB | 291/697 kB
Progress (3): 3.3/4.2 MB | 0.5/1.9 MB | 291/697 kB
Progress (3): 3.3/4.2 MB | 0.5/1.9 MB | 291/697 kB
Progress (3): 3.3/4.2 MB | 0.5/1.9 MB | 307/697 kB
Progress (3): 3.3/4.2 MB | 0.5/1.9 MB | 307/697 kB
Progress (3): 3.3/4.2 MB | 0.5/1.9 MB | 307/697 kB
Progress (4): 3.3/4.2 MB | 0.5/1.9 MB | 307/697 kB | 7.7/55 kB
Progress (4): 3.3/4.2 MB | 0.5/1.9 MB | 307/697 kB | 16/55 kB 
Progress (4): 3.3/4.2 MB | 0.5/1.9 MB | 307/697 kB | 24/55 kB
Progress (4): 3.3/4.2 MB | 0.6/1.9 MB | 307/697 kB | 24/55 kB
Progress (4): 3.3/4.2 MB | 0.6/1.9 MB | 307/697 kB | 24/55 kB
Progress (4): 3.3/4.2 MB | 0.6/1.9 MB | 307/697 kB | 24/55 kB
Progress (4): 3.3/4.2 MB | 0.6/1.9 MB | 307/697 kB | 24/55 kB
Progress (4): 3.3/4.2 MB | 0.6/1.9 MB | 324/697 kB | 24/55 kB
Progress (4): 3.3/4.2 MB | 0.6/1.9 MB | 324/697 kB | 24/55 kB
Progress (4): 3.3/4.2 MB | 0.6/1.9 MB | 324/697 kB | 40/55 kB
Progress (4): 3.3/4.2 MB | 0.6/1.9 MB | 324/697 kB | 40/55 kB
Progress (4): 3.3/4.2 MB | 0.6/1.9 MB | 324/697 kB | 40/55 kB
Progress (4): 3.4/4.2 MB | 0.6/1.9 MB | 324/697 kB | 40/55 kB
Progress (4): 3.4/4.2 MB | 0.6/1.9 MB | 324/697 kB | 40/55 kB
Progress (4): 3.4/4.2 MB | 0.6/1.9 MB | 324/697 kB | 55 kB   
Progress (4): 3.4/4.2 MB | 0.6/1.9 MB | 324/697 kB | 55 kB
Progress (4): 3.4/4.2 MB | 0.6/1.9 MB | 340/697 kB | 55 kB
                                                          
Downloaded from central: https://repo.maven.apache.org/maven2/com/fasterxml/jackson/dataformat/jackson-dataformat-yaml/2.17.2/jackson-dataformat-yaml-2.17.2.jar (55 kB at 78 kB/s)
#15 7.871 Progress (3): 3.4/4.2 MB | 0.6/1.9 MB | 340/697 kB
Progress (3): 3.4/4.2 MB | 0.6/1.9 MB | 340/697 kB
Progress (3): 3.4/4.2 MB | 0.6/1.9 MB | 340/697 kB
Progress (3): 3.4/4.2 MB | 0.6/1.9 MB | 356/697 kB
                                                  
Downloading from central: https://repo.maven.apache.org/maven2/com/squareup/okio/okio/3.6.0/okio-3.6.0.jar
#15 7.874 Progress (3): 3.4/4.2 MB | 0.7/1.9 MB | 356/697 kB
Progress (3): 3.4/4.2 MB | 0.7/1.9 MB | 356/697 kB
Progress (3): 3.4/4.2 MB | 0.7/1.9 MB | 373/697 kB
Progress (3): 3.4/4.2 MB | 0.7/1.9 MB | 373/697 kB
Progress (3): 3.4/4.2 MB | 0.7/1.9 MB | 373/697 kB
Progress (3): 3.4/4.2 MB | 0.7/1.9 MB | 373/697 kB
Progress (3): 3.4/4.2 MB | 0.7/1.9 MB | 373/697 kB
Progress (3): 3.4/4.2 MB | 0.7/1.9 MB | 373/697 kB
Progress (3): 3.5/4.2 MB | 0.7/1.9 MB | 373/697 kB
Progress (3): 3.5/4.2 MB | 0.7/1.9 MB | 389/697 kB
Progress (3): 3.5/4.2 MB | 0.7/1.9 MB | 389/697 kB
Progress (3): 3.5/4.2 MB | 0.8/1.9 MB | 389/697 kB
Progress (3): 3.5/4.2 MB | 0.8/1.9 MB | 389/697 kB
Progress (3): 3.5/4.2 MB | 0.8/1.9 MB | 405/697 kB
Progress (3): 3.5/4.2 MB | 0.8/1.9 MB | 405/697 kB
Progress (3): 3.5/4.2 MB | 0.8/1.9 MB | 405/697 kB
Progress (3): 3.5/4.2 MB | 0.8/1.9 MB | 422/697 kB
Progress (3): 3.5/4.2 MB | 0.8/1.9 MB | 422/697 kB
Progress (3): 3.5/4.2 MB | 0.8/1.9 MB | 438/697 kB
Progress (3): 3.5/4.2 MB | 0.8/1.9 MB | 455/697 kB
Progress (3): 3.5/4.2 MB | 0.8/1.9 MB | 455/697 kB
Progress (3): 3.5/4.2 MB | 0.8/1.9 MB | 455/697 kB
Progress (4): 3.5/4.2 MB | 0.8/1.9 MB | 455/697 kB | 7.2/790 kB
Progress (4): 3.5/4.2 MB | 0.8/1.9 MB | 471/697 kB | 7.2/790 kB
Progress (4): 3.5/4.2 MB | 0.8/1.9 MB | 471/697 kB | 7.2/790 kB
Progress (4): 3.5/4.2 MB | 0.8/1.9 MB | 471/697 kB | 7.2/790 kB
Progress (4): 3.5/4.2 MB | 0.8/1.9 MB | 471/697 kB | 24/790 kB 
Progress (4): 3.5/4.2 MB | 0.8/1.9 MB | 487/697 kB | 24/790 kB
Progress (4): 3.5/4.2 MB | 0.8/1.9 MB | 487/697 kB | 32/790 kB
Progress (4): 3.5/4.2 MB | 0.9/1.9 MB | 487/697 kB | 32/790 kB
Progress (4): 3.5/4.2 MB | 0.9/1.9 MB | 487/697 kB | 32/790 kB
Progress (4): 3.5/4.2 MB | 0.9/1.9 MB | 504/697 kB | 32/790 kB
Progress (4): 3.5/4.2 MB | 0.9/1.9 MB | 504/697 kB | 32/790 kB
Progress (4): 3.5/4.2 MB | 0.9/1.9 MB | 504/697 kB | 48/790 kB
Progress (4): 3.5/4.2 MB | 0.9/1.9 MB | 504/697 kB | 53/790 kB
Progress (4): 3.5/4.2 MB | 0.9/1.9 MB | 520/697 kB | 53/790 kB
Progress (4): 3.6/4.2 MB | 0.9/1.9 MB | 520/697 kB | 53/790 kB
Progress (4): 3.6/4.2 MB | 0.9/1.9 MB | 537/697 kB | 53/790 kB
Progress (4): 3.6/4.2 MB | 0.9/1.9 MB | 537/697 kB | 65/790 kB
Progress (4): 3.6/4.2 MB | 0.9/1.9 MB | 537/697 kB | 65/790 kB
Progress (4): 3.6/4.2 MB | 0.9/1.9 MB | 537/697 kB | 65/790 kB
Progress (4): 3.6/4.2 MB | 0.9/1.9 MB | 537/697 kB | 65/790 kB
Progress (4): 3.6/4.2 MB | 0.9/1.9 MB | 553/697 kB | 65/790 kB
Progress (4): 3.6/4.2 MB | 0.9/1.9 MB | 553/697 kB | 81/790 kB
Progress (4): 3.6/4.2 MB | 0.9/1.9 MB | 553/697 kB | 81/790 kB
Progress (4): 3.6/4.2 MB | 0.9/1.9 MB | 553/697 kB | 81/790 kB
Progress (4): 3.6/4.2 MB | 0.9/1.9 MB | 553/697 kB | 81/790 kB
Progress (4): 3.6/4.2 MB | 0.9/1.9 MB | 553/697 kB | 81/790 kB
Progress (4): 3.6/4.2 MB | 0.9/1.9 MB | 553/697 kB | 81/790 kB
Progress (4): 3.6/4.2 MB | 0.9/1.9 MB | 553/697 kB | 81/790 kB
Progress (4): 3.6/4.2 MB | 0.9/1.9 MB | 569/697 kB | 81/790 kB
Progress (4): 3.6/4.2 MB | 0.9/1.9 MB | 569/697 kB | 81/790 kB
Progress (4): 3.6/4.2 MB | 0.9/1.9 MB | 586/697 kB | 81/790 kB
Progress (4): 3.7/4.2 MB | 0.9/1.9 MB | 586/697 kB | 81/790 kB
Progress (5): 3.7/4.2 MB | 0.9/1.9 MB | 586/697 kB | 81/790 kB | 7.7/26 kB
Progress (5): 3.7/4.2 MB | 0.9/1.9 MB | 586/697 kB | 81/790 kB | 8.2/26 kB
Progress (5): 3.7/4.2 MB | 0.9/1.9 MB | 586/697 kB | 81/790 kB | 8.2/26 kB
Progress (5): 3.7/4.2 MB | 0.9/1.9 MB | 586/697 kB | 81/790 kB | 8.2/26 kB
Progress (5): 3.7/4.2 MB | 0.9/1.9 MB | 586/697 kB | 97/790 kB | 8.2/26 kB
Progress (5): 3.7/4.2 MB | 1.0/1.9 MB | 586/697 kB | 97/790 kB | 8.2/26 kB
Progress (5): 3.7/4.2 MB | 1.0/1.9 MB | 586/697 kB | 97/790 kB | 8.2/26 kB
Progress (5): 3.7/4.2 MB | 1.0/1.9 MB | 602/697 kB | 97/790 kB | 8.2/26 kB
Progress (5): 3.7/4.2 MB | 1.0/1.9 MB | 602/697 kB | 114/790 kB | 8.2/26 kB
Progress (5): 3.7/4.2 MB | 1.0/1.9 MB | 618/697 kB | 114/790 kB | 8.2/26 kB
Progress (5): 3.7/4.2 MB | 1.0/1.9 MB | 618/697 kB | 130/790 kB | 8.2/26 kB
Progress (5): 3.7/4.2 MB | 1.0/1.9 MB | 618/697 kB | 147/790 kB | 8.2/26 kB
Progress (5): 3.7/4.2 MB | 1.0/1.9 MB | 618/697 kB | 163/790 kB | 8.2/26 kB
Progress (5): 3.7/4.2 MB | 1.0/1.9 MB | 618/697 kB | 163/790 kB | 25/26 kB 
Progress (5): 3.7/4.2 MB | 1.0/1.9 MB | 618/697 kB | 163/790 kB | 26 kB   
Progress (5): 3.7/4.2 MB | 1.0/1.9 MB | 618/697 kB | 179/790 kB | 26 kB
Progress (5): 3.7/4.2 MB | 1.0/1.9 MB | 618/697 kB | 179/790 kB | 26 kB
                                                                       
Downloaded from central: https://repo.maven.apache.org/maven2/com/squareup/okio/okio/3.6.0/okio-3.6.0.jar (26 kB at 34 kB/s)
#15 7.931 Downloading from central: https://repo.maven.apache.org/maven2/com/squareup/okio/okio-jvm/3.6.0/okio-jvm-3.6.0.jar
#15 7.931 Progress (4): 3.7/4.2 MB | 1.0/1.9 MB | 618/697 kB | 179/790 kB
Progress (4): 3.7/4.2 MB | 1.0/1.9 MB | 635/697 kB | 179/790 kB
Progress (4): 3.7/4.2 MB | 1.0/1.9 MB | 635/697 kB | 179/790 kB
Progress (4): 3.7/4.2 MB | 1.0/1.9 MB | 651/697 kB | 179/790 kB
Progress (4): 3.7/4.2 MB | 1.0/1.9 MB | 651/697 kB | 179/790 kB
Progress (4): 3.7/4.2 MB | 1.0/1.9 MB | 651/697 kB | 196/790 kB
Progress (4): 3.7/4.2 MB | 1.0/1.9 MB | 651/697 kB | 196/790 kB
Progress (4): 3.7/4.2 MB | 1.0/1.9 MB | 668/697 kB | 196/790 kB
Progress (4): 3.7/4.2 MB | 1.0/1.9 MB | 668/697 kB | 196/790 kB
Progress (4): 3.7/4.2 MB | 1.1/1.9 MB | 668/697 kB | 196/790 kB
Progress (4): 3.7/4.2 MB | 1.1/1.9 MB | 684/697 kB | 196/790 kB
Progress (4): 3.7/4.2 MB | 1.1/1.9 MB | 684/697 kB | 196/790 kB
Progress (4): 3.7/4.2 MB | 1.1/1.9 MB | 697 kB | 196/790 kB    
Progress (4): 3.7/4.2 MB | 1.1/1.9 MB | 697 kB | 196/790 kB
Progress (4): 3.7/4.2 MB | 1.1/1.9 MB | 697 kB | 212/790 kB
                                                           
Downloaded from central: https://repo.maven.apache.org/maven2/com/rabbitmq/amqp-client/5.21.0/amqp-client-5.21.0.jar (697 kB at 889 kB/s)
#15 7.946 Downloading from central: https://repo.maven.apache.org/maven2/org/jetbrains/kotlin/kotlin-stdlib-common/1.9.25/kotlin-stdlib-common-1.9.25.jar
#15 7.949 Progress (3): 3.8/4.2 MB | 1.1/1.9 MB | 212/790 kB
Progress (3): 3.8/4.2 MB | 1.1/1.9 MB | 228/790 kB
Progress (3): 3.8/4.2 MB | 1.1/1.9 MB | 228/790 kB
Progress (3): 3.8/4.2 MB | 1.1/1.9 MB | 245/790 kB
Progress (3): 3.8/4.2 MB | 1.1/1.9 MB | 245/790 kB
Progress (3): 3.8/4.2 MB | 1.1/1.9 MB | 261/790 kB
Progress (3): 3.8/4.2 MB | 1.1/1.9 MB | 261/790 kB
Progress (3): 3.8/4.2 MB | 1.1/1.9 MB | 261/790 kB
Progress (3): 3.8/4.2 MB | 1.1/1.9 MB | 261/790 kB
Progress (3): 3.8/4.2 MB | 1.1/1.9 MB | 261/790 kB
Progress (3): 3.8/4.2 MB | 1.1/1.9 MB | 278/790 kB
Progress (3): 3.8/4.2 MB | 1.1/1.9 MB | 278/790 kB
Progress (3): 3.8/4.2 MB | 1.1/1.9 MB | 278/790 kB
Progress (3): 3.8/4.2 MB | 1.1/1.9 MB | 294/790 kB
Progress (3): 3.8/4.2 MB | 1.2/1.9 MB | 294/790 kB
Progress (3): 3.8/4.2 MB | 1.2/1.9 MB | 294/790 kB
Progress (3): 3.8/4.2 MB | 1.2/1.9 MB | 310/790 kB
Progress (3): 3.8/4.2 MB | 1.2/1.9 MB | 310/790 kB
Progress (3): 3.8/4.2 MB | 1.2/1.9 MB | 310/790 kB
Progress (3): 3.8/4.2 MB | 1.2/1.9 MB | 327/790 kB
Progress (3): 3.8/4.2 MB | 1.2/1.9 MB | 327/790 kB
Progress (3): 3.9/4.2 MB | 1.2/1.9 MB | 327/790 kB
Progress (3): 3.9/4.2 MB | 1.2/1.9 MB | 327/790 kB
Progress (3): 3.9/4.2 MB | 1.2/1.9 MB | 327/790 kB
Progress (3): 3.9/4.2 MB | 1.2/1.9 MB | 343/790 kB
Progress (3): 3.9/4.2 MB | 1.2/1.9 MB | 343/790 kB
Progress (3): 3.9/4.2 MB | 1.2/1.9 MB | 343/790 kB
Progress (3): 3.9/4.2 MB | 1.2/1.9 MB | 359/790 kB
Progress (3): 3.9/4.2 MB | 1.3/1.9 MB | 359/790 kB
Progress (3): 3.9/4.2 MB | 1.3/1.9 MB | 376/790 kB
Progress (3): 3.9/4.2 MB | 1.3/1.9 MB | 376/790 kB
Progress (3): 3.9/4.2 MB | 1.3/1.9 MB | 392/790 kB
Progress (3): 3.9/4.2 MB | 1.3/1.9 MB | 392/790 kB
Progress (3): 3.9/4.2 MB | 1.3/1.9 MB | 392/790 kB
Progress (3): 3.9/4.2 MB | 1.3/1.9 MB | 409/790 kB
Progress (3): 3.9/4.2 MB | 1.3/1.9 MB | 409/790 kB
Progress (3): 3.9/4.2 MB | 1.3/1.9 MB | 409/790 kB
Progress (3): 3.9/4.2 MB | 1.3/1.9 MB | 409/790 kB
Progress (3): 3.9/4.2 MB | 1.3/1.9 MB | 425/790 kB
Progress (3): 3.9/4.2 MB | 1.3/1.9 MB | 425/790 kB
Progress (3): 3.9/4.2 MB | 1.3/1.9 MB | 425/790 kB
Progress (3): 3.9/4.2 MB | 1.3/1.9 MB | 441/790 kB
Progress (3): 3.9/4.2 MB | 1.3/1.9 MB | 441/790 kB
Progress (3): 3.9/4.2 MB | 1.3/1.9 MB | 458/790 kB
Progress (4): 3.9/4.2 MB | 1.3/1.9 MB | 458/790 kB | 3.2/360 kB
Progress (4): 3.9/4.2 MB | 1.4/1.9 MB | 458/790 kB | 3.2/360 kB
Progress (4): 4.0/4.2 MB | 1.4/1.9 MB | 458/790 kB | 3.2/360 kB
Progress (4): 4.0/4.2 MB | 1.4/1.9 MB | 458/790 kB | 3.2/360 kB
Progress (4): 4.0/4.2 MB | 1.4/1.9 MB | 458/790 kB | 11/360 kB 
Progress (4): 4.0/4.2 MB | 1.4/1.9 MB | 458/790 kB | 11/360 kB
Progress (4): 4.0/4.2 MB | 1.4/1.9 MB | 458/790 kB | 11/360 kB
Progress (4): 4.0/4.2 MB | 1.4/1.9 MB | 474/790 kB | 11/360 kB
Progress (5): 4.0/4.2 MB | 1.4/1.9 MB | 474/790 kB | 11/360 kB | 7.7/227 kB
Progress (5): 4.0/4.2 MB | 1.4/1.9 MB | 474/790 kB | 11/360 kB | 16/227 kB 
Progress (5): 4.0/4.2 MB | 1.4/1.9 MB | 474/790 kB | 11/360 kB | 24/227 kB
Progress (5): 4.0/4.2 MB | 1.4/1.9 MB | 491/790 kB | 11/360 kB | 24/227 kB
Progress (5): 4.0/4.2 MB | 1.4/1.9 MB | 491/790 kB | 11/360 kB | 40/227 kB
Progress (5): 4.0/4.2 MB | 1.4/1.9 MB | 491/790 kB | 11/360 kB | 40/227 kB
Progress (5): 4.0/4.2 MB | 1.4/1.9 MB | 507/790 kB | 11/360 kB | 40/227 kB
Progress (5): 4.0/4.2 MB | 1.4/1.9 MB | 507/790 kB | 28/360 kB | 40/227 kB
Progress (5): 4.0/4.2 MB | 1.4/1.9 MB | 507/790 kB | 28/360 kB | 40/227 kB
Progress (5): 4.0/4.2 MB | 1.4/1.9 MB | 507/790 kB | 28/360 kB | 40/227 kB
Progress (5): 4.0/4.2 MB | 1.4/1.9 MB | 507/790 kB | 28/360 kB | 40/227 kB
Progress (5): 4.0/4.2 MB | 1.4/1.9 MB | 507/790 kB | 28/360 kB | 57/227 kB
Progress (5): 4.0/4.2 MB | 1.4/1.9 MB | 507/790 kB | 28/360 kB | 57/227 kB
Progress (5): 4.0/4.2 MB | 1.4/1.9 MB | 523/790 kB | 28/360 kB | 57/227 kB
Progress (5): 4.0/4.2 MB | 1.4/1.9 MB | 523/790 kB | 28/360 kB | 57/227 kB
Progress (5): 4.0/4.2 MB | 1.4/1.9 MB | 523/790 kB | 28/360 kB | 73/227 kB
Progress (5): 4.0/4.2 MB | 1.4/1.9 MB | 523/790 kB | 28/360 kB | 73/227 kB
Progress (5): 4.0/4.2 MB | 1.4/1.9 MB | 523/790 kB | 44/360 kB | 73/227 kB
Progress (5): 4.0/4.2 MB | 1.4/1.9 MB | 523/790 kB | 44/360 kB | 73/227 kB
Progress (5): 4.0/4.2 MB | 1.5/1.9 MB | 523/790 kB | 44/360 kB | 73/227 kB
Progress (5): 4.0/4.2 MB | 1.5/1.9 MB | 523/790 kB | 44/360 kB | 90/227 kB
Progress (5): 4.0/4.2 MB | 1.5/1.9 MB | 523/790 kB | 61/360 kB | 90/227 kB
Progress (5): 4.1/4.2 MB | 1.5/1.9 MB | 523/790 kB | 61/360 kB | 90/227 kB
Progress (5): 4.1/4.2 MB | 1.5/1.9 MB | 540/790 kB | 61/360 kB | 90/227 kB
Progress (5): 4.1/4.2 MB | 1.5/1.9 MB | 540/790 kB | 61/360 kB | 106/227 kB
Progress (5): 4.1/4.2 MB | 1.5/1.9 MB | 540/790 kB | 77/360 kB | 106/227 kB
Progress (5): 4.1/4.2 MB | 1.5/1.9 MB | 540/790 kB | 93/360 kB | 106/227 kB
Progress (5): 4.1/4.2 MB | 1.5/1.9 MB | 540/790 kB | 93/360 kB | 106/227 kB
Progress (5): 4.1/4.2 MB | 1.5/1.9 MB | 540/790 kB | 93/360 kB | 106/227 kB
Progress (5): 4.1/4.2 MB | 1.5/1.9 MB | 540/790 kB | 93/360 kB | 122/227 kB
Progress (5): 4.1/4.2 MB | 1.5/1.9 MB | 540/790 kB | 93/360 kB | 122/227 kB
Progress (5): 4.1/4.2 MB | 1.5/1.9 MB | 556/790 kB | 93/360 kB | 122/227 kB
Progress (5): 4.1/4.2 MB | 1.5/1.9 MB | 556/790 kB | 93/360 kB | 122/227 kB
Progress (5): 4.1/4.2 MB | 1.5/1.9 MB | 556/790 kB | 93/360 kB | 139/227 kB
Progress (5): 4.1/4.2 MB | 1.5/1.9 MB | 556/790 kB | 93/360 kB | 139/227 kB
Progress (5): 4.1/4.2 MB | 1.5/1.9 MB | 556/790 kB | 110/360 kB | 139/227 kB
Progress (5): 4.1/4.2 MB | 1.5/1.9 MB | 556/790 kB | 126/360 kB | 139/227 kB
Progress (5): 4.1/4.2 MB | 1.5/1.9 MB | 556/790 kB | 126/360 kB | 139/227 kB
Progress (5): 4.1/4.2 MB | 1.5/1.9 MB | 556/790 kB | 126/360 kB | 139/227 kB
Progress (5): 4.1/4.2 MB | 1.5/1.9 MB | 556/790 kB | 142/360 kB | 139/227 kB
Progress (5): 4.1/4.2 MB | 1.5/1.9 MB | 572/790 kB | 142/360 kB | 139/227 kB
Progress (5): 4.1/4.2 MB | 1.5/1.9 MB | 572/790 kB | 159/360 kB | 139/227 kB
Progress (5): 4.1/4.2 MB | 1.5/1.9 MB | 572/790 kB | 159/360 kB | 155/227 kB
Progress (5): 4.1/4.2 MB | 1.5/1.9 MB | 572/790 kB | 159/360 kB | 172/227 kB
Progress (5): 4.1/4.2 MB | 1.5/1.9 MB | 572/790 kB | 159/360 kB | 172/227 kB
Progress (5): 4.1/4.2 MB | 1.5/1.9 MB | 572/790 kB | 159/360 kB | 172/227 kB
Progress (5): 4.1/4.2 MB | 1.5/1.9 MB | 572/790 kB | 159/360 kB | 188/227 kB
Progress (5): 4.1/4.2 MB | 1.5/1.9 MB | 572/790 kB | 175/360 kB | 188/227 kB
Progress (5): 4.1/4.2 MB | 1.5/1.9 MB | 589/790 kB | 175/360 kB | 188/227 kB
Progress (5): 4.1/4.2 MB | 1.5/1.9 MB | 589/790 kB | 192/360 kB | 188/227 kB
Progress (5): 4.1/4.2 MB | 1.5/1.9 MB | 589/790 kB | 192/360 kB | 204/227 kB
Progress (5): 4.1/4.2 MB | 1.5/1.9 MB | 605/790 kB | 192/360 kB | 204/227 kB
Progress (5): 4.1/4.2 MB | 1.6/1.9 MB | 605/790 kB | 192/360 kB | 204/227 kB
Progress (5): 4.1/4.2 MB | 1.6/1.9 MB | 605/790 kB | 208/360 kB | 204/227 kB
Progress (5): 4.1/4.2 MB | 1.6/1.9 MB | 605/790 kB | 208/360 kB | 221/227 kB
Progress (5): 4.1/4.2 MB | 1.6/1.9 MB | 605/790 kB | 208/360 kB | 227 kB    
Progress (5): 4.1/4.2 MB | 1.6/1.9 MB | 605/790 kB | 224/360 kB | 227 kB
Progress (5): 4.1/4.2 MB | 1.6/1.9 MB | 605/790 kB | 224/360 kB | 227 kB
Progress (5): 4.1/4.2 MB | 1.6/1.9 MB | 605/790 kB | 233/360 kB | 227 kB
Progress (5): 4.1/4.2 MB | 1.6/1.9 MB | 605/790 kB | 233/360 kB | 227 kB
Progress (5): 4.1/4.2 MB | 1.6/1.9 MB | 605/790 kB | 233/360 kB | 227 kB
                                                                        
Downloaded from central: https://repo.maven.apache.org/maven2/org/jetbrains/kotlin/kotlin-stdlib-common/1.9.25/kotlin-stdlib-common-1.9.25.jar (227 kB at 261 kB/s)
#15 8.035 Downloading from central: https://repo.maven.apache.org/maven2/org/jetbrains/kotlin/kotlin-stdlib-jdk8/1.9.25/kotlin-stdlib-jdk8-1.9.25.jar
#15 8.035 Progress (4): 4.1/4.2 MB | 1.6/1.9 MB | 605/790 kB | 233/360 kB
Progress (4): 4.1/4.2 MB | 1.6/1.9 MB | 605/790 kB | 249/360 kB
Progress (4): 4.1/4.2 MB | 1.6/1.9 MB | 605/790 kB | 265/360 kB
Progress (4): 4.1/4.2 MB | 1.6/1.9 MB | 622/790 kB | 265/360 kB
Progress (4): 4.1/4.2 MB | 1.6/1.9 MB | 622/790 kB | 265/360 kB
Progress (4): 4.2/4.2 MB | 1.6/1.9 MB | 622/790 kB | 265/360 kB
Progress (4): 4.2/4.2 MB | 1.6/1.9 MB | 622/790 kB | 282/360 kB
Progress (4): 4.2/4.2 MB | 1.6/1.9 MB | 622/790 kB | 282/360 kB
Progress (4): 4.2/4.2 MB | 1.6/1.9 MB | 622/790 kB | 298/360 kB
Progress (4): 4.2/4.2 MB | 1.6/1.9 MB | 622/790 kB | 298/360 kB
Progress (4): 4.2/4.2 MB | 1.6/1.9 MB | 622/790 kB | 298/360 kB
Progress (4): 4.2/4.2 MB | 1.6/1.9 MB | 638/790 kB | 298/360 kB
Progress (4): 4.2/4.2 MB | 1.7/1.9 MB | 638/790 kB | 298/360 kB
Progress (4): 4.2/4.2 MB | 1.7/1.9 MB | 638/790 kB | 298/360 kB
Progress (4): 4.2/4.2 MB | 1.7/1.9 MB | 638/790 kB | 314/360 kB
Progress (4): 4.2/4.2 MB | 1.7/1.9 MB | 654/790 kB | 314/360 kB
Progress (4): 4.2/4.2 MB | 1.7/1.9 MB | 654/790 kB | 314/360 kB
Progress (4): 4.2/4.2 MB | 1.7/1.9 MB | 654/790 kB | 331/360 kB
Progress (4): 4.2/4.2 MB | 1.7/1.9 MB | 654/790 kB | 347/360 kB
Progress (4): 4.2/4.2 MB | 1.7/1.9 MB | 671/790 kB | 347/360 kB
Progress (4): 4.2/4.2 MB | 1.7/1.9 MB | 671/790 kB | 347/360 kB
Progress (4): 4.2/4.2 MB | 1.7/1.9 MB | 671/790 kB | 347/360 kB
Progress (4): 4.2 MB | 1.7/1.9 MB | 671/790 kB | 347/360 kB    
Progress (4): 4.2 MB | 1.7/1.9 MB | 671/790 kB | 360 kB    
Progress (4): 4.2 MB | 1.7/1.9 MB | 687/790 kB | 360 kB
                                                       
Downloaded from central: https://repo.maven.apache.org/maven2/com/squareup/okio/okio-jvm/3.6.0/okio-jvm-3.6.0.jar (360 kB at 402 kB/s)
#15 8.056 Downloading from central: https://repo.maven.apache.org/maven2/org/jetbrains/kotlin/kotlin-stdlib/1.9.25/kotlin-stdlib-1.9.25.jar
#15 8.057 Progress (3): 4.2 MB | 1.7/1.9 MB | 687/790 kB
Progress (3): 4.2 MB | 1.7/1.9 MB | 704/790 kB
                                              
Downloaded from central: https://repo.maven.apache.org/maven2/net/bytebuddy/byte-buddy/1.14.19/byte-buddy-1.14.19.jar (4.2 MB at 4.6 MB/s)
#15 8.059 Downloading from central: https://repo.maven.apache.org/maven2/org/jetbrains/kotlin/kotlin-stdlib-jdk7/1.9.25/kotlin-stdlib-jdk7-1.9.25.jar
#15 8.062 Progress (2): 1.7/1.9 MB | 720/790 kB
Progress (2): 1.7/1.9 MB | 736/790 kB
Progress (2): 1.7/1.9 MB | 753/790 kB
Progress (2): 1.7/1.9 MB | 753/790 kB
Progress (2): 1.7/1.9 MB | 753/790 kB
Progress (2): 1.7/1.9 MB | 769/790 kB
Progress (2): 1.7/1.9 MB | 769/790 kB
Progress (2): 1.7/1.9 MB | 769/790 kB
Progress (2): 1.8/1.9 MB | 769/790 kB
Progress (2): 1.8/1.9 MB | 785/790 kB
Progress (2): 1.8/1.9 MB | 790 kB    
Progress (2): 1.8/1.9 MB | 790 kB
Progress (3): 1.8/1.9 MB | 790 kB | 967 B
Progress (3): 1.8/1.9 MB | 790 kB | 967 B
                                         
Downloaded from central: https://repo.maven.apache.org/maven2/com/squareup/okhttp3/okhttp/4.12.0/okhttp-4.12.0.jar (790 kB at 870 kB/s)
#15 8.069 Downloading from central: https://repo.maven.apache.org/maven2/com/squareup/okhttp3/logging-interceptor/4.12.0/logging-interceptor-4.12.0.jar
#15 8.070 Downloaded from central: https://repo.maven.apache.org/maven2/org/jetbrains/kotlin/kotlin-stdlib-jdk8/1.9.25/kotlin-stdlib-jdk8-1.9.25.jar (967 B at 1.1 kB/s)
#15 8.070 Downloading from central: https://repo.maven.apache.org/maven2/org/apache/httpcomponents/httpcore/4.4.16/httpcore-4.4.16.jar
#15 8.070 Progress (1): 1.8/1.9 MB
Progress (1): 1.8/1.9 MB
Progress (1): 1.8/1.9 MB
Progress (1): 1.9/1.9 MB
Progress (1): 1.9 MB    
                    
Downloaded from central: https://repo.maven.apache.org/maven2/io/projectreactor/reactor-core/3.6.10/reactor-core-3.6.10.jar (1.9 MB at 2.0 MB/s)
#15 8.079 Downloading from central: https://repo.maven.apache.org/maven2/net/bytebuddy/byte-buddy-agent/1.14.19/byte-buddy-agent-1.14.19.jar
#15 8.101 Progress (1): 0/1.7 MB
Progress (1): 0/1.7 MB
Progress (1): 0/1.7 MB
Progress (1): 0/1.7 MB
Progress (2): 0/1.7 MB | 7.7/16 kB
Progress (2): 0/1.7 MB | 11/16 kB 
Progress (2): 0.1/1.7 MB | 11/16 kB
Progress (2): 0.1/1.7 MB | 16 kB   
Progress (2): 0.1/1.7 MB | 16 kB
                                
Downloaded from central: https://repo.maven.apache.org/maven2/com/squareup/okhttp3/logging-interceptor/4.12.0/logging-interceptor-4.12.0.jar (16 kB at 17 kB/s)
#15 8.106 Downloading from central: https://repo.maven.apache.org/maven2/org/hamcrest/hamcrest-core/2.2/hamcrest-core-2.2.jar
#15 8.108 Progress (2): 0.1/1.7 MB | 961 B
Progress (2): 0.1/1.7 MB | 961 B
Progress (2): 0.1/1.7 MB | 961 B
                                
Downloaded from central: https://repo.maven.apache.org/maven2/org/jetbrains/kotlin/kotlin-stdlib-jdk7/1.9.25/kotlin-stdlib-jdk7-1.9.25.jar (961 B at 1.0 kB/s)
#15 8.111 Progress (1): 0.1/1.7 MB
Progress (1): 0.1/1.7 MB
Progress (1): 0.2/1.7 MB
Progress (1): 0.2/1.7 MB
Progress (1): 0.2/1.7 MB
Progress (1): 0.2/1.7 MB
Progress (1): 0.2/1.7 MB
Progress (1): 0.2/1.7 MB
Progress (1): 0.2/1.7 MB
Progress (1): 0.2/1.7 MB
Progress (1): 0.3/1.7 MB
Progress (1): 0.3/1.7 MB
Progress (2): 0.3/1.7 MB | 7.7/328 kB
Progress (2): 0.3/1.7 MB | 16/328 kB 
Progress (2): 0.3/1.7 MB | 16/328 kB
Progress (2): 0.3/1.7 MB | 28/328 kB
Progress (2): 0.3/1.7 MB | 44/328 kB
Progress (2): 0.3/1.7 MB | 61/328 kB
Progress (2): 0.3/1.7 MB | 77/328 kB
Progress (2): 0.3/1.7 MB | 77/328 kB
Progress (3): 0.3/1.7 MB | 77/328 kB | 7.7/263 kB
Progress (3): 0.3/1.7 MB | 77/328 kB | 11/263 kB 
Progress (3): 0.3/1.7 MB | 77/328 kB | 11/263 kB
Progress (3): 0.3/1.7 MB | 77/328 kB | 28/263 kB
Progress (3): 0.3/1.7 MB | 77/328 kB | 28/263 kB
Progress (3): 0.3/1.7 MB | 93/328 kB | 28/263 kB
Progress (3): 0.3/1.7 MB | 93/328 kB | 44/263 kB
Progress (3): 0.4/1.7 MB | 93/328 kB | 44/263 kB
Progress (3): 0.4/1.7 MB | 93/328 kB | 61/263 kB
Progress (3): 0.4/1.7 MB | 110/328 kB | 61/263 kB
Progress (3): 0.4/1.7 MB | 110/328 kB | 61/263 kB
Progress (3): 0.4/1.7 MB | 110/328 kB | 77/263 kB
Progress (3): 0.4/1.7 MB | 110/328 kB | 93/263 kB
Progress (3): 0.4/1.7 MB | 126/328 kB | 93/263 kB
Progress (3): 0.4/1.7 MB | 126/328 kB | 110/263 kB
Progress (3): 0.4/1.7 MB | 142/328 kB | 110/263 kB
Progress (3): 0.4/1.7 MB | 159/328 kB | 110/263 kB
Progress (3): 0.4/1.7 MB | 159/328 kB | 110/263 kB
Progress (3): 0.4/1.7 MB | 175/328 kB | 110/263 kB
Progress (3): 0.4/1.7 MB | 175/328 kB | 126/263 kB
Progress (3): 0.4/1.7 MB | 175/328 kB | 126/263 kB
Progress (3): 0.4/1.7 MB | 175/328 kB | 126/263 kB
Progress (3): 0.4/1.7 MB | 192/328 kB | 126/263 kB
Progress (3): 0.4/1.7 MB | 192/328 kB | 142/263 kB
Progress (3): 0.4/1.7 MB | 208/328 kB | 142/263 kB
Progress (3): 0.4/1.7 MB | 208/328 kB | 159/263 kB
Progress (3): 0.4/1.7 MB | 208/328 kB | 159/263 kB
Progress (3): 0.4/1.7 MB | 208/328 kB | 175/263 kB
Progress (3): 0.4/1.7 MB | 208/328 kB | 175/263 kB
Progress (3): 0.4/1.7 MB | 208/328 kB | 175/263 kB
Progress (3): 0.4/1.7 MB | 208/328 kB | 192/263 kB
Progress (3): 0.4/1.7 MB | 208/328 kB | 192/263 kB
Progress (3): 0.4/1.7 MB | 208/328 kB | 208/263 kB
Progress (3): 0.4/1.7 MB | 224/328 kB | 208/263 kB
Progress (3): 0.4/1.7 MB | 241/328 kB | 208/263 kB
Progress (3): 0.4/1.7 MB | 241/328 kB | 224/263 kB
Progress (3): 0.4/1.7 MB | 241/328 kB | 241/263 kB
Progress (3): 0.5/1.7 MB | 241/328 kB | 241/263 kB
Progress (3): 0.5/1.7 MB | 241/328 kB | 257/263 kB
Progress (3): 0.5/1.7 MB | 241/328 kB | 263 kB    
Progress (3): 0.5/1.7 MB | 257/328 kB | 263 kB
Progress (3): 0.5/1.7 MB | 257/328 kB | 263 kB
                                              
Downloaded from central: https://repo.maven.apache.org/maven2/net/bytebuddy/byte-buddy-agent/1.14.19/byte-buddy-agent-1.14.19.jar (263 kB at 263 kB/s)
#15 8.166 Progress (2): 0.5/1.7 MB | 257/328 kB
Progress (2): 0.5/1.7 MB | 273/328 kB
Progress (2): 0.5/1.7 MB | 290/328 kB
Progress (2): 0.5/1.7 MB | 290/328 kB
Progress (2): 0.5/1.7 MB | 306/328 kB
Progress (2): 0.5/1.7 MB | 323/328 kB
Progress (2): 0.5/1.7 MB | 328 kB    
Progress (2): 0.5/1.7 MB | 328 kB
                                 
Downloaded from central: https://repo.maven.apache.org/maven2/org/apache/httpcomponents/httpcore/4.4.16/httpcore-4.4.16.jar (328 kB at 324 kB/s)
#15 8.176 Progress (1): 0.5/1.7 MB
Progress (1): 0.6/1.7 MB
Progress (1): 0.6/1.7 MB
Progress (2): 0.6/1.7 MB | 1.5 kB
                                 
Downloaded from central: https://repo.maven.apache.org/maven2/org/hamcrest/hamcrest-core/2.2/hamcrest-core-2.2.jar (1.5 kB at 1.5 kB/s)
#15 8.181 Progress (1): 0.6/1.7 MB
Progress (1): 0.6/1.7 MB
Progress (1): 0.6/1.7 MB
Progress (1): 0.6/1.7 MB
Progress (1): 0.6/1.7 MB
Progress (1): 0.7/1.7 MB
Progress (1): 0.7/1.7 MB
Progress (1): 0.7/1.7 MB
Progress (1): 0.7/1.7 MB
Progress (1): 0.7/1.7 MB
Progress (1): 0.7/1.7 MB
Progress (1): 0.8/1.7 MB
Progress (1): 0.8/1.7 MB
Progress (1): 0.8/1.7 MB
Progress (1): 0.8/1.7 MB
Progress (1): 0.8/1.7 MB
Progress (1): 0.8/1.7 MB
Progress (1): 0.8/1.7 MB
Progress (1): 0.9/1.7 MB
Progress (1): 0.9/1.7 MB
Progress (1): 0.9/1.7 MB
Progress (1): 0.9/1.7 MB
Progress (1): 0.9/1.7 MB
Progress (1): 0.9/1.7 MB
Progress (1): 1.0/1.7 MB
Progress (1): 1.0/1.7 MB
Progress (1): 1.0/1.7 MB
Progress (1): 1.0/1.7 MB
Progress (1): 1.0/1.7 MB
Progress (1): 1.0/1.7 MB
Progress (1): 1.1/1.7 MB
Progress (1): 1.1/1.7 MB
Progress (1): 1.1/1.7 MB
Progress (1): 1.1/1.7 MB
Progress (1): 1.1/1.7 MB
Progress (1): 1.1/1.7 MB
Progress (1): 1.2/1.7 MB
Progress (1): 1.2/1.7 MB
Progress (1): 1.2/1.7 MB
Progress (1): 1.2/1.7 MB
Progress (1): 1.2/1.7 MB
Progress (1): 1.2/1.7 MB
Progress (1): 1.2/1.7 MB
Progress (1): 1.3/1.7 MB
Progress (1): 1.3/1.7 MB
Progress (1): 1.3/1.7 MB
Progress (1): 1.3/1.7 MB
Progress (1): 1.3/1.7 MB
Progress (1): 1.3/1.7 MB
Progress (1): 1.4/1.7 MB
Progress (1): 1.4/1.7 MB
Progress (1): 1.4/1.7 MB
Progress (1): 1.4/1.7 MB
Progress (1): 1.4/1.7 MB
Progress (1): 1.4/1.7 MB
Progress (1): 1.5/1.7 MB
Progress (1): 1.5/1.7 MB
Progress (1): 1.5/1.7 MB
Progress (1): 1.5/1.7 MB
Progress (1): 1.5/1.7 MB
Progress (1): 1.5/1.7 MB
Progress (1): 1.6/1.7 MB
Progress (1): 1.6/1.7 MB
Progress (1): 1.6/1.7 MB
Progress (1): 1.6/1.7 MB
Progress (1): 1.6/1.7 MB
Progress (1): 1.6/1.7 MB
Progress (1): 1.6/1.7 MB
Progress (1): 1.7/1.7 MB
Progress (1): 1.7/1.7 MB
Progress (1): 1.7/1.7 MB
Progress (1): 1.7/1.7 MB
Progress (1): 1.7 MB    
                    
Downloaded from central: https://repo.maven.apache.org/maven2/org/jetbrains/kotlin/kotlin-stdlib/1.9.25/kotlin-stdlib-1.9.25.jar (1.7 MB at 1.5 MB/s)
#15 8.321 [INFO] 
#15 8.322 [INFO] --- clean:3.3.2:clean (default-clean) @ kanha-backend ---
#15 8.427 [INFO] 
#15 8.427 [INFO] --- resources:3.3.1:resources (default-resources) @ kanha-backend ---
#15 8.608 [INFO] Copying 4 resources from src/main/resources to target/classes
#15 8.648 [INFO] Copying 1 resource from src/main/resources to target/classes
#15 8.654 [INFO] 
#15 8.655 [INFO] --- compiler:3.11.0:compile (default-compile) @ kanha-backend ---
#15 8.850 Downloading from central: https://repo.maven.apache.org/maven2/org/projectlombok/lombok-mapstruct-binding/0.2.0/lombok-mapstruct-binding-0.2.0.pom
#15 8.883 Progress (1): 1.2 kB
Progress (1): 1.4 kB
                    
Downloaded from central: https://repo.maven.apache.org/maven2/org/projectlombok/lombok-mapstruct-binding/0.2.0/lombok-mapstruct-binding-0.2.0.pom (1.4 kB at 39 kB/s)
#15 8.891 Downloading from central: https://repo.maven.apache.org/maven2/org/mapstruct/mapstruct-processor/1.5.5.Final/mapstruct-processor-1.5.5.Final.pom
#15 8.930 Progress (1): 1.1 kB
Progress (1): 3.3 kB
                    
Downloaded from central: https://repo.maven.apache.org/maven2/org/mapstruct/mapstruct-processor/1.5.5.Final/mapstruct-processor-1.5.5.Final.pom (3.3 kB at 74 kB/s)
#15 8.951 Downloading from central: https://repo.maven.apache.org/maven2/org/projectlombok/lombok-mapstruct-binding/0.2.0/lombok-mapstruct-binding-0.2.0.jar
#15 8.990 Progress (1): 2.4 kB
                    
Downloaded from central: https://repo.maven.apache.org/maven2/org/projectlombok/lombok-mapstruct-binding/0.2.0/lombok-mapstruct-binding-0.2.0.jar (2.4 kB at 56 kB/s)
#15 9.003 Downloading from central: https://repo.maven.apache.org/maven2/org/mapstruct/mapstruct-processor/1.5.5.Final/mapstruct-processor-1.5.5.Final.jar
#15 9.059 Progress (1): 0/1.9 MB
Progress (1): 0/1.9 MB
Progress (1): 0/1.9 MB
Progress (1): 0/1.9 MB
Progress (1): 0.1/1.9 MB
Progress (1): 0.1/1.9 MB
Progress (1): 0.1/1.9 MB
Progress (1): 0.1/1.9 MB
Progress (1): 0.1/1.9 MB
Progress (1): 0.1/1.9 MB
Progress (1): 0.2/1.9 MB
Progress (1): 0.2/1.9 MB
Progress (1): 0.2/1.9 MB
Progress (1): 0.2/1.9 MB
Progress (1): 0.2/1.9 MB
Progress (1): 0.2/1.9 MB
Progress (1): 0.3/1.9 MB
Progress (1): 0.3/1.9 MB
Progress (1): 0.3/1.9 MB
Progress (1): 0.3/1.9 MB
Progress (1): 0.3/1.9 MB
Progress (1): 0.3/1.9 MB
Progress (1): 0.3/1.9 MB
Progress (1): 0.4/1.9 MB
Progress (1): 0.4/1.9 MB
Progress (1): 0.4/1.9 MB
Progress (1): 0.4/1.9 MB
Progress (1): 0.4/1.9 MB
Progress (1): 0.4/1.9 MB
Progress (1): 0.5/1.9 MB
Progress (1): 0.5/1.9 MB
Progress (1): 0.5/1.9 MB
Progress (1): 0.5/1.9 MB
Progress (1): 0.5/1.9 MB
Progress (1): 0.5/1.9 MB
Progress (1): 0.6/1.9 MB
Progress (1): 0.6/1.9 MB
Progress (1): 0.6/1.9 MB
Progress (1): 0.6/1.9 MB
Progress (1): 0.6/1.9 MB
Progress (1): 0.6/1.9 MB
Progress (1): 0.7/1.9 MB
Progress (1): 0.7/1.9 MB
Progress (1): 0.7/1.9 MB
Progress (1): 0.7/1.9 MB
Progress (1): 0.7/1.9 MB
Progress (1): 0.7/1.9 MB
Progress (1): 0.8/1.9 MB
Progress (1): 0.8/1.9 MB
Progress (1): 0.8/1.9 MB
Progress (1): 0.8/1.9 MB
Progress (1): 0.8/1.9 MB
Progress (1): 0.8/1.9 MB
Progress (1): 0.8/1.9 MB
Progress (1): 0.9/1.9 MB
Progress (1): 0.9/1.9 MB
Progress (1): 0.9/1.9 MB
Progress (1): 0.9/1.9 MB
Progress (1): 0.9/1.9 MB
Progress (1): 0.9/1.9 MB
Progress (1): 0.9/1.9 MB
Progress (1): 1.0/1.9 MB
Progress (1): 1.0/1.9 MB
Progress (1): 1.0/1.9 MB
Progress (1): 1.0/1.9 MB
Progress (1): 1.0/1.9 MB
Progress (1): 1.0/1.9 MB
Progress (1): 1.1/1.9 MB
Progress (1): 1.1/1.9 MB
Progress (1): 1.1/1.9 MB
Progress (1): 1.1/1.9 MB
Progress (1): 1.1/1.9 MB
Progress (1): 1.1/1.9 MB
Progress (1): 1.2/1.9 MB
Progress (1): 1.2/1.9 MB
Progress (1): 1.2/1.9 MB
Progress (1): 1.2/1.9 MB
Progress (1): 1.2/1.9 MB
Progress (1): 1.2/1.9 MB
Progress (1): 1.3/1.9 MB
Progress (1): 1.3/1.9 MB
Progress (1): 1.3/1.9 MB
Progress (1): 1.3/1.9 MB
Progress (1): 1.3/1.9 MB
Progress (1): 1.3/1.9 MB
Progress (1): 1.4/1.9 MB
Progress (1): 1.4/1.9 MB
Progress (1): 1.4/1.9 MB
Progress (1): 1.4/1.9 MB
Progress (1): 1.4/1.9 MB
Progress (1): 1.4/1.9 MB
Progress (1): 1.5/1.9 MB
Progress (1): 1.5/1.9 MB
Progress (1): 1.5/1.9 MB
Progress (1): 1.5/1.9 MB
Progress (1): 1.5/1.9 MB
Progress (1): 1.5/1.9 MB
Progress (1): 1.6/1.9 MB
Progress (1): 1.6/1.9 MB
Progress (1): 1.6/1.9 MB
Progress (1): 1.6/1.9 MB
Progress (1): 1.6/1.9 MB
Progress (1): 1.6/1.9 MB
Progress (1): 1.6/1.9 MB
Progress (1): 1.7/1.9 MB
Progress (1): 1.7/1.9 MB
Progress (1): 1.7/1.9 MB
Progress (1): 1.7/1.9 MB
Progress (1): 1.7/1.9 MB
Progress (1): 1.7/1.9 MB
Progress (1): 1.8/1.9 MB
Progress (1): 1.8/1.9 MB
Progress (1): 1.8/1.9 MB
Progress (1): 1.8/1.9 MB
Progress (1): 1.8/1.9 MB
Progress (1): 1.8/1.9 MB
Progress (1): 1.9/1.9 MB
Progress (1): 1.9/1.9 MB
Progress (1): 1.9/1.9 MB
Progress (1): 1.9/1.9 MB
Progress (1): 1.9 MB    
                    
Downloaded from central: https://repo.maven.apache.org/maven2/org/mapstruct/mapstruct-processor/1.5.5.Final/mapstruct-processor-1.5.5.Final.jar (1.9 MB at 6.3 MB/s)
#15 9.340 [INFO] Changes detected - recompiling the module! :source
#15 9.344 [INFO] Compiling 147 source files with javac [debug release 17] to target/classes
#15 17.67 [INFO] 
#15 17.67 [INFO] --- resources:3.3.1:testResources (default-testResources) @ kanha-backend ---
#15 17.68 [INFO] skip non existing resourceDirectory /app/src/test/resources
#15 17.68 [INFO] 
#15 17.68 [INFO] --- compiler:3.11.0:testCompile (default-testCompile) @ kanha-backend ---
#15 17.70 [INFO] Changes detected - recompiling the module! :dependency
#15 17.70 [INFO] Compiling 4 source files with javac [debug release 17] to target/test-classes
#15 18.95 [INFO] -------------------------------------------------------------
#15 18.95 [ERROR] COMPILATION ERROR : 
#15 18.95 [INFO] -------------------------------------------------------------
#15 18.95 [ERROR] /app/src/test/java/com/kanhacollection/backend/coupon/CouponServiceImplTest.java:[97,59] cannot find symbol
#15 18.95   symbol:   variable FLAT
#15 18.95   location: class com.kanhacollection.backend.coupon.DiscountType
#15 18.95 [ERROR] /app/src/test/java/com/kanhacollection/backend/coupon/CouponServiceImplTest.java:[114,59] cannot find symbol
#15 18.95   symbol:   variable FLAT
#15 18.95   location: class com.kanhacollection.backend.coupon.DiscountType
#15 18.95 [ERROR] /app/src/test/java/com/kanhacollection/backend/coupon/CouponServiceImplTest.java:[180,59] cannot find symbol
#15 18.95   symbol:   variable FLAT
#15 18.95   location: class com.kanhacollection.backend.coupon.DiscountType
#15 18.95 [ERROR] /app/src/test/java/com/kanhacollection/backend/coupon/CouponServiceImplTest.java:[231,49] cannot find symbol
#15 18.95   symbol:   variable FLAT
#15 18.95   location: class com.kanhacollection.backend.coupon.DiscountType
#15 18.95 [ERROR] /app/src/test/java/com/kanhacollection/backend/coupon/CouponServiceImplTest.java:[250,59] cannot find symbol
#15 18.95   symbol:   variable FLAT
#15 18.95   location: class com.kanhacollection.backend.coupon.DiscountType
#15 18.95 [INFO] 5 errors 
#15 18.95 [INFO] -------------------------------------------------------------
#15 18.95 [INFO] ------------------------------------------------------------------------
#15 18.95 [INFO] BUILD FAILURE
#15 18.95 [INFO] ------------------------------------------------------------------------
#15 18.96 [INFO] Total time:  16.806 s
#15 18.96 [INFO] Finished at: 2026-09-17T06:29:13Z
#15 18.96 [INFO] ------------------------------------------------------------------------
#15 18.96 [ERROR] Failed to execute goal org.apache.maven.plugins:maven-compiler-plugin:3.11.0:testCompile (default-testCompile) on project kanha-backend: Compilation failure: Compilation failure: 
#15 18.96 [ERROR] /app/src/test/java/com/kanhacollection/backend/coupon/CouponServiceImplTest.java:[97,59] cannot find symbol
#15 18.96 [ERROR]   symbol:   variable FLAT
#15 18.96 [ERROR]   location: class com.kanhacollection.backend.coupon.DiscountType
#15 18.96 [ERROR] /app/src/test/java/com/kanhacollection/backend/coupon/CouponServiceImplTest.java:[114,59] cannot find symbol
#15 18.96 [ERROR]   symbol:   variable FLAT
#15 18.96 [ERROR]   location: class com.kanhacollection.backend.coupon.DiscountType
#15 18.96 [ERROR] /app/src/test/java/com/kanhacollection/backend/coupon/CouponServiceImplTest.java:[180,59] cannot find symbol
#15 18.96 [ERROR]   symbol:   variable FLAT
#15 18.96 [ERROR]   location: class com.kanhacollection.backend.coupon.DiscountType
#15 18.96 [ERROR] /app/src/test/java/com/kanhacollection/backend/coupon/CouponServiceImplTest.java:[231,49] cannot find symbol
#15 18.96 [ERROR]   symbol:   variable FLAT
#15 18.96 [ERROR]   location: class com.kanhacollection.backend.coupon.DiscountType
#15 18.96 [ERROR] /app/src/test/java/com/kanhacollection/backend/coupon/CouponServiceImplTest.java:[250,59] cannot find symbol
#15 18.96 [ERROR]   symbol:   variable FLAT
#15 18.96 [ERROR]   location: class com.kanhacollection.backend.coupon.DiscountType
#15 18.96 [ERROR] -> [Help 1]
#15 18.96 [ERROR] 
#15 18.96 [ERROR] To see the full stack trace of the errors, re-run Maven with the -e switch.
#15 18.96 [ERROR] Re-run Maven using the -X switch to enable full debug logging.
#15 18.96 [ERROR] 
#15 18.96 [ERROR] For more information about the errors and possible solutions, please read the following articles:
#15 18.96 [ERROR] [Help 1] http://cwiki.apache.org/confluence/display/MAVEN/MojoFailureException
#15 ERROR: process "/bin/sh -c mvn clean package -DskipTests" did not complete successfully: exit code: 1
------
 > [builder 6/6] RUN mvn clean package -DskipTests:
18.96 [ERROR] /app/src/test/java/com/kanhacollection/backend/coupon/CouponServiceImplTest.java:[250,59] cannot find symbol
18.96 [ERROR]   symbol:   variable FLAT
18.96 [ERROR]   location: class com.kanhacollection.backend.coupon.DiscountType
18.96 [ERROR] -> [Help 1]
18.96 [ERROR] 
18.96 [ERROR] To see the full stack trace of the errors, re-run Maven with the -e switch.
18.96 [ERROR] Re-run Maven using the -X switch to enable full debug logging.
18.96 [ERROR] 
18.96 [ERROR] For more information about the errors and possible solutions, please read the following articles:
18.96 [ERROR] [Help 1] http://cwiki.apache.org/confluence/display/MAVEN/MojoFailureException
------
Dockerfile:11

--------------------

   9 |     # Copy source 
code and package application 
jar

  10 |     COPY src ./src

  11 | >>> RUN mvn clean 
package -DskipTests

  12 |     

  13 |     # Stage 2: 
Runtime stage

--------------------

failed to solve: process 
"/bin/sh -c mvn clean 
package -DskipTests" did not 
complete successfully: exit 
code: 1



View build details: docker-de
sktop://dashboard/build/defau
lt/default/i7ziikqf988vjy2511
k7pwame

